ISO-10303-21;
HEADER;
/* Generated by software containing ST-Developer
 * from STEP Tools, Inc. (www.steptools.com) 
 */
/* OPTION: using custom renumber hook */

FILE_DESCRIPTION(
/* description */ ('STEP AP242 Edition 2',
'CAx-IF Rec.Pracs.---Representation and Presentation of Product Manufa
cturing Information (PMI)---4.0---2014-10-13',
'CAx-IF Rec.Pracs.---3D Tessellated Geometry---0.4---2014-09-14','2;1',
'CAx-IF Rec.Pracs.---User Defined Attributes---1.5---2016-08-15'),
/* implementation_level */ '2;1');

FILE_NAME(
/* name */ 'PCB Copy 1',
/* time_stamp */ '2026-09-28T03:01:02Z',
/* author */ (''),
/* organization */ (''),
/* preprocessor_version */ 'ST-DEVELOPER v20',
/* originating_system */ 'ONSHAPE BY PTC INC, 1.221',
/* authorisation */ '  ');

FILE_SCHEMA (('AP242_MANAGED_MODEL_BASED_3D_ENGINEERING_MIM_LF { 1 0 10303 442 3 1 4 }'));
ENDSEC;

DATA;
#10=CYLINDRICAL_SURFACE('',#4154,0.00284542278710312);
#11=SHAPE_REPRESENTATION_RELATIONSHIP('','',#4044,#40);
#12=SHAPE_REPRESENTATION_RELATIONSHIP('','',#4045,#41);
#13=SHAPE_REPRESENTATION_RELATIONSHIP('','',#4046,#42);
#14=SHAPE_REPRESENTATION_RELATIONSHIP('','',#4047,#43);
#15=SHAPE_REPRESENTATION_RELATIONSHIP('','',#4048,#44);
#16=SHAPE_REPRESENTATION_RELATIONSHIP('','',#4049,#45);
#17=SHAPE_REPRESENTATION_RELATIONSHIP('','',#4050,#46);
#18=SHAPE_REPRESENTATION_RELATIONSHIP('','',#4051,#47);
#19=SHAPE_REPRESENTATION_RELATIONSHIP('','',#4052,#48);
#20=SHAPE_REPRESENTATION_RELATIONSHIP('','',#4053,#49);
#21=SHAPE_REPRESENTATION_RELATIONSHIP('','',#4054,#50);
#22=SHAPE_REPRESENTATION_RELATIONSHIP('','',#4055,#51);
#23=SHAPE_REPRESENTATION_RELATIONSHIP('','',#4056,#52);
#24=SHAPE_REPRESENTATION_RELATIONSHIP('','',#4057,#53);
#25=SHAPE_REPRESENTATION_RELATIONSHIP('','',#4058,#54);
#26=SHAPE_REPRESENTATION_RELATIONSHIP('','',#4059,#55);
#27=SHAPE_REPRESENTATION_RELATIONSHIP('','',#4060,#56);
#28=SHAPE_REPRESENTATION_RELATIONSHIP('','',#4061,#57);
#29=SHAPE_REPRESENTATION_RELATIONSHIP('','',#4062,#58);
#30=SHAPE_REPRESENTATION_RELATIONSHIP('','',#4063,#59);
#31=SHAPE_REPRESENTATION_RELATIONSHIP('','',#4064,#60);
#32=SHAPE_REPRESENTATION_RELATIONSHIP('','',#4065,#61);
#33=SHAPE_REPRESENTATION_RELATIONSHIP('','',#4066,#62);
#34=SHAPE_REPRESENTATION_RELATIONSHIP('','',#4067,#63);
#35=SHAPE_REPRESENTATION_RELATIONSHIP('','',#4068,#64);
#36=SHAPE_REPRESENTATION_RELATIONSHIP('','',#4069,#65);
#37=SHAPE_REPRESENTATION_RELATIONSHIP('','',#4070,#66);
#38=SHAPE_REPRESENTATION_RELATIONSHIP('','',#4071,#67);
#39=SHAPE_REPRESENTATION_RELATIONSHIP('','',#4072,#68);
#40=ADVANCED_BREP_SHAPE_REPRESENTATION('',(#3986),#9220);
#41=ADVANCED_BREP_SHAPE_REPRESENTATION('',(#3987),#9221);
#42=ADVANCED_BREP_SHAPE_REPRESENTATION('',(#3988),#9222);
#43=ADVANCED_BREP_SHAPE_REPRESENTATION('',(#3989),#9223);
#44=ADVANCED_BREP_SHAPE_REPRESENTATION('',(#3990),#9224);
#45=ADVANCED_BREP_SHAPE_REPRESENTATION('',(#3991),#9225);
#46=ADVANCED_BREP_SHAPE_REPRESENTATION('',(#3992),#9226);
#47=ADVANCED_BREP_SHAPE_REPRESENTATION('',(#3993),#9227);
#48=ADVANCED_BREP_SHAPE_REPRESENTATION('',(#3994),#9228);
#49=ADVANCED_BREP_SHAPE_REPRESENTATION('',(#3995),#9229);
#50=ADVANCED_BREP_SHAPE_REPRESENTATION('',(#3996),#9230);
#51=ADVANCED_BREP_SHAPE_REPRESENTATION('',(#3997),#9231);
#52=ADVANCED_BREP_SHAPE_REPRESENTATION('',(#3998),#9232);
#53=ADVANCED_BREP_SHAPE_REPRESENTATION('',(#3999),#9233);
#54=ADVANCED_BREP_SHAPE_REPRESENTATION('',(#4000),#9234);
#55=ADVANCED_BREP_SHAPE_REPRESENTATION('',(#4001),#9235);
#56=ADVANCED_BREP_SHAPE_REPRESENTATION('',(#4002),#9236);
#57=ADVANCED_BREP_SHAPE_REPRESENTATION('',(#4003),#9237);
#58=ADVANCED_BREP_SHAPE_REPRESENTATION('',(#4004),#9238);
#59=ADVANCED_BREP_SHAPE_REPRESENTATION('',(#4005),#9239);
#60=ADVANCED_BREP_SHAPE_REPRESENTATION('',(#4006),#9240);
#61=ADVANCED_BREP_SHAPE_REPRESENTATION('',(#4007),#9241);
#62=ADVANCED_BREP_SHAPE_REPRESENTATION('',(#4008),#9242);
#63=ADVANCED_BREP_SHAPE_REPRESENTATION('',(#4009),#9243);
#64=ADVANCED_BREP_SHAPE_REPRESENTATION('',(#4010),#9244);
#65=ADVANCED_BREP_SHAPE_REPRESENTATION('',(#4011),#9245);
#66=ADVANCED_BREP_SHAPE_REPRESENTATION('',(#4012),#9246);
#67=ADVANCED_BREP_SHAPE_REPRESENTATION('',(#4013),#9247);
#68=ADVANCED_BREP_SHAPE_REPRESENTATION('',(#4014),#9248);
#69=B_SPLINE_SURFACE_WITH_KNOTS('',3,1,((#5006,#5007),(#5008,#5009),(#5010,
#5011),(#5012,#5013),(#5014,#5015),(#5016,#5017),(#5018,#5019),(#5020,#5021),
(#5022,#5023),(#5024,#5025)),.SURF_OF_LINEAR_EXTRUSION.,.F.,.F.,.F.,(4,
1,1,1,1,1,1,4),(2,2),(0.896744062359901,0.904066434197247,0.911388806034593,
0.918711177871939,0.926033549709286,0.940678293383978,0.948000665221324,
0.95532303705867),(0.,1.),.UNSPECIFIED.);
#70=B_SPLINE_SURFACE_WITH_KNOTS('',3,1,((#5029,#5030),(#5031,#5032),(#5033,
#5034),(#5035,#5036),(#5037,#5038),(#5039,#5040),(#5041,#5042)),
 .SURF_OF_LINEAR_EXTRUSION.,.F.,.F.,.F.,(4,1,1,1,4),(2,2),(0.,0.0373199923238421,
0.0746399846476841,0.111959976971526,0.149279969295368),(0.,1.),
 .UNSPECIFIED.);
#71=B_SPLINE_SURFACE_WITH_KNOTS('',3,1,((#5044,#5045),(#5046,#5047),(#5048,
#5049),(#5050,#5051)),.SURF_OF_LINEAR_EXTRUSION.,.F.,.F.,.F.,(4,4),(2,2),
(0.906806079113126,0.999874476506535),(0.,1.),.PIECEWISE_BEZIER_KNOTS.);
#72=B_SPLINE_SURFACE_WITH_KNOTS('',3,1,((#5062,#5063),(#5064,#5065),(#5066,
#5067),(#5068,#5069),(#5070,#5071),(#5072,#5073),(#5074,#5075),(#5076,#5077),
(#5078,#5079),(#5080,#5081),(#5082,#5083),(#5084,#5085),(#5086,#5087)),
 .SURF_OF_LINEAR_EXTRUSION.,.F.,.F.,.F.,(4,1,1,1,1,1,1,1,1,1,4),(2,2),(0.194336516727793,
0.211481176508581,0.228625836289369,0.245770496070158,0.254342825960552,
0.262915155850946,0.27148748574134,0.280059815631734,0.297204475412522,
0.314349135193311,0.331493794974099),(0.,1.),.UNSPECIFIED.);
#73=B_SPLINE_SURFACE_WITH_KNOTS('',3,1,((#5113,#5114),(#5115,#5116),(#5117,
#5118),(#5119,#5120)),.SURF_OF_LINEAR_EXTRUSION.,.F.,.F.,.F.,(4,4),(2,2),
(0.510572047802294,0.546629944715001),(0.,1.),.PIECEWISE_BEZIER_KNOTS.);
#74=B_SPLINE_SURFACE_WITH_KNOTS('',3,1,((#5147,#5148),(#5149,#5150),(#5151,
#5152),(#5153,#5154),(#5155,#5156),(#5157,#5158),(#5159,#5160),(#5161,#5162),
(#5163,#5164),(#5165,#5166)),.SURF_OF_LINEAR_EXTRUSION.,.F.,.F.,.F.,(4,
1,1,1,1,1,1,4),(2,2),(0.896744062359901,0.904066434197247,0.911388806034593,
0.918711177871939,0.926033549709286,0.940678293383978,0.948000665221324,
0.95532303705867),(0.,1.),.UNSPECIFIED.);
#75=B_SPLINE_SURFACE_WITH_KNOTS('',3,1,((#5188,#5189),(#5190,#5191),(#5192,
#5193),(#5194,#5195),(#5196,#5197),(#5198,#5199),(#5200,#5201),(#5202,#5203),
(#5204,#5205),(#5206,#5207),(#5208,#5209),(#5210,#5211),(#5212,#5213),(#5214,
#5215),(#5216,#5217),(#5218,#5219),(#5220,#5221),(#5222,#5223),(#5224,#5225)),
 .SURF_OF_LINEAR_EXTRUSION.,.F.,.F.,.F.,(4,1,1,1,1,1,1,1,1,1,1,1,1,1,1,
1,4),(2,2),(0.,0.0447892291928739,0.0895784583857478,0.134367687578622,
0.179156916771496,0.223946145964369,0.268735375157243,0.313524604350117,
0.358313833542991,0.403103062735865,0.447892291928739,0.492681521121613,
0.537470750314487,0.58225997950736,0.627049208700234,0.671838437893108,
0.716627667085982),(0.,1.),.UNSPECIFIED.);
#76=B_SPLINE_SURFACE_WITH_KNOTS('',3,1,((#5262,#5263),(#5264,#5265),(#5266,
#5267),(#5268,#5269),(#5270,#5271),(#5272,#5273),(#5274,#5275),(#5276,#5277)),
 .SURF_OF_LINEAR_EXTRUSION.,.F.,.F.,.F.,(4,1,1,1,1,4),(2,2),(0.900553504838808,
0.925415128629106,0.950276752419404,0.975138376209702,0.987569188104851,
1.),(0.,1.),.UNSPECIFIED.);
#77=B_SPLINE_SURFACE_WITH_KNOTS('',3,1,((#5299,#5300),(#5301,#5302),(#5303,
#5304),(#5305,#5306),(#5307,#5308),(#5309,#5310),(#5311,#5312),(#5313,#5314),
(#5315,#5316),(#5317,#5318),(#5319,#5320),(#5321,#5322),(#5323,#5324),(#5325,
#5326),(#5327,#5328),(#5329,#5330),(#5331,#5332),(#5333,#5334),(#5335,#5336)),
 .SURF_OF_LINEAR_EXTRUSION.,.F.,.F.,.F.,(4,1,1,1,1,1,1,1,1,1,1,1,1,1,1,
1,4),(2,2),(0.,0.0111453797668564,0.0222907595337128,0.0334361393005692,
0.0445815190674256,0.055726898834282,0.0668722786011384,0.0780176583679948,
0.0891630381348512,0.100308417901708,0.111453797668564,0.12259917743542,
0.133744557202277,0.144889936969133,0.15603531673599,0.167180696502846,
0.178326076269702),(0.,1.),.UNSPECIFIED.);
#78=B_SPLINE_SURFACE_WITH_KNOTS('',3,1,((#5362,#5363),(#5364,#5365),(#5366,
#5367),(#5368,#5369)),.SURF_OF_LINEAR_EXTRUSION.,.F.,.F.,.F.,(4,4),(2,2),
(0.95532303705867,1.),(0.,1.),.PIECEWISE_BEZIER_KNOTS.);
#79=B_SPLINE_SURFACE_WITH_KNOTS('',3,1,((#5387,#5388),(#5389,#5390),(#5391,
#5392),(#5393,#5394),(#5395,#5396),(#5397,#5398),(#5399,#5400)),
 .SURF_OF_LINEAR_EXTRUSION.,.F.,.F.,.F.,(4,1,1,1,4),(2,2),(0.716627667085982,
0.764172270092768,0.811716873099553,0.859261476106339,0.906806079113125),
(0.,1.),.UNSPECIFIED.);
#80=B_SPLINE_SURFACE_WITH_KNOTS('',3,1,((#5425,#5426),(#5427,#5428),(#5429,
#5430),(#5431,#5432),(#5433,#5434),(#5435,#5436),(#5437,#5438),(#5439,#5440),
(#5441,#5442),(#5443,#5444),(#5445,#5446),(#5447,#5448),(#5449,#5450),(#5451,
#5452),(#5453,#5454),(#5455,#5456),(#5457,#5458),(#5459,#5460),(#5461,#5462),
(#5463,#5464),(#5465,#5466),(#5467,#5468)),.SURF_OF_LINEAR_EXTRUSION.,.F.,
 .F.,.F.,(4,1,1,1,1,1,1,1,1,1,1,1,1,1,1,1,1,1,1,4),(2,2),(0.331493794974099,
0.373935976446473,0.39515706718266,0.416378157918847,0.42698870328694,0.437599248655034,
0.448209794023127,0.458820339391221,0.480041430127408,0.501262520863595,
0.522483611599782,0.543704702335968,0.564925793072155,0.586146883808342,
0.596757429176436,0.607367974544529,0.617978519912623,0.628589065280716,
0.649810156016903,0.67103124675309),(0.,1.),.UNSPECIFIED.);
#81=B_SPLINE_SURFACE_WITH_KNOTS('',3,1,((#5504,#5505),(#5506,#5507),(#5508,
#5509),(#5510,#5511),(#5512,#5513),(#5514,#5515),(#5516,#5517),(#5518,#5519),
(#5520,#5521),(#5522,#5523),(#5524,#5525),(#5526,#5527),(#5528,#5529),(#5530,
#5531),(#5532,#5533),(#5534,#5535)),.SURF_OF_LINEAR_EXTRUSION.,.F.,.F.,
 .F.,(4,1,1,1,1,1,1,1,1,1,1,1,1,4),(2,2),(0.546629944715001,0.561347400292354,
0.56870612808103,0.576064855869707,0.583423583658383,0.59078231144706,0.598141039235736,
0.605499767024413,0.612858494813089,0.620217222601766,0.627575950390442,
0.634934678179119,0.649652133756472,0.664369589333825),(0.,1.),
 .UNSPECIFIED.);
#82=B_SPLINE_SURFACE_WITH_KNOTS('',3,1,((#5557,#5558),(#5559,#5560),(#5561,
#5562),(#5563,#5564),(#5565,#5566),(#5567,#5568),(#5569,#5570),(#5571,#5572),
(#5573,#5574),(#5575,#5576),(#5577,#5578),(#5579,#5580),(#5581,#5582),(#5583,
#5584),(#5585,#5586)),.SURF_OF_LINEAR_EXTRUSION.,.F.,.F.,.F.,(4,1,1,1,1,
1,1,1,1,1,1,1,4),(2,2),(0.149279969295398,0.172056697505244,0.194833425715089,
0.217610153924935,0.228998518029858,0.24038688213478,0.251775246239703,
0.263163610344626,0.274551974449549,0.285940338554471,0.297328702659394,
0.308717066764317,0.331493794974162),(0.,1.),.UNSPECIFIED.);
#83=B_SPLINE_SURFACE_WITH_KNOTS('',3,1,((#5617,#5618),(#5619,#5620),(#5621,
#5622),(#5623,#5624),(#5625,#5626),(#5627,#5628),(#5629,#5630),(#5631,#5632)),
 .SURF_OF_LINEAR_EXTRUSION.,.F.,.F.,.F.,(4,1,1,1,1,4),(2,2),(0.83989656964849,
0.854108442826343,0.86121437941527,0.868320316004196,0.882532189182049,
0.896744062359902),(0.,1.),.UNSPECIFIED.);
#84=B_SPLINE_SURFACE_WITH_KNOTS('',3,1,((#5652,#5653),(#5654,#5655),(#5656,
#5657),(#5658,#5659),(#5660,#5661),(#5662,#5663),(#5664,#5665)),
 .SURF_OF_LINEAR_EXTRUSION.,.F.,.F.,.F.,(4,1,1,1,4),(2,2),(0.,0.031028180946293,
0.062056361892586,0.093084542838879,0.124112723785172),(0.,1.),
 .UNSPECIFIED.);
#85=B_SPLINE_SURFACE_WITH_KNOTS('',3,1,((#5684,#5685),(#5686,#5687),(#5688,
#5689),(#5690,#5691),(#5692,#5693),(#5694,#5695),(#5696,#5697),(#5698,#5699),
(#5700,#5701),(#5702,#5703),(#5704,#5705),(#5706,#5707),(#5708,#5709),(#5710,
#5711),(#5712,#5713),(#5714,#5715),(#5716,#5717),(#5718,#5719),(#5720,#5721)),
 .SURF_OF_LINEAR_EXTRUSION.,.F.,.F.,.F.,(4,1,1,1,1,1,1,1,1,1,1,1,1,1,1,
1,4),(2,2),(0.,0.0509106529191549,0.10182130583831,0.152731958757465,0.203642611676619,
0.254553264595774,0.305463917514929,0.356374570434084,0.407285223353239,
0.458195876272394,0.509106529191549,0.560017182110704,0.610927835029858,
0.661838487949013,0.712749140868168,0.763659793787323,0.814570446706478),
(0.,1.),.UNSPECIFIED.);
#86=B_SPLINE_SURFACE_WITH_KNOTS('',3,1,((#5751,#5752),(#5753,#5754),(#5755,
#5756),(#5757,#5758)),.SURF_OF_LINEAR_EXTRUSION.,.F.,.F.,.F.,(4,4),(2,2),
(0.814786384994292,0.846803628003388),(0.,1.),.PIECEWISE_BEZIER_KNOTS.);
#87=B_SPLINE_SURFACE_WITH_KNOTS('',3,1,((#5794,#5795),(#5796,#5797),(#5798,
#5799),(#5800,#5801),(#5802,#5803),(#5804,#5805),(#5806,#5807)),
 .SURF_OF_LINEAR_EXTRUSION.,.F.,.F.,.F.,(4,1,1,1,4),(2,2),(0.364496902129024,
0.37614986822081,0.387802834312596,0.399455800404382,0.411108766496168),
(0.,1.),.UNSPECIFIED.);
#88=B_SPLINE_SURFACE_WITH_KNOTS('',3,1,((#5831,#5832),(#5833,#5834),(#5835,
#5836),(#5837,#5838),(#5839,#5840),(#5841,#5842),(#5843,#5844),(#5845,#5846),
(#5847,#5848),(#5849,#5850),(#5851,#5852),(#5853,#5854),(#5855,#5856),(#5857,
#5858),(#5859,#5860),(#5861,#5862)),.SURF_OF_LINEAR_EXTRUSION.,.F.,.F.,
 .F.,(4,1,1,1,1,1,1,1,1,1,1,1,1,4),(2,2),(0.239901785696576,0.255482644803634,
0.263273074357164,0.271063503910693,0.278853933464222,0.286644363017751,
0.29443479257128,0.302225222124809,0.310015651678338,0.317806081231868,
0.333386940338926,0.341177369892455,0.348967799445984,0.364548658553043),
(0.,1.),.UNSPECIFIED.);
#89=B_SPLINE_SURFACE_WITH_KNOTS('',3,1,((#5892,#5893),(#5894,#5895),(#5896,
#5897),(#5898,#5899),(#5900,#5901),(#5902,#5903)),
 .SURF_OF_LINEAR_EXTRUSION.,.F.,.F.,.F.,(4,1,1,4),(2,2),(0.664369589333825,
0.699779572235001,0.717484563685589,0.735189555136177),(0.,1.),
 .UNSPECIFIED.);
#90=B_SPLINE_SURFACE_WITH_KNOTS('',3,1,((#5926,#5927),(#5928,#5929),(#5930,
#5931),(#5932,#5933),(#5934,#5935),(#5936,#5937),(#5938,#5939),(#5940,#5941),
(#5942,#5943),(#5944,#5945),(#5946,#5947),(#5948,#5949),(#5950,#5951),(#5952,
#5953),(#5954,#5955)),.SURF_OF_LINEAR_EXTRUSION.,.F.,.F.,.F.,(4,1,1,1,1,
1,1,1,1,1,1,1,4),(2,2),(0.671031246753193,0.691553786877317,0.712076327001441,
0.732598867125565,0.753121407249689,0.794166487497937,0.835211567746186,
0.85573410787031,0.876256647994434,0.896779188118558,0.917301728242682,
0.95834680849093,0.999391888739178),(0.,1.),.UNSPECIFIED.);
#91=B_SPLINE_SURFACE_WITH_KNOTS('',3,1,((#5987,#5988),(#5989,#5990),(#5991,
#5992),(#5993,#5994),(#5995,#5996),(#5997,#5998),(#5999,#6000),(#6001,#6002),
(#6003,#6004)),.SURF_OF_LINEAR_EXTRUSION.,.F.,.F.,.F.,(4,1,1,1,1,1,4),(2,
2),(0.0284471239535974,0.271335342965198,0.514223561976799,0.635667671482599,
0.757111780988399,0.8785558904942,1.),(0.,1.),.UNSPECIFIED.);
#92=B_SPLINE_SURFACE_WITH_KNOTS('',3,1,((#6030,#6031),(#6032,#6033),(#6034,
#6035),(#6036,#6037),(#6038,#6039),(#6040,#6041),(#6042,#6043),(#6044,#6045),
(#6046,#6047)),.SURF_OF_LINEAR_EXTRUSION.,.F.,.F.,.F.,(4,1,1,1,1,1,4),(2,
2),(0.0284471239535953,0.271335342965196,0.514223561976798,0.635667671482598,
0.757111780988399,0.878555890494199,1.),(0.,1.),.UNSPECIFIED.);
#93=B_SPLINE_SURFACE_WITH_KNOTS('',3,1,((#6073,#6074),(#6075,#6076),(#6077,
#6078),(#6079,#6080),(#6081,#6082),(#6083,#6084),(#6085,#6086),(#6087,#6088),
(#6089,#6090),(#6091,#6092),(#6093,#6094),(#6095,#6096),(#6097,#6098),(#6099,
#6100),(#6101,#6102)),.SURF_OF_LINEAR_EXTRUSION.,.F.,.F.,.F.,(4,1,1,1,1,
1,1,1,1,1,1,1,4),(2,2),(0.671031246753193,0.691553786877317,0.712076327001441,
0.732598867125565,0.753121407249689,0.794166487497937,0.835211567746185,
0.855734107870309,0.876256647994433,0.896779188118557,0.917301728242681,
0.958346808490929,0.999391888739177),(0.,1.),.UNSPECIFIED.);
#94=B_SPLINE_SURFACE_WITH_KNOTS('',3,1,((#6155,#6156),(#6157,#6158),(#6159,
#6160),(#6161,#6162),(#6163,#6164),(#6165,#6166),(#6167,#6168),(#6169,#6170),
(#6171,#6172),(#6173,#6174),(#6175,#6176),(#6177,#6178),(#6179,#6180)),
 .SURF_OF_LINEAR_EXTRUSION.,.F.,.F.,.F.,(4,1,1,1,1,1,1,1,1,1,4),(2,2),(0.735189555136177,
0.748277931950216,0.761366308764255,0.774454685578294,0.787543062392334,
0.794087250799353,0.800631439206373,0.813719816020412,0.820264004427431,
0.826808192834451,0.83989656964849),(0.,1.),.UNSPECIFIED.);
#95=B_SPLINE_SURFACE_WITH_KNOTS('',3,1,((#6198,#6199),(#6200,#6201),(#6202,
#6203),(#6204,#6205),(#6206,#6207),(#6208,#6209),(#6210,#6211),(#6212,#6213),
(#6214,#6215),(#6216,#6217),(#6218,#6219),(#6220,#6221),(#6222,#6223),(#6224,
#6225),(#6226,#6227),(#6228,#6229),(#6230,#6231),(#6232,#6233),(#6234,#6235),
(#6236,#6237),(#6238,#6239),(#6240,#6241),(#6242,#6243),(#6244,#6245),(#6246,
#6247),(#6248,#6249),(#6250,#6251),(#6252,#6253),(#6254,#6255),(#6256,#6257),
(#6258,#6259),(#6260,#6261),(#6262,#6263),(#6264,#6265),(#6266,#6267),(#6268,
#6269),(#6270,#6271),(#6272,#6273),(#6274,#6275),(#6276,#6277),(#6278,#6279),
(#6280,#6281),(#6282,#6283),(#6284,#6285),(#6286,#6287),(#6288,#6289),(#6290,
#6291),(#6292,#6293),(#6294,#6295),(#6296,#6297),(#6298,#6299),(#6300,#6301),
(#6302,#6303),(#6304,#6305),(#6306,#6307),(#6308,#6309),(#6310,#6311)),
 .SURF_OF_LINEAR_EXTRUSION.,.F.,.F.,.F.,(4,1,1,1,1,1,1,1,1,1,1,1,1,1,1,
1,1,1,1,1,1,1,1,1,1,1,1,1,1,1,1,1,1,1,1,1,1,1,1,1,1,1,1,1,1,1,1,1,1,1,1,
1,1,1,4),(2,2),(0.124195500313277,0.1484566879547,0.172717875596123,0.184848469416834,
0.196979063237546,0.209109657058257,0.221240250878968,0.23337084469968,
0.245501438520391,0.257632032341103,0.269762626161814,0.281893219982526,
0.294023813803237,0.306154407623949,0.31828500144466,0.342546189086083,
0.366807376727506,0.391068564368929,0.40319915818964,0.415329752010351,
0.427460345831063,0.439590939651774,0.451721533472486,0.463852127293197,
0.48811331493462,0.512374502576043,0.536635690217466,0.560896877858889,
0.5730274716796,0.585158065500312,0.597288659321023,0.609419253141735,0.61548455005209,
0.621549846962446,0.627615143872802,0.633680440783157,0.639745737693513,
0.645811034603869,0.65794162842458,0.664006925334936,0.670072222245292,
0.682202816066003,0.694333409886715,0.706464003707426,0.718594597528137,
0.730725191348849,0.754986378990272,0.779247566631695,0.791378160452406,
0.803508754273118,0.815639348093829,0.82776994191454,0.852031129555963,
0.876292317197386,0.900553504838809),(0.,1.),.UNSPECIFIED.);
#96=B_SPLINE_SURFACE_WITH_KNOTS('',3,1,((#6396,#6397),(#6398,#6399),(#6400,
#6401),(#6402,#6403),(#6404,#6405),(#6406,#6407)),
 .SURF_OF_LINEAR_EXTRUSION.,.F.,.F.,.F.,(4,1,1,4),(2,2),(0.178326076269702,
0.193720003626421,0.209113930983139,0.239901785696575),(0.,1.),
 .UNSPECIFIED.);
#97=B_SPLINE_SURFACE_WITH_KNOTS('',3,1,((#6427,#6428),(#6429,#6430),(#6431,
#6432),(#6433,#6434),(#6435,#6436),(#6437,#6438),(#6439,#6440),(#6441,#6442),
(#6443,#6444),(#6445,#6446),(#6447,#6448),(#6449,#6450),(#6451,#6452)),
 .SURF_OF_LINEAR_EXTRUSION.,.F.,.F.,.F.,(4,1,1,1,1,1,1,1,1,1,4),(2,2),(0.194336516727829,
0.211481176508621,0.228625836289413,0.245770496070204,0.2543428259606,0.262915155850996,
0.271487485741391,0.280059815631787,0.297204475412579,0.31434913519337,
0.331493794974162),(0.,1.),.UNSPECIFIED.);
#98=B_SPLINE_SURFACE_WITH_KNOTS('',3,1,((#6481,#6482),(#6483,#6484),(#6485,
#6486),(#6487,#6488)),.SURF_OF_LINEAR_EXTRUSION.,.F.,.F.,.F.,(4,4),(2,2),
(0.510572047802294,0.546629944715001),(0.,1.),.PIECEWISE_BEZIER_KNOTS.);
#99=B_SPLINE_SURFACE_WITH_KNOTS('',3,1,((#6515,#6516),(#6517,#6518),(#6519,
#6520),(#6521,#6522),(#6523,#6524),(#6525,#6526),(#6527,#6528),(#6529,#6530),
(#6531,#6532),(#6533,#6534),(#6535,#6536)),.SURF_OF_LINEAR_EXTRUSION.,.F.,
 .F.,.F.,(4,1,1,1,1,1,1,1,4),(2,2),(0.411165484599762,0.423591305000079,
0.436017125400395,0.448442945800712,0.460868766201028,0.473294586601344,
0.485720407001661,0.498146227401978,0.510572047802294),(0.,1.),
 .UNSPECIFIED.);
#100=B_SPLINE_SURFACE_WITH_KNOTS('',3,1,((#6566,#6567),(#6568,#6569),(#6570,
#6571),(#6572,#6573)),.SURF_OF_LINEAR_EXTRUSION.,.F.,.F.,.F.,(4,4),(2,2),
(0.510572047802294,0.546629944715001),(0.,1.),.PIECEWISE_BEZIER_KNOTS.);
#101=B_SPLINE_SURFACE_WITH_KNOTS('',3,1,((#6606,#6607),(#6608,#6609),(#6610,
#6611),(#6612,#6613),(#6614,#6615),(#6616,#6617)),
 .SURF_OF_LINEAR_EXTRUSION.,.F.,.F.,.F.,(4,1,1,4),(2,2),(0.664369589333825,
0.699779572235001,0.717484563685589,0.735189555136177),(0.,1.),
 .UNSPECIFIED.);
#102=B_SPLINE_SURFACE_WITH_KNOTS('',3,1,((#6649,#6650),(#6651,#6652),(#6653,
#6654),(#6655,#6656),(#6657,#6658),(#6659,#6660),(#6661,#6662),(#6663,#6664)),
 .SURF_OF_LINEAR_EXTRUSION.,.F.,.F.,.F.,(4,1,1,1,1,4),(2,2),(0.83989656964849,
0.854108442826343,0.861214379415269,0.868320316004195,0.882532189182048,
0.896744062359901),(0.,1.),.UNSPECIFIED.);
#103=B_SPLINE_SURFACE_WITH_KNOTS('',3,1,((#6696,#6697),(#6698,#6699),(#6700,
#6701),(#6702,#6703)),.SURF_OF_LINEAR_EXTRUSION.,.F.,.F.,.F.,(4,4),(2,2),
(0.95532303705867,1.),(0.,1.),.PIECEWISE_BEZIER_KNOTS.);
#104=B_SPLINE_SURFACE_WITH_KNOTS('',3,1,((#6715,#6716),(#6717,#6718),(#6719,
#6720),(#6721,#6722),(#6723,#6724),(#6725,#6726),(#6727,#6728),(#6729,#6730),
(#6731,#6732),(#6733,#6734),(#6735,#6736),(#6737,#6738),(#6739,#6740),(#6741,
#6742),(#6743,#6744),(#6745,#6746),(#6747,#6748),(#6749,#6750),(#6751,#6752)),
 .SURF_OF_LINEAR_EXTRUSION.,.F.,.F.,.F.,(4,1,1,1,1,1,1,1,1,1,1,1,1,1,1,
1,4),(2,2),(0.,0.0111453797668564,0.0222907595337128,0.0334361393005692,
0.0445815190674256,0.055726898834282,0.0668722786011384,0.0780176583679948,
0.0891630381348512,0.100308417901708,0.111453797668564,0.12259917743542,
0.133744557202277,0.144889936969133,0.15603531673599,0.167180696502846,
0.178326076269702),(0.,1.),.UNSPECIFIED.);
#105=B_SPLINE_SURFACE_WITH_KNOTS('',3,1,((#6796,#6797),(#6798,#6799),(#6800,
#6801),(#6802,#6803),(#6804,#6805),(#6806,#6807),(#6808,#6809),(#6810,#6811),
(#6812,#6813),(#6814,#6815),(#6816,#6817),(#6818,#6819),(#6820,#6821),(#6822,
#6823),(#6824,#6825),(#6826,#6827)),.SURF_OF_LINEAR_EXTRUSION.,.F.,.F.,
 .F.,(4,1,1,1,1,1,1,1,1,1,1,1,1,4),(2,2),(0.239901785696575,0.255476175250632,
0.26326337002766,0.271050564804688,0.278837759581716,0.286624954358744,
0.294412149135772,0.3021993439128,0.309986538689828,0.317773733466856,0.333348123020912,
0.34113531779794,0.348922512574968,0.364496902129024),(0.,1.),
 .UNSPECIFIED.);
#106=B_SPLINE_SURFACE_WITH_KNOTS('',3,1,((#6851,#6852),(#6853,#6854),(#6855,
#6856),(#6857,#6858),(#6859,#6860),(#6861,#6862),(#6863,#6864)),
 .SURF_OF_LINEAR_EXTRUSION.,.F.,.F.,.F.,(4,1,1,1,4),(2,2),(0.364548658553043,
0.376202865064723,0.387857071576402,0.399511278088082,0.411165484599762),
(0.,1.),.UNSPECIFIED.);
#107=B_SPLINE_SURFACE_WITH_KNOTS('',3,1,((#6936,#6937),(#6938,#6939),(#6940,
#6941),(#6942,#6943),(#6944,#6945),(#6946,#6947),(#6948,#6949),(#6950,#6951),
(#6952,#6953),(#6954,#6955),(#6956,#6957),(#6958,#6959),(#6960,#6961),(#6962,
#6963),(#6964,#6965),(#6966,#6967),(#6968,#6969),(#6970,#6971),(#6972,#6973)),
 .SURF_OF_LINEAR_EXTRUSION.,.F.,.F.,.F.,(4,1,1,1,1,1,1,1,1,1,1,1,1,1,1,
1,4),(2,2),(0.,0.0529252267502117,0.105850453500423,0.158775680250635,0.211700907000847,
0.264626133751059,0.31755136050127,0.370476587251482,0.423401814001694,
0.476327040751906,0.529252267502117,0.582177494252329,0.635102721002541,
0.688027947752753,0.740953174502964,0.793878401253176,0.846803628003388),
(0.,1.),.UNSPECIFIED.);
#108=B_SPLINE_SURFACE_WITH_KNOTS('',3,1,((#7012,#7013),(#7014,#7015),(#7016,
#7017),(#7018,#7019),(#7020,#7021),(#7022,#7023),(#7024,#7025),(#7026,#7027),
(#7028,#7029),(#7030,#7031),(#7032,#7033),(#7034,#7035),(#7036,#7037),(#7038,
#7039),(#7040,#7041),(#7042,#7043),(#7044,#7045),(#7046,#7047),(#7048,#7049)),
 .SURF_OF_LINEAR_EXTRUSION.,.F.,.F.,.F.,(4,1,1,1,1,1,1,1,1,1,1,1,1,1,1,
1,4),(2,2),(0.239901785696576,0.250605766878025,0.261309748059474,0.272013729240923,
0.282717710422372,0.293421691603822,0.304125672785271,0.31482965396672,
0.325533635148169,0.336237616329618,0.346941597511067,0.357645578692516,
0.368349559873966,0.379053541055415,0.389757522236864,0.400461503418313,
0.411165484599762),(0.,1.),.UNSPECIFIED.);
#109=B_SPLINE_SURFACE_WITH_KNOTS('',3,1,((#7079,#7080),(#7081,#7082),(#7083,
#7084),(#7085,#7086),(#7087,#7088),(#7089,#7090),(#7091,#7092)),
 .SURF_OF_LINEAR_EXTRUSION.,.F.,.F.,.F.,(4,1,1,1,4),(2,2),(0.,0.0310488750783191,
0.0620977501566383,0.0931466252349575,0.124195500313277),(0.,1.),
 .UNSPECIFIED.);
#110=B_SPLINE_SURFACE_WITH_KNOTS('',3,1,((#7117,#7118),(#7119,#7120),(#7121,
#7122),(#7123,#7124),(#7125,#7126),(#7127,#7128),(#7129,#7130),(#7131,#7132),
(#7133,#7134),(#7135,#7136),(#7137,#7138),(#7139,#7140),(#7141,#7142),(#7143,
#7144),(#7145,#7146),(#7147,#7148)),.SURF_OF_LINEAR_EXTRUSION.,.F.,.F.,
 .F.,(4,1,1,1,1,1,1,1,1,1,1,1,1,4),(2,2),(0.546629944715001,0.561347400292354,
0.56870612808103,0.576064855869707,0.583423583658383,0.59078231144706,0.598141039235736,
0.605499767024413,0.612858494813089,0.620217222601766,0.627575950390442,
0.634934678179119,0.649652133756472,0.664369589333825),(0.,1.),
 .UNSPECIFIED.);
#111=B_SPLINE_SURFACE_WITH_KNOTS('',3,1,((#7182,#7183),(#7184,#7185),(#7186,
#7187),(#7188,#7189),(#7190,#7191),(#7192,#7193)),
 .SURF_OF_LINEAR_EXTRUSION.,.F.,.F.,.F.,(4,1,1,4),(2,2),(0.178326076269702,
0.193720003626421,0.209113930983139,0.239901785696575),(0.,1.),
 .UNSPECIFIED.);
#112=B_SPLINE_SURFACE_WITH_KNOTS('',3,1,((#7327,#7328),(#7329,#7330),(#7331,
#7332),(#7333,#7334),(#7335,#7336),(#7337,#7338)),
 .SURF_OF_LINEAR_EXTRUSION.,.F.,.F.,.F.,(4,1,1,4),(2,2),(0.178326076269702,
0.193720003626421,0.209113930983139,0.239901785696575),(0.,1.),
 .UNSPECIFIED.);
#113=B_SPLINE_SURFACE_WITH_KNOTS('',3,1,((#7342,#7343),(#7344,#7345),(#7346,
#7347),(#7348,#7349),(#7350,#7351),(#7352,#7353),(#7354,#7355),(#7356,#7357),
(#7358,#7359),(#7360,#7361),(#7362,#7363),(#7364,#7365),(#7366,#7367),(#7368,
#7369),(#7370,#7371),(#7372,#7373),(#7374,#7375),(#7376,#7377),(#7378,#7379),
(#7380,#7381),(#7382,#7383),(#7384,#7385),(#7386,#7387),(#7388,#7389),(#7390,
#7391),(#7392,#7393),(#7394,#7395),(#7396,#7397),(#7398,#7399),(#7400,#7401),
(#7402,#7403),(#7404,#7405),(#7406,#7407),(#7408,#7409),(#7410,#7411),(#7412,
#7413),(#7414,#7415),(#7416,#7417),(#7418,#7419),(#7420,#7421),(#7422,#7423),
(#7424,#7425),(#7426,#7427),(#7428,#7429),(#7430,#7431),(#7432,#7433),(#7434,
#7435),(#7436,#7437),(#7438,#7439),(#7440,#7441),(#7442,#7443),(#7444,#7445),
(#7446,#7447),(#7448,#7449),(#7450,#7451),(#7452,#7453),(#7454,#7455)),
 .SURF_OF_LINEAR_EXTRUSION.,.F.,.F.,.F.,(4,1,1,1,1,1,1,1,1,1,1,1,1,1,1,
1,1,1,1,1,1,1,1,1,1,1,1,1,1,1,1,1,1,1,1,1,1,1,1,1,1,1,1,1,1,1,1,1,1,1,1,
1,1,1,4),(2,2),(0.124195500313277,0.1484566879547,0.172717875596123,0.184848469416834,
0.196979063237546,0.209109657058257,0.221240250878968,0.23337084469968,
0.245501438520391,0.257632032341103,0.269762626161814,0.281893219982526,
0.294023813803237,0.306154407623949,0.31828500144466,0.342546189086083,
0.366807376727506,0.391068564368929,0.40319915818964,0.415329752010351,
0.427460345831063,0.439590939651774,0.451721533472486,0.463852127293197,
0.48811331493462,0.512374502576043,0.536635690217466,0.560896877858889,
0.5730274716796,0.585158065500312,0.597288659321023,0.609419253141735,0.61548455005209,
0.621549846962446,0.627615143872802,0.633680440783157,0.639745737693513,
0.645811034603869,0.65794162842458,0.664006925334936,0.670072222245292,
0.682202816066003,0.694333409886715,0.706464003707426,0.718594597528137,
0.730725191348849,0.754986378990272,0.779247566631695,0.791378160452406,
0.803508754273118,0.815639348093829,0.82776994191454,0.852031129555963,
0.876292317197386,0.900553504838809),(0.,1.),.UNSPECIFIED.);
#114=B_SPLINE_SURFACE_WITH_KNOTS('',3,1,((#7457,#7458),(#7459,#7460),(#7461,
#7462),(#7463,#7464),(#7465,#7466),(#7467,#7468)),
 .SURF_OF_LINEAR_EXTRUSION.,.F.,.F.,.F.,(4,1,1,4),(2,2),(0.664369589333825,
0.699779572235001,0.717484563685589,0.735189555136177),(0.,1.),
 .UNSPECIFIED.);
#115=B_SPLINE_SURFACE_WITH_KNOTS('',3,1,((#7491,#7492),(#7493,#7494),(#7495,
#7496),(#7497,#7498),(#7499,#7500),(#7501,#7502),(#7503,#7504),(#7505,#7506),
(#7507,#7508),(#7509,#7510),(#7511,#7512),(#7513,#7514),(#7515,#7516),(#7517,
#7518),(#7519,#7520)),.SURF_OF_LINEAR_EXTRUSION.,.F.,.F.,.F.,(4,1,1,1,1,
1,1,1,1,1,1,1,4),(2,2),(0.671031246753193,0.691553786877317,0.712076327001441,
0.732598867125565,0.753121407249689,0.794166487497937,0.835211567746186,
0.85573410787031,0.876256647994434,0.896779188118558,0.917301728242682,
0.95834680849093,0.999391888739178),(0.,1.),.UNSPECIFIED.);
#116=B_SPLINE_SURFACE_WITH_KNOTS('',3,1,((#7552,#7553),(#7554,#7555),(#7556,
#7557),(#7558,#7559),(#7560,#7561),(#7562,#7563),(#7564,#7565),(#7566,#7567),
(#7568,#7569)),.SURF_OF_LINEAR_EXTRUSION.,.F.,.F.,.F.,(4,1,1,1,1,1,4),(2,
2),(0.0284471239535974,0.271335342965198,0.514223561976799,0.635667671482599,
0.757111780988399,0.8785558904942,1.),(0.,1.),.UNSPECIFIED.);
#117=B_SPLINE_SURFACE_WITH_KNOTS('',3,1,((#7595,#7596),(#7597,#7598),(#7599,
#7600),(#7601,#7602),(#7603,#7604),(#7605,#7606),(#7607,#7608),(#7609,#7610),
(#7611,#7612)),.SURF_OF_LINEAR_EXTRUSION.,.F.,.F.,.F.,(4,1,1,1,1,1,4),(2,
2),(0.0284471239535953,0.271335342965196,0.514223561976798,0.635667671482598,
0.757111780988399,0.878555890494199,1.),(0.,1.),.UNSPECIFIED.);
#118=B_SPLINE_SURFACE_WITH_KNOTS('',3,1,((#7638,#7639),(#7640,#7641),(#7642,
#7643),(#7644,#7645),(#7646,#7647),(#7648,#7649),(#7650,#7651),(#7652,#7653),
(#7654,#7655),(#7656,#7657),(#7658,#7659),(#7660,#7661),(#7662,#7663),(#7664,
#7665),(#7666,#7667)),.SURF_OF_LINEAR_EXTRUSION.,.F.,.F.,.F.,(4,1,1,1,1,
1,1,1,1,1,1,1,4),(2,2),(0.671031246753193,0.691553786877317,0.712076327001441,
0.732598867125565,0.753121407249689,0.794166487497937,0.835211567746185,
0.855734107870309,0.876256647994433,0.896779188118557,0.917301728242681,
0.958346808490929,0.999391888739177),(0.,1.),.UNSPECIFIED.);
#119=B_SPLINE_SURFACE_WITH_KNOTS('',3,1,((#7699,#7700),(#7701,#7702),(#7703,
#7704),(#7705,#7706),(#7707,#7708),(#7709,#7710),(#7711,#7712),(#7713,#7714),
(#7715,#7716),(#7717,#7718),(#7719,#7720),(#7721,#7722),(#7723,#7724),(#7725,
#7726),(#7727,#7728),(#7729,#7730),(#7731,#7732),(#7733,#7734),(#7735,#7736)),
 .SURF_OF_LINEAR_EXTRUSION.,.F.,.F.,.F.,(4,1,1,1,1,1,1,1,1,1,1,1,1,1,1,
1,4),(2,2),(0.,0.0447892291928739,0.0895784583857478,0.134367687578622,
0.179156916771496,0.223946145964369,0.268735375157243,0.313524604350117,
0.358313833542991,0.403103062735865,0.447892291928739,0.492681521121613,
0.537470750314487,0.58225997950736,0.627049208700234,0.671838437893108,
0.716627667085982),(0.,1.),.UNSPECIFIED.);
#120=B_SPLINE_SURFACE_WITH_KNOTS('',3,1,((#7773,#7774),(#7775,#7776),(#7777,
#7778),(#7779,#7780),(#7781,#7782),(#7783,#7784),(#7785,#7786),(#7787,#7788)),
 .SURF_OF_LINEAR_EXTRUSION.,.F.,.F.,.F.,(4,1,1,1,1,4),(2,2),(0.900553504838808,
0.925415128629106,0.950276752419404,0.975138376209702,0.987569188104851,
1.),(0.,1.),.UNSPECIFIED.);
#121=B_SPLINE_SURFACE_WITH_KNOTS('',3,1,((#7810,#7811),(#7812,#7813),(#7814,
#7815),(#7816,#7817),(#7818,#7819),(#7820,#7821),(#7822,#7823),(#7824,#7825),
(#7826,#7827),(#7828,#7829),(#7830,#7831),(#7832,#7833),(#7834,#7835),(#7836,
#7837),(#7838,#7839),(#7840,#7841),(#7842,#7843),(#7844,#7845),(#7846,#7847)),
 .SURF_OF_LINEAR_EXTRUSION.,.F.,.F.,.F.,(4,1,1,1,1,1,1,1,1,1,1,1,1,1,1,
1,4),(2,2),(0.,0.0111453797668564,0.0222907595337128,0.0334361393005692,
0.0445815190674256,0.055726898834282,0.0668722786011384,0.0780176583679948,
0.0891630381348512,0.100308417901708,0.111453797668564,0.12259917743542,
0.133744557202277,0.144889936969133,0.15603531673599,0.167180696502846,
0.178326076269702),(0.,1.),.UNSPECIFIED.);
#122=B_SPLINE_SURFACE_WITH_KNOTS('',3,1,((#7873,#7874),(#7875,#7876),(#7877,
#7878),(#7879,#7880)),.SURF_OF_LINEAR_EXTRUSION.,.F.,.F.,.F.,(4,4),(2,2),
(0.95532303705867,1.),(0.,1.),.PIECEWISE_BEZIER_KNOTS.);
#123=B_SPLINE_SURFACE_WITH_KNOTS('',3,1,((#7898,#7899),(#7900,#7901),(#7902,
#7903),(#7904,#7905),(#7906,#7907),(#7908,#7909),(#7910,#7911)),
 .SURF_OF_LINEAR_EXTRUSION.,.F.,.F.,.F.,(4,1,1,1,4),(2,2),(0.716627667085982,
0.764172270092768,0.811716873099553,0.859261476106339,0.906806079113125),
(0.,1.),.UNSPECIFIED.);
#124=B_SPLINE_SURFACE_WITH_KNOTS('',3,1,((#7927,#7928),(#7929,#7930),(#7931,
#7932),(#7933,#7934),(#7935,#7936),(#7937,#7938),(#7939,#7940),(#7941,#7942),
(#7943,#7944),(#7945,#7946),(#7947,#7948),(#7949,#7950),(#7951,#7952),(#7953,
#7954),(#7955,#7956),(#7957,#7958),(#7959,#7960),(#7961,#7962),(#7963,#7964)),
 .SURF_OF_LINEAR_EXTRUSION.,.F.,.F.,.F.,(4,1,1,1,1,1,1,1,1,1,1,1,1,1,1,
1,4),(2,2),(0.,0.0447892291928739,0.0895784583857478,0.134367687578622,
0.179156916771496,0.223946145964369,0.268735375157243,0.313524604350117,
0.358313833542991,0.403103062735865,0.447892291928739,0.492681521121613,
0.537470750314487,0.58225997950736,0.627049208700234,0.671838437893108,
0.716627667085982),(0.,1.),.UNSPECIFIED.);
#125=B_SPLINE_SURFACE_WITH_KNOTS('',3,1,((#8001,#8002),(#8003,#8004),(#8005,
#8006),(#8007,#8008),(#8009,#8010),(#8011,#8012),(#8013,#8014),(#8015,#8016)),
 .SURF_OF_LINEAR_EXTRUSION.,.F.,.F.,.F.,(4,1,1,1,1,4),(2,2),(0.900553504838809,
0.925415128629107,0.950276752419404,0.975138376209702,0.987569188104851,
1.),(0.,1.),.UNSPECIFIED.);
#126=B_SPLINE_SURFACE_WITH_KNOTS('',3,1,((#8038,#8039),(#8040,#8041),(#8042,
#8043),(#8044,#8045),(#8046,#8047),(#8048,#8049),(#8050,#8051),(#8052,#8053),
(#8054,#8055),(#8056,#8057),(#8058,#8059),(#8060,#8061),(#8062,#8063),(#8064,
#8065),(#8066,#8067),(#8068,#8069),(#8070,#8071),(#8072,#8073),(#8074,#8075)),
 .SURF_OF_LINEAR_EXTRUSION.,.F.,.F.,.F.,(4,1,1,1,1,1,1,1,1,1,1,1,1,1,1,
1,4),(2,2),(0.,0.0111453797668564,0.0222907595337128,0.0334361393005692,
0.0445815190674256,0.055726898834282,0.0668722786011384,0.0780176583679948,
0.0891630381348512,0.100308417901708,0.111453797668564,0.12259917743542,
0.133744557202277,0.144889936969133,0.15603531673599,0.167180696502846,
0.178326076269702),(0.,1.),.UNSPECIFIED.);
#127=B_SPLINE_SURFACE_WITH_KNOTS('',3,1,((#8134,#8135),(#8136,#8137),(#8138,
#8139),(#8140,#8141),(#8142,#8143),(#8144,#8145),(#8146,#8147),(#8148,#8149),
(#8150,#8151),(#8152,#8153),(#8154,#8155),(#8156,#8157),(#8158,#8159),(#8160,
#8161),(#8162,#8163)),.SURF_OF_LINEAR_EXTRUSION.,.F.,.F.,.F.,(4,1,1,1,1,
1,1,1,1,1,1,1,4),(2,2),(0.149279969295398,0.172056697505244,0.194833425715089,
0.217610153924935,0.228998518029858,0.24038688213478,0.251775246239703,
0.263163610344626,0.274551974449549,0.285940338554471,0.297328702659394,
0.308717066764317,0.331493794974162),(0.,1.),.UNSPECIFIED.);
#128=B_SPLINE_SURFACE_WITH_KNOTS('',3,1,((#8175,#8176),(#8177,#8178),(#8179,
#8180),(#8181,#8182),(#8183,#8184),(#8185,#8186),(#8187,#8188),(#8189,#8190)),
 .SURF_OF_LINEAR_EXTRUSION.,.F.,.F.,.F.,(4,1,1,1,1,4),(2,2),(0.83989656964849,
0.854108442826343,0.86121437941527,0.868320316004196,0.882532189182049,
0.896744062359902),(0.,1.),.UNSPECIFIED.);
#129=B_SPLINE_SURFACE_WITH_KNOTS('',3,1,((#8202,#8203),(#8204,#8205),(#8206,
#8207),(#8208,#8209),(#8210,#8211),(#8212,#8213),(#8214,#8215)),
 .SURF_OF_LINEAR_EXTRUSION.,.F.,.F.,.F.,(4,1,1,1,4),(2,2),(0.716627667085982,
0.764172270092768,0.811716873099554,0.85926147610634,0.906806079113126),
(0.,1.),.UNSPECIFIED.);
#130=B_SPLINE_SURFACE_WITH_KNOTS('',3,1,((#8240,#8241),(#8242,#8243),(#8244,
#8245),(#8246,#8247)),.SURF_OF_LINEAR_EXTRUSION.,.F.,.F.,.F.,(4,4),(2,2),
(0.95532303705867,1.),(0.,1.),.PIECEWISE_BEZIER_KNOTS.);
#131=B_SPLINE_SURFACE_WITH_KNOTS('',3,1,((#8274,#8275),(#8276,#8277),(#8278,
#8279),(#8280,#8281),(#8282,#8283),(#8284,#8285),(#8286,#8287),(#8288,#8289),
(#8290,#8291),(#8292,#8293),(#8294,#8295),(#8296,#8297),(#8298,#8299),(#8300,
#8301),(#8302,#8303)),.SURF_OF_LINEAR_EXTRUSION.,.F.,.F.,.F.,(4,1,1,1,1,
1,1,1,1,1,1,1,4),(2,2),(0.671031246753193,0.691553786877317,0.712076327001441,
0.732598867125565,0.753121407249689,0.794166487497937,0.835211567746186,
0.85573410787031,0.876256647994434,0.896779188118558,0.917301728242682,
0.95834680849093,0.999391888739178),(0.,1.),.UNSPECIFIED.);
#132=B_SPLINE_SURFACE_WITH_KNOTS('',3,1,((#8335,#8336),(#8337,#8338),(#8339,
#8340),(#8341,#8342),(#8343,#8344),(#8345,#8346),(#8347,#8348),(#8349,#8350),
(#8351,#8352)),.SURF_OF_LINEAR_EXTRUSION.,.F.,.F.,.F.,(4,1,1,1,1,1,4),(2,
2),(0.0284471239535974,0.271335342965198,0.514223561976799,0.635667671482599,
0.757111780988399,0.8785558904942,1.),(0.,1.),.UNSPECIFIED.);
#133=B_SPLINE_SURFACE_WITH_KNOTS('',3,1,((#8378,#8379),(#8380,#8381),(#8382,
#8383),(#8384,#8385),(#8386,#8387),(#8388,#8389),(#8390,#8391),(#8392,#8393),
(#8394,#8395)),.SURF_OF_LINEAR_EXTRUSION.,.F.,.F.,.F.,(4,1,1,1,1,1,4),(2,
2),(0.0284471239535953,0.271335342965196,0.514223561976798,0.635667671482598,
0.757111780988399,0.878555890494199,1.),(0.,1.),.UNSPECIFIED.);
#134=B_SPLINE_SURFACE_WITH_KNOTS('',3,1,((#8441,#8442),(#8443,#8444),(#8445,
#8446),(#8447,#8448),(#8449,#8450),(#8451,#8452)),
 .SURF_OF_LINEAR_EXTRUSION.,.F.,.F.,.F.,(4,1,1,4),(2,2),(0.664369589333825,
0.699779572235001,0.717484563685589,0.735189555136177),(0.,1.),
 .UNSPECIFIED.);
#135=B_SPLINE_SURFACE_WITH_KNOTS('',3,1,((#8460,#8461),(#8462,#8463),(#8464,
#8465),(#8466,#8467),(#8468,#8469),(#8470,#8471),(#8472,#8473),(#8474,#8475),
(#8476,#8477),(#8478,#8479),(#8480,#8481),(#8482,#8483),(#8484,#8485),(#8486,
#8487),(#8488,#8489)),.SURF_OF_LINEAR_EXTRUSION.,.F.,.F.,.F.,(4,1,1,1,1,
1,1,1,1,1,1,1,4),(2,2),(0.671031246753193,0.691553786877317,0.712076327001441,
0.732598867125565,0.753121407249689,0.794166487497937,0.835211567746185,
0.855734107870309,0.876256647994433,0.896779188118557,0.917301728242681,
0.958346808490929,0.999391888739177),(0.,1.),.UNSPECIFIED.);
#136=B_SPLINE_SURFACE_WITH_KNOTS('',3,1,((#8507,#8508),(#8509,#8510),(#8511,
#8512),(#8513,#8514)),.SURF_OF_LINEAR_EXTRUSION.,.F.,.F.,.F.,(4,4),(2,2),
(0.906806079113126,0.999874476506535),(0.,1.),.PIECEWISE_BEZIER_KNOTS.);
#137=B_SPLINE_SURFACE_WITH_KNOTS('',3,1,((#8535,#8536),(#8537,#8538),(#8539,
#8540),(#8541,#8542),(#8543,#8544),(#8545,#8546),(#8547,#8548),(#8549,#8550),
(#8551,#8552),(#8553,#8554)),.SURF_OF_LINEAR_EXTRUSION.,.F.,.F.,.F.,(4,
1,1,1,1,1,1,4),(2,2),(0.896744062359901,0.904066434197247,0.911388806034593,
0.918711177871939,0.926033549709286,0.940678293383978,0.948000665221324,
0.95532303705867),(0.,1.),.UNSPECIFIED.);
#138=B_SPLINE_SURFACE_WITH_KNOTS('',3,1,((#8576,#8577),(#8578,#8579),(#8580,
#8581),(#8582,#8583),(#8584,#8585),(#8586,#8587),(#8588,#8589)),
 .SURF_OF_LINEAR_EXTRUSION.,.F.,.F.,.F.,(4,1,1,1,4),(2,2),(0.,0.0373199923238421,
0.0746399846476841,0.111959976971526,0.149279969295368),(0.,1.),
 .UNSPECIFIED.);
#139=B_SPLINE_SURFACE_WITH_KNOTS('',3,1,((#8630,#8631),(#8632,#8633),(#8634,
#8635),(#8636,#8637),(#8638,#8639),(#8640,#8641),(#8642,#8643),(#8644,#8645),
(#8646,#8647),(#8648,#8649),(#8650,#8651),(#8652,#8653),(#8654,#8655)),
 .SURF_OF_LINEAR_EXTRUSION.,.F.,.F.,.F.,(4,1,1,1,1,1,1,1,1,1,4),(2,2),(0.194336516727829,
0.211481176508621,0.228625836289413,0.245770496070204,0.2543428259606,0.262915155850996,
0.271487485741391,0.280059815631787,0.297204475412579,0.31434913519337,
0.331493794974162),(0.,1.),.UNSPECIFIED.);
#140=B_SPLINE_SURFACE_WITH_KNOTS('',3,1,((#8666,#8667),(#8668,#8669),(#8670,
#8671),(#8672,#8673)),.SURF_OF_LINEAR_EXTRUSION.,.F.,.F.,.F.,(4,4),(2,2),
(0.510572047802294,0.546629944715001),(0.,1.),.PIECEWISE_BEZIER_KNOTS.);
#141=B_SPLINE_SURFACE_WITH_KNOTS('',3,1,((#8684,#8685),(#8686,#8687),(#8688,
#8689),(#8690,#8691),(#8692,#8693),(#8694,#8695),(#8696,#8697),(#8698,#8699),
(#8700,#8701),(#8702,#8703),(#8704,#8705),(#8706,#8707),(#8708,#8709),(#8710,
#8711),(#8712,#8713)),.SURF_OF_LINEAR_EXTRUSION.,.F.,.F.,.F.,(4,1,1,1,1,
1,1,1,1,1,1,1,4),(2,2),(0.149279969295368,0.17205669750521,0.194833425715051,
0.217610153924892,0.228998518029813,0.240386882134733,0.251775246239654,
0.263163610344575,0.274551974449495,0.285940338554416,0.297328702659337,
0.308717066764257,0.331493794974099),(0.,1.),.UNSPECIFIED.);
#142=B_SPLINE_SURFACE_WITH_KNOTS('',3,1,((#8744,#8745),(#8746,#8747),(#8748,
#8749),(#8750,#8751),(#8752,#8753),(#8754,#8755),(#8756,#8757),(#8758,#8759)),
 .SURF_OF_LINEAR_EXTRUSION.,.F.,.F.,.F.,(4,1,1,1,1,4),(2,2),(0.83989656964849,
0.854108442826343,0.861214379415269,0.868320316004195,0.882532189182048,
0.896744062359901),(0.,1.),.UNSPECIFIED.);
#143=B_SPLINE_SURFACE_WITH_KNOTS('',3,1,((#8779,#8780),(#8781,#8782),(#8783,
#8784),(#8785,#8786),(#8787,#8788),(#8789,#8790),(#8791,#8792),(#8793,#8794),
(#8795,#8796),(#8797,#8798),(#8799,#8800),(#8801,#8802),(#8803,#8804),(#8805,
#8806),(#8807,#8808),(#8809,#8810),(#8811,#8812),(#8813,#8814),(#8815,#8816)),
 .SURF_OF_LINEAR_EXTRUSION.,.F.,.F.,.F.,(4,1,1,1,1,1,1,1,1,1,1,1,1,1,1,
1,4),(2,2),(0.,0.0529252267502117,0.105850453500423,0.158775680250635,0.211700907000847,
0.264626133751059,0.31755136050127,0.370476587251482,0.423401814001694,
0.476327040751906,0.529252267502117,0.582177494252329,0.635102721002541,
0.688027947752753,0.740953174502964,0.793878401253176,0.846803628003388),
(0.,1.),.UNSPECIFIED.);
#144=B_SPLINE_SURFACE_WITH_KNOTS('',3,1,((#8855,#8856),(#8857,#8858),(#8859,
#8860),(#8861,#8862),(#8863,#8864),(#8865,#8866),(#8867,#8868),(#8869,#8870),
(#8871,#8872),(#8873,#8874),(#8875,#8876),(#8877,#8878),(#8879,#8880),(#8881,
#8882),(#8883,#8884),(#8885,#8886),(#8887,#8888),(#8889,#8890),(#8891,#8892)),
 .SURF_OF_LINEAR_EXTRUSION.,.F.,.F.,.F.,(4,1,1,1,1,1,1,1,1,1,1,1,1,1,1,
1,4),(2,2),(0.239901785696576,0.250605766878025,0.261309748059474,0.272013729240923,
0.282717710422372,0.293421691603822,0.304125672785271,0.31482965396672,
0.325533635148169,0.336237616329618,0.346941597511067,0.357645578692516,
0.368349559873966,0.379053541055415,0.389757522236864,0.400461503418313,
0.411165484599762),(0.,1.),.UNSPECIFIED.);
#145=B_SPLINE_SURFACE_WITH_KNOTS('',3,1,((#8922,#8923),(#8924,#8925),(#8926,
#8927),(#8928,#8929),(#8930,#8931),(#8932,#8933),(#8934,#8935)),
 .SURF_OF_LINEAR_EXTRUSION.,.F.,.F.,.F.,(4,1,1,1,4),(2,2),(0.,0.0310488750783191,
0.0620977501566383,0.0931466252349575,0.124195500313277),(0.,1.),
 .UNSPECIFIED.);
#146=B_SPLINE_SURFACE_WITH_KNOTS('',3,1,((#8951,#8952),(#8953,#8954),(#8955,
#8956),(#8957,#8958),(#8959,#8960),(#8961,#8962),(#8963,#8964),(#8965,#8966),
(#8967,#8968),(#8969,#8970),(#8971,#8972),(#8973,#8974),(#8975,#8976),(#8977,
#8978),(#8979,#8980),(#8981,#8982),(#8983,#8984),(#8985,#8986),(#8987,#8988),
(#8989,#8990),(#8991,#8992),(#8993,#8994)),.SURF_OF_LINEAR_EXTRUSION.,.F.,
 .F.,.F.,(4,1,1,1,1,1,1,1,1,1,1,1,1,1,1,1,1,1,1,4),(2,2),(0.331493794974099,
0.373935976446472,0.395157067182659,0.416378157918846,0.42698870328694,
0.437599248655033,0.448209794023127,0.45882033939122,0.480041430127407,
0.501262520863594,0.522483611599781,0.543704702335968,0.564925793072155,
0.586146883808341,0.596757429176435,0.607367974544528,0.617978519912622,
0.628589065280715,0.649810156016902,0.671031246753089),(0.,1.),
 .UNSPECIFIED.);
#147=B_SPLINE_SURFACE_WITH_KNOTS('',3,1,((#9033,#9034),(#9035,#9036),(#9037,
#9038),(#9039,#9040),(#9041,#9042),(#9043,#9044),(#9045,#9046),(#9047,#9048),
(#9049,#9050),(#9051,#9052),(#9053,#9054),(#9055,#9056),(#9057,#9058)),
 .SURF_OF_LINEAR_EXTRUSION.,.F.,.F.,.F.,(4,1,1,1,1,1,1,1,1,1,4),(2,2),(0.735189555136177,
0.748277931950216,0.761366308764255,0.774454685578294,0.787543062392334,
0.794087250799353,0.800631439206373,0.813719816020412,0.820264004427431,
0.826808192834451,0.83989656964849),(0.,1.),.UNSPECIFIED.);
#148=B_SPLINE_SURFACE_WITH_KNOTS('',3,1,((#9091,#9092),(#9093,#9094),(#9095,
#9096),(#9097,#9098),(#9099,#9100),(#9101,#9102)),
 .SURF_OF_LINEAR_EXTRUSION.,.F.,.F.,.F.,(4,1,1,4),(2,2),(0.84680362800339,
0.885071340129176,0.923339052254962,0.999874476506534),(0.,1.),
 .UNSPECIFIED.);
#149=B_SPLINE_SURFACE_WITH_KNOTS('',3,1,((#9116,#9117),(#9118,#9119),(#9120,
#9121),(#9122,#9123),(#9124,#9125),(#9126,#9127),(#9128,#9129)),
 .SURF_OF_LINEAR_EXTRUSION.,.F.,.F.,.F.,(4,1,1,1,4),(2,2),(0.,0.0485841291819482,
0.0971682583638965,0.145752387545845,0.194336516727793),(0.,1.),
 .UNSPECIFIED.);
#150=B_SPLINE_SURFACE_WITH_KNOTS('',3,1,((#9153,#9154),(#9155,#9156),(#9157,
#9158),(#9159,#9160),(#9161,#9162),(#9163,#9164),(#9165,#9166),(#9167,#9168),
(#9169,#9170),(#9171,#9172),(#9173,#9174)),.SURF_OF_LINEAR_EXTRUSION.,.F.,
 .F.,.F.,(4,1,1,1,1,1,1,1,4),(2,2),(0.411165484599762,0.423591305000079,
0.436017125400395,0.448442945800712,0.460868766201028,0.473294586601344,
0.485720407001661,0.498146227401978,0.510572047802294),(0.,1.),
 .UNSPECIFIED.);
#151=LINE('',#4964,#501);
#152=LINE('',#4973,#502);
#153=LINE('',#4986,#503);
#154=LINE('',#4995,#504);
#155=LINE('',#5004,#505);
#156=LINE('',#5005,#506);
#157=LINE('',#5026,#507);
#158=LINE('',#5028,#508);
#159=LINE('',#5043,#509);
#160=LINE('',#5054,#510);
#161=LINE('',#5057,#511);
#162=LINE('',#5059,#512);
#163=LINE('',#5061,#513);
#164=LINE('',#5097,#514);
#165=LINE('',#5108,#515);
#166=LINE('',#5110,#516);
#167=LINE('',#5112,#517);
#168=LINE('',#5133,#518);
#169=LINE('',#5136,#519);
#170=LINE('',#5138,#520);
#171=LINE('',#5140,#521);
#172=LINE('',#5142,#522);
#173=LINE('',#5144,#523);
#174=LINE('',#5146,#524);
#175=LINE('',#5174,#525);
#176=LINE('',#5183,#526);
#177=LINE('',#5184,#527);
#178=LINE('',#5240,#528);
#179=LINE('',#5255,#529);
#180=LINE('',#5257,#530);
#181=LINE('',#5259,#531);
#182=LINE('',#5261,#532);
#183=LINE('',#5285,#533);
#184=LINE('',#5294,#534);
#185=LINE('',#5296,#535);
#186=LINE('',#5298,#536);
#187=LINE('',#5349,#537);
#188=LINE('',#5375,#538);
#189=LINE('',#5382,#539);
#190=LINE('',#5384,#540);
#191=LINE('',#5386,#541);
#192=LINE('',#5417,#542);
#193=LINE('',#5420,#543);
#194=LINE('',#5422,#544);
#195=LINE('',#5424,#545);
#196=LINE('',#5483,#546);
#197=LINE('',#5499,#547);
#198=LINE('',#5501,#548);
#199=LINE('',#5503,#549);
#200=LINE('',#5598,#550);
#201=LINE('',#5610,#551);
#202=LINE('',#5612,#552);
#203=LINE('',#5614,#553);
#204=LINE('',#5616,#554);
#205=LINE('',#5639,#555);
#206=LINE('',#5647,#556);
#207=LINE('',#5648,#557);
#208=LINE('',#5674,#558);
#209=LINE('',#5683,#559);
#210=LINE('',#5736,#560);
#211=LINE('',#5773,#561);
#212=LINE('',#5789,#562);
#213=LINE('',#5791,#563);
#214=LINE('',#5793,#564);
#215=LINE('',#5819,#565);
#216=LINE('',#5874,#566);
#217=LINE('',#5887,#567);
#218=LINE('',#5888,#568);
#219=LINE('',#5911,#569);
#220=LINE('',#5919,#570);
#221=LINE('',#5921,#571);
#222=LINE('',#5923,#572);
#223=LINE('',#5925,#573);
#224=LINE('',#5968,#574);
#225=LINE('',#5982,#575);
#226=LINE('',#5984,#576);
#227=LINE('',#5986,#577);
#228=LINE('',#6014,#578);
#229=LINE('',#6025,#579);
#230=LINE('',#6027,#580);
#231=LINE('',#6029,#581);
#232=LINE('',#6057,#582);
#233=LINE('',#6068,#583);
#234=LINE('',#6070,#584);
#235=LINE('',#6072,#585);
#236=LINE('',#6115,#586);
#237=LINE('',#6129,#587);
#238=LINE('',#6130,#588);
#239=LINE('',#6135,#589);
#240=LINE('',#6138,#590);
#241=LINE('',#6140,#591);
#242=LINE('',#6142,#592);
#243=LINE('',#6144,#593);
#244=LINE('',#6146,#594);
#245=LINE('',#6148,#595);
#246=LINE('',#6150,#596);
#247=LINE('',#6152,#597);
#248=LINE('',#6154,#598);
#249=LINE('',#6350,#599);
#250=LINE('',#6389,#600);
#251=LINE('',#6391,#601);
#252=LINE('',#6393,#602);
#253=LINE('',#6395,#603);
#254=LINE('',#6414,#604);
#255=LINE('',#6422,#605);
#256=LINE('',#6423,#606);
#257=LINE('',#6463,#607);
#258=LINE('',#6474,#608);
#259=LINE('',#6476,#609);
#260=LINE('',#6478,#610);
#261=LINE('',#6480,#611);
#262=LINE('',#6494,#612);
#263=LINE('',#6501,#613);
#264=LINE('',#6502,#614);
#265=LINE('',#6507,#615);
#266=LINE('',#6510,#616);
#267=LINE('',#6512,#617);
#268=LINE('',#6514,#618);
#269=LINE('',#6545,#619);
#270=LINE('',#6555,#620);
#271=LINE('',#6557,#621);
#272=LINE('',#6559,#622);
#273=LINE('',#6561,#623);
#274=LINE('',#6562,#624);
#275=LINE('',#6580,#625);
#276=LINE('',#6587,#626);
#277=LINE('',#6589,#627);
#278=LINE('',#6591,#628);
#279=LINE('',#6593,#629);
#280=LINE('',#6595,#630);
#281=LINE('',#6597,#631);
#282=LINE('',#6599,#632);
#283=LINE('',#6601,#633);
#284=LINE('',#6603,#634);
#285=LINE('',#6605,#635);
#286=LINE('',#6624,#636);
#287=LINE('',#6632,#637);
#288=LINE('',#6634,#638);
#289=LINE('',#6636,#639);
#290=LINE('',#6638,#640);
#291=LINE('',#6640,#641);
#292=LINE('',#6642,#642);
#293=LINE('',#6644,#643);
#294=LINE('',#6646,#644);
#295=LINE('',#6648,#645);
#296=LINE('',#6671,#646);
#297=LINE('',#6679,#647);
#298=LINE('',#6681,#648);
#299=LINE('',#6683,#649);
#300=LINE('',#6685,#650);
#301=LINE('',#6687,#651);
#302=LINE('',#6689,#652);
#303=LINE('',#6691,#653);
#304=LINE('',#6693,#654);
#305=LINE('',#6695,#655);
#306=LINE('',#6709,#656);
#307=LINE('',#6765,#657);
#308=LINE('',#6779,#658);
#309=LINE('',#6781,#659);
#310=LINE('',#6783,#660);
#311=LINE('',#6785,#661);
#312=LINE('',#6787,#662);
#313=LINE('',#6789,#663);
#314=LINE('',#6791,#664);
#315=LINE('',#6793,#665);
#316=LINE('',#6795,#666);
#317=LINE('',#6839,#667);
#318=LINE('',#6876,#668);
#319=LINE('',#6889,#669);
#320=LINE('',#6891,#670);
#321=LINE('',#6893,#671);
#322=LINE('',#6906,#672);
#323=LINE('',#6919,#673);
#324=LINE('',#6921,#674);
#325=LINE('',#6923,#675);
#326=LINE('',#6925,#676);
#327=LINE('',#6927,#677);
#328=LINE('',#6929,#678);
#329=LINE('',#6931,#679);
#330=LINE('',#6932,#680);
#331=LINE('',#6989,#681);
#332=LINE('',#7005,#682);
#333=LINE('',#7007,#683);
#334=LINE('',#7009,#684);
#335=LINE('',#7011,#685);
#336=LINE('',#7061,#686);
#337=LINE('',#7074,#687);
#338=LINE('',#7076,#688);
#339=LINE('',#7078,#689);
#340=LINE('',#7109,#690);
#341=LINE('',#7112,#691);
#342=LINE('',#7114,#692);
#343=LINE('',#7116,#693);
#344=LINE('',#7159,#694);
#345=LINE('',#7171,#695);
#346=LINE('',#7173,#696);
#347=LINE('',#7175,#697);
#348=LINE('',#7177,#698);
#349=LINE('',#7178,#699);
#350=LINE('',#7201,#700);
#351=LINE('',#7209,#701);
#352=LINE('',#7211,#702);
#353=LINE('',#7213,#703);
#354=LINE('',#7215,#704);
#355=LINE('',#7217,#705);
#356=LINE('',#7219,#706);
#357=LINE('',#7221,#707);
#358=LINE('',#7223,#708);
#359=LINE('',#7224,#709);
#360=LINE('',#7229,#710);
#361=LINE('',#7238,#711);
#362=LINE('',#7315,#712);
#363=LINE('',#7323,#713);
#364=LINE('',#7325,#714);
#365=LINE('',#7326,#715);
#366=LINE('',#7339,#716);
#367=LINE('',#7341,#717);
#368=LINE('',#7476,#718);
#369=LINE('',#7484,#719);
#370=LINE('',#7486,#720);
#371=LINE('',#7488,#721);
#372=LINE('',#7490,#722);
#373=LINE('',#7533,#723);
#374=LINE('',#7547,#724);
#375=LINE('',#7549,#725);
#376=LINE('',#7551,#726);
#377=LINE('',#7579,#727);
#378=LINE('',#7590,#728);
#379=LINE('',#7592,#729);
#380=LINE('',#7594,#730);
#381=LINE('',#7622,#731);
#382=LINE('',#7633,#732);
#383=LINE('',#7635,#733);
#384=LINE('',#7637,#734);
#385=LINE('',#7680,#735);
#386=LINE('',#7694,#736);
#387=LINE('',#7695,#737);
#388=LINE('',#7751,#738);
#389=LINE('',#7766,#739);
#390=LINE('',#7768,#740);
#391=LINE('',#7770,#741);
#392=LINE('',#7772,#742);
#393=LINE('',#7796,#743);
#394=LINE('',#7805,#744);
#395=LINE('',#7807,#745);
#396=LINE('',#7809,#746);
#397=LINE('',#7860,#747);
#398=LINE('',#7886,#748);
#399=LINE('',#7893,#749);
#400=LINE('',#7895,#750);
#401=LINE('',#7897,#751);
#402=LINE('',#7979,#752);
#403=LINE('',#7994,#753);
#404=LINE('',#7996,#754);
#405=LINE('',#7998,#755);
#406=LINE('',#8000,#756);
#407=LINE('',#8024,#757);
#408=LINE('',#8033,#758);
#409=LINE('',#8035,#759);
#410=LINE('',#8037,#760);
#411=LINE('',#8088,#761);
#412=LINE('',#8102,#762);
#413=LINE('',#8103,#763);
#414=LINE('',#8108,#764);
#415=LINE('',#8111,#765);
#416=LINE('',#8113,#766);
#417=LINE('',#8115,#767);
#418=LINE('',#8133,#768);
#419=LINE('',#8174,#769);
#420=LINE('',#8197,#770);
#421=LINE('',#8199,#771);
#422=LINE('',#8224,#772);
#423=LINE('',#8233,#773);
#424=LINE('',#8235,#774);
#425=LINE('',#8237,#775);
#426=LINE('',#8239,#776);
#427=LINE('',#8253,#777);
#428=LINE('',#8260,#778);
#429=LINE('',#8261,#779);
#430=LINE('',#8266,#780);
#431=LINE('',#8269,#781);
#432=LINE('',#8271,#782);
#433=LINE('',#8273,#783);
#434=LINE('',#8316,#784);
#435=LINE('',#8330,#785);
#436=LINE('',#8332,#786);
#437=LINE('',#8334,#787);
#438=LINE('',#8362,#788);
#439=LINE('',#8373,#789);
#440=LINE('',#8375,#790);
#441=LINE('',#8377,#791);
#442=LINE('',#8405,#792);
#443=LINE('',#8416,#793);
#444=LINE('',#8418,#794);
#445=LINE('',#8420,#795);
#446=LINE('',#8440,#796);
#447=LINE('',#8459,#797);
#448=LINE('',#8502,#798);
#449=LINE('',#8504,#799);
#450=LINE('',#8521,#800);
#451=LINE('',#8528,#801);
#452=LINE('',#8530,#802);
#453=LINE('',#8532,#803);
#454=LINE('',#8534,#804);
#455=LINE('',#8562,#805);
#456=LINE('',#8571,#806);
#457=LINE('',#8573,#807);
#458=LINE('',#8575,#808);
#459=LINE('',#8606,#809);
#460=LINE('',#8609,#810);
#461=LINE('',#8611,#811);
#462=LINE('',#8613,#812);
#463=LINE('',#8629,#813);
#464=LINE('',#8656,#814);
#465=LINE('',#8679,#815);
#466=LINE('',#8681,#816);
#467=LINE('',#8725,#817);
#468=LINE('',#8737,#818);
#469=LINE('',#8739,#819);
#470=LINE('',#8741,#820);
#471=LINE('',#8743,#821);
#472=LINE('',#8766,#822);
#473=LINE('',#8774,#823);
#474=LINE('',#8775,#824);
#475=LINE('',#8817,#825);
#476=LINE('',#8834,#826);
#477=LINE('',#8850,#827);
#478=LINE('',#8852,#828);
#479=LINE('',#8854,#829);
#480=LINE('',#8904,#830);
#481=LINE('',#8917,#831);
#482=LINE('',#8919,#832);
#483=LINE('',#8921,#833);
#484=LINE('',#9010,#834);
#485=LINE('',#9026,#835);
#486=LINE('',#9028,#836);
#487=LINE('',#9030,#837);
#488=LINE('',#9032,#838);
#489=LINE('',#9067,#839);
#490=LINE('',#9077,#840);
#491=LINE('',#9078,#841);
#492=LINE('',#9083,#842);
#493=LINE('',#9086,#843);
#494=LINE('',#9088,#844);
#495=LINE('',#9090,#845);
#496=LINE('',#9109,#846);
#497=LINE('',#9138,#847);
#498=LINE('',#9148,#848);
#499=LINE('',#9150,#849);
#500=LINE('',#9152,#850);
#501=VECTOR('',#4254,1.);
#502=VECTOR('',#4255,1.);
#503=VECTOR('',#4258,1.);
#504=VECTOR('',#4259,1.);
#505=VECTOR('',#4262,1.);
#506=VECTOR('',#4263,1.);
#507=VECTOR('',#4264,1.);
#508=VECTOR('',#4267,1.);
#509=VECTOR('',#4268,1.);
#510=VECTOR('',#4273,1.);
#511=VECTOR('',#4274,1.);
#512=VECTOR('',#4275,1.);
#513=VECTOR('',#4276,1.);
#514=VECTOR('',#4277,1.);
#515=VECTOR('',#4280,1.);
#516=VECTOR('',#4281,1.);
#517=VECTOR('',#4282,1.);
#518=VECTOR('',#4291,1.);
#519=VECTOR('',#4292,1.);
#520=VECTOR('',#4293,1.);
#521=VECTOR('',#4294,1.);
#522=VECTOR('',#4297,1.);
#523=VECTOR('',#4298,1.);
#524=VECTOR('',#4299,1.);
#525=VECTOR('',#4300,1.);
#526=VECTOR('',#4303,1.);
#527=VECTOR('',#4304,1.);
#528=VECTOR('',#4311,1.);
#529=VECTOR('',#4312,1.);
#530=VECTOR('',#4315,1.);
#531=VECTOR('',#4316,1.);
#532=VECTOR('',#4317,1.);
#533=VECTOR('',#4318,1.);
#534=VECTOR('',#4321,1.);
#535=VECTOR('',#4322,1.);
#536=VECTOR('',#4323,1.);
#537=VECTOR('',#4324,1.);
#538=VECTOR('',#4325,1.);
#539=VECTOR('',#4328,1.);
#540=VECTOR('',#4329,1.);
#541=VECTOR('',#4330,1.);
#542=VECTOR('',#4339,1.);
#543=VECTOR('',#4340,1.);
#544=VECTOR('',#4341,1.);
#545=VECTOR('',#4342,1.);
#546=VECTOR('',#4343,1.);
#547=VECTOR('',#4346,1.);
#548=VECTOR('',#4347,1.);
#549=VECTOR('',#4348,1.);
#550=VECTOR('',#4355,1.);
#551=VECTOR('',#4356,1.);
#552=VECTOR('',#4359,1.);
#553=VECTOR('',#4360,1.);
#554=VECTOR('',#4361,1.);
#555=VECTOR('',#4362,1.);
#556=VECTOR('',#4365,1.);
#557=VECTOR('',#4366,1.);
#558=VECTOR('',#4373,1.);
#559=VECTOR('',#4374,1.);
#560=VECTOR('',#4375,1.);
#561=VECTOR('',#4376,1.);
#562=VECTOR('',#4379,1.);
#563=VECTOR('',#4380,1.);
#564=VECTOR('',#4381,1.);
#565=VECTOR('',#4382,1.);
#566=VECTOR('',#4383,1.);
#567=VECTOR('',#4386,1.);
#568=VECTOR('',#4387,1.);
#569=VECTOR('',#4394,1.);
#570=VECTOR('',#4395,1.);
#571=VECTOR('',#4398,1.);
#572=VECTOR('',#4399,1.);
#573=VECTOR('',#4400,1.);
#574=VECTOR('',#4401,1.);
#575=VECTOR('',#4404,1.);
#576=VECTOR('',#4405,1.);
#577=VECTOR('',#4406,1.);
#578=VECTOR('',#4407,1.);
#579=VECTOR('',#4410,1.);
#580=VECTOR('',#4411,1.);
#581=VECTOR('',#4412,1.);
#582=VECTOR('',#4413,1.);
#583=VECTOR('',#4416,1.);
#584=VECTOR('',#4417,1.);
#585=VECTOR('',#4418,1.);
#586=VECTOR('',#4419,1.);
#587=VECTOR('',#4422,1.);
#588=VECTOR('',#4423,1.);
#589=VECTOR('',#4432,1.);
#590=VECTOR('',#4433,1.);
#591=VECTOR('',#4434,1.);
#592=VECTOR('',#4435,1.);
#593=VECTOR('',#4438,1.);
#594=VECTOR('',#4439,1.);
#595=VECTOR('',#4440,1.);
#596=VECTOR('',#4443,1.);
#597=VECTOR('',#4444,1.);
#598=VECTOR('',#4445,1.);
#599=VECTOR('',#4452,1.);
#600=VECTOR('',#4453,1.);
#601=VECTOR('',#4456,1.);
#602=VECTOR('',#4457,1.);
#603=VECTOR('',#4458,1.);
#604=VECTOR('',#4459,1.);
#605=VECTOR('',#4462,1.);
#606=VECTOR('',#4463,1.);
#607=VECTOR('',#4470,1.);
#608=VECTOR('',#4471,1.);
#609=VECTOR('',#4474,1.);
#610=VECTOR('',#4475,1.);
#611=VECTOR('',#4476,1.);
#612=VECTOR('',#4477,1.);
#613=VECTOR('',#4480,1.);
#614=VECTOR('',#4481,1.);
#615=VECTOR('',#4490,1.);
#616=VECTOR('',#4491,1.);
#617=VECTOR('',#4492,1.);
#618=VECTOR('',#4493,1.);
#619=VECTOR('',#4494,1.);
#620=VECTOR('',#4497,1.);
#621=VECTOR('',#4498,1.);
#622=VECTOR('',#4499,1.);
#623=VECTOR('',#4502,1.);
#624=VECTOR('',#4503,1.);
#625=VECTOR('',#4510,1.);
#626=VECTOR('',#4511,1.);
#627=VECTOR('',#4514,1.);
#628=VECTOR('',#4515,1.);
#629=VECTOR('',#4516,1.);
#630=VECTOR('',#4519,1.);
#631=VECTOR('',#4520,1.);
#632=VECTOR('',#4521,1.);
#633=VECTOR('',#4524,1.);
#634=VECTOR('',#4525,1.);
#635=VECTOR('',#4526,1.);
#636=VECTOR('',#4527,1.);
#637=VECTOR('',#4530,1.);
#638=VECTOR('',#4531,1.);
#639=VECTOR('',#4532,1.);
#640=VECTOR('',#4535,1.);
#641=VECTOR('',#4536,1.);
#642=VECTOR('',#4537,1.);
#643=VECTOR('',#4540,1.);
#644=VECTOR('',#4541,1.);
#645=VECTOR('',#4542,1.);
#646=VECTOR('',#4543,1.);
#647=VECTOR('',#4546,1.);
#648=VECTOR('',#4547,1.);
#649=VECTOR('',#4548,1.);
#650=VECTOR('',#4551,1.);
#651=VECTOR('',#4552,1.);
#652=VECTOR('',#4553,1.);
#653=VECTOR('',#4556,1.);
#654=VECTOR('',#4557,1.);
#655=VECTOR('',#4558,1.);
#656=VECTOR('',#4559,1.);
#657=VECTOR('',#4560,1.);
#658=VECTOR('',#4563,1.);
#659=VECTOR('',#4564,1.);
#660=VECTOR('',#4565,1.);
#661=VECTOR('',#4568,1.);
#662=VECTOR('',#4569,1.);
#663=VECTOR('',#4570,1.);
#664=VECTOR('',#4573,1.);
#665=VECTOR('',#4574,1.);
#666=VECTOR('',#4575,1.);
#667=VECTOR('',#4576,1.);
#668=VECTOR('',#4577,1.);
#669=VECTOR('',#4580,1.);
#670=VECTOR('',#4581,1.);
#671=VECTOR('',#4582,1.);
#672=VECTOR('',#4585,1.);
#673=VECTOR('',#4588,1.);
#674=VECTOR('',#4589,1.);
#675=VECTOR('',#4590,1.);
#676=VECTOR('',#4593,1.);
#677=VECTOR('',#4594,1.);
#678=VECTOR('',#4595,1.);
#679=VECTOR('',#4598,1.);
#680=VECTOR('',#4599,1.);
#681=VECTOR('',#4606,1.);
#682=VECTOR('',#4607,1.);
#683=VECTOR('',#4610,1.);
#684=VECTOR('',#4611,1.);
#685=VECTOR('',#4612,1.);
#686=VECTOR('',#4613,1.);
#687=VECTOR('',#4616,1.);
#688=VECTOR('',#4617,1.);
#689=VECTOR('',#4618,1.);
#690=VECTOR('',#4627,1.);
#691=VECTOR('',#4628,1.);
#692=VECTOR('',#4629,1.);
#693=VECTOR('',#4630,1.);
#694=VECTOR('',#4631,1.);
#695=VECTOR('',#4634,1.);
#696=VECTOR('',#4635,1.);
#697=VECTOR('',#4636,1.);
#698=VECTOR('',#4639,1.);
#699=VECTOR('',#4640,1.);
#700=VECTOR('',#4647,1.);
#701=VECTOR('',#4648,1.);
#702=VECTOR('',#4651,1.);
#703=VECTOR('',#4652,1.);
#704=VECTOR('',#4653,1.);
#705=VECTOR('',#4656,1.);
#706=VECTOR('',#4657,1.);
#707=VECTOR('',#4658,1.);
#708=VECTOR('',#4661,1.);
#709=VECTOR('',#4662,1.);
#710=VECTOR('',#4671,1.);
#711=VECTOR('',#4672,1.);
#712=VECTOR('',#4675,1.);
#713=VECTOR('',#4676,1.);
#714=VECTOR('',#4679,1.);
#715=VECTOR('',#4680,1.);
#716=VECTOR('',#4681,1.);
#717=VECTOR('',#4684,1.);
#718=VECTOR('',#4687,1.);
#719=VECTOR('',#4688,1.);
#720=VECTOR('',#4691,1.);
#721=VECTOR('',#4692,1.);
#722=VECTOR('',#4693,1.);
#723=VECTOR('',#4694,1.);
#724=VECTOR('',#4697,1.);
#725=VECTOR('',#4698,1.);
#726=VECTOR('',#4699,1.);
#727=VECTOR('',#4700,1.);
#728=VECTOR('',#4703,1.);
#729=VECTOR('',#4704,1.);
#730=VECTOR('',#4705,1.);
#731=VECTOR('',#4706,1.);
#732=VECTOR('',#4709,1.);
#733=VECTOR('',#4710,1.);
#734=VECTOR('',#4711,1.);
#735=VECTOR('',#4712,1.);
#736=VECTOR('',#4715,1.);
#737=VECTOR('',#4716,1.);
#738=VECTOR('',#4723,1.);
#739=VECTOR('',#4724,1.);
#740=VECTOR('',#4727,1.);
#741=VECTOR('',#4728,1.);
#742=VECTOR('',#4729,1.);
#743=VECTOR('',#4730,1.);
#744=VECTOR('',#4733,1.);
#745=VECTOR('',#4734,1.);
#746=VECTOR('',#4735,1.);
#747=VECTOR('',#4736,1.);
#748=VECTOR('',#4737,1.);
#749=VECTOR('',#4740,1.);
#750=VECTOR('',#4741,1.);
#751=VECTOR('',#4742,1.);
#752=VECTOR('',#4749,1.);
#753=VECTOR('',#4750,1.);
#754=VECTOR('',#4753,1.);
#755=VECTOR('',#4754,1.);
#756=VECTOR('',#4755,1.);
#757=VECTOR('',#4756,1.);
#758=VECTOR('',#4759,1.);
#759=VECTOR('',#4760,1.);
#760=VECTOR('',#4761,1.);
#761=VECTOR('',#4762,1.);
#762=VECTOR('',#4765,1.);
#763=VECTOR('',#4766,1.);
#764=VECTOR('',#4775,1.);
#765=VECTOR('',#4776,1.);
#766=VECTOR('',#4777,1.);
#767=VECTOR('',#4778,1.);
#768=VECTOR('',#4781,1.);
#769=VECTOR('',#4782,1.);
#770=VECTOR('',#4783,1.);
#771=VECTOR('',#4786,1.);
#772=VECTOR('',#4791,1.);
#773=VECTOR('',#4792,1.);
#774=VECTOR('',#4795,1.);
#775=VECTOR('',#4796,1.);
#776=VECTOR('',#4797,1.);
#777=VECTOR('',#4798,1.);
#778=VECTOR('',#4801,1.);
#779=VECTOR('',#4802,1.);
#780=VECTOR('',#4811,1.);
#781=VECTOR('',#4812,1.);
#782=VECTOR('',#4813,1.);
#783=VECTOR('',#4814,1.);
#784=VECTOR('',#4815,1.);
#785=VECTOR('',#4818,1.);
#786=VECTOR('',#4819,1.);
#787=VECTOR('',#4820,1.);
#788=VECTOR('',#4821,1.);
#789=VECTOR('',#4824,1.);
#790=VECTOR('',#4825,1.);
#791=VECTOR('',#4826,1.);
#792=VECTOR('',#4827,1.);
#793=VECTOR('',#4830,1.);
#794=VECTOR('',#4831,1.);
#795=VECTOR('',#4832,1.);
#796=VECTOR('',#4835,1.);
#797=VECTOR('',#4836,1.);
#798=VECTOR('',#4837,1.);
#799=VECTOR('',#4840,1.);
#800=VECTOR('',#4845,1.);
#801=VECTOR('',#4846,1.);
#802=VECTOR('',#4849,1.);
#803=VECTOR('',#4850,1.);
#804=VECTOR('',#4851,1.);
#805=VECTOR('',#4852,1.);
#806=VECTOR('',#4855,1.);
#807=VECTOR('',#4856,1.);
#808=VECTOR('',#4857,1.);
#809=VECTOR('',#4866,1.);
#810=VECTOR('',#4867,1.);
#811=VECTOR('',#4868,1.);
#812=VECTOR('',#4869,1.);
#813=VECTOR('',#4872,1.);
#814=VECTOR('',#4873,1.);
#815=VECTOR('',#4874,1.);
#816=VECTOR('',#4877,1.);
#817=VECTOR('',#4882,1.);
#818=VECTOR('',#4883,1.);
#819=VECTOR('',#4886,1.);
#820=VECTOR('',#4887,1.);
#821=VECTOR('',#4888,1.);
#822=VECTOR('',#4889,1.);
#823=VECTOR('',#4892,1.);
#824=VECTOR('',#4893,1.);
#825=VECTOR('',#4900,1.);
#826=VECTOR('',#4901,1.);
#827=VECTOR('',#4904,1.);
#828=VECTOR('',#4905,1.);
#829=VECTOR('',#4906,1.);
#830=VECTOR('',#4907,1.);
#831=VECTOR('',#4910,1.);
#832=VECTOR('',#4911,1.);
#833=VECTOR('',#4912,1.);
#834=VECTOR('',#4919,1.);
#835=VECTOR('',#4920,1.);
#836=VECTOR('',#4923,1.);
#837=VECTOR('',#4924,1.);
#838=VECTOR('',#4925,1.);
#839=VECTOR('',#4926,1.);
#840=VECTOR('',#4929,1.);
#841=VECTOR('',#4930,1.);
#842=VECTOR('',#4939,1.);
#843=VECTOR('',#4940,1.);
#844=VECTOR('',#4941,1.);
#845=VECTOR('',#4942,1.);
#846=VECTOR('',#4943,1.);
#847=VECTOR('',#4944,1.);
#848=VECTOR('',#4947,1.);
#849=VECTOR('',#4948,1.);
#850=VECTOR('',#4949,1.);
#851=ORIENTED_EDGE('',*,*,#1883,.F.);
#852=ORIENTED_EDGE('',*,*,#1884,.T.);
#853=ORIENTED_EDGE('',*,*,#1885,.F.);
#854=ORIENTED_EDGE('',*,*,#1886,.T.);
#855=ORIENTED_EDGE('',*,*,#1887,.F.);
#856=ORIENTED_EDGE('',*,*,#1888,.F.);
#857=ORIENTED_EDGE('',*,*,#1889,.T.);
#858=ORIENTED_EDGE('',*,*,#1890,.F.);
#859=ORIENTED_EDGE('',*,*,#1891,.T.);
#860=ORIENTED_EDGE('',*,*,#1892,.F.);
#861=ORIENTED_EDGE('',*,*,#1886,.F.);
#862=ORIENTED_EDGE('',*,*,#1893,.T.);
#863=ORIENTED_EDGE('',*,*,#1889,.F.);
#864=ORIENTED_EDGE('',*,*,#1894,.F.);
#865=ORIENTED_EDGE('',*,*,#1893,.F.);
#866=ORIENTED_EDGE('',*,*,#1885,.T.);
#867=ORIENTED_EDGE('',*,*,#1895,.T.);
#868=ORIENTED_EDGE('',*,*,#1890,.T.);
#869=ORIENTED_EDGE('',*,*,#1884,.F.);
#870=ORIENTED_EDGE('',*,*,#1896,.T.);
#871=ORIENTED_EDGE('',*,*,#1891,.F.);
#872=ORIENTED_EDGE('',*,*,#1895,.F.);
#873=ORIENTED_EDGE('',*,*,#1896,.F.);
#874=ORIENTED_EDGE('',*,*,#1883,.T.);
#875=ORIENTED_EDGE('',*,*,#1897,.T.);
#876=ORIENTED_EDGE('',*,*,#1892,.T.);
#877=ORIENTED_EDGE('',*,*,#1897,.F.);
#878=ORIENTED_EDGE('',*,*,#1887,.T.);
#879=ORIENTED_EDGE('',*,*,#1894,.T.);
#880=ORIENTED_EDGE('',*,*,#1888,.T.);
#881=ORIENTED_EDGE('',*,*,#1898,.T.);
#882=ORIENTED_EDGE('',*,*,#1899,.F.);
#883=ORIENTED_EDGE('',*,*,#1900,.F.);
#884=ORIENTED_EDGE('',*,*,#1901,.T.);
#885=ORIENTED_EDGE('',*,*,#1902,.T.);
#886=ORIENTED_EDGE('',*,*,#1903,.F.);
#887=ORIENTED_EDGE('',*,*,#1904,.F.);
#888=ORIENTED_EDGE('',*,*,#1899,.T.);
#889=ORIENTED_EDGE('',*,*,#1905,.T.);
#890=ORIENTED_EDGE('',*,*,#1906,.F.);
#891=ORIENTED_EDGE('',*,*,#1907,.F.);
#892=ORIENTED_EDGE('',*,*,#1903,.T.);
#893=ORIENTED_EDGE('',*,*,#1908,.F.);
#894=ORIENTED_EDGE('',*,*,#1901,.F.);
#895=ORIENTED_EDGE('',*,*,#1909,.T.);
#896=ORIENTED_EDGE('',*,*,#1906,.T.);
#897=ORIENTED_EDGE('',*,*,#1900,.T.);
#898=ORIENTED_EDGE('',*,*,#1904,.T.);
#899=ORIENTED_EDGE('',*,*,#1907,.T.);
#900=ORIENTED_EDGE('',*,*,#1909,.F.);
#901=ORIENTED_EDGE('',*,*,#1898,.F.);
#902=ORIENTED_EDGE('',*,*,#1908,.T.);
#903=ORIENTED_EDGE('',*,*,#1905,.F.);
#904=ORIENTED_EDGE('',*,*,#1902,.F.);
#905=ORIENTED_EDGE('',*,*,#1910,.T.);
#906=ORIENTED_EDGE('',*,*,#1911,.F.);
#907=ORIENTED_EDGE('',*,*,#1912,.F.);
#908=ORIENTED_EDGE('',*,*,#1913,.T.);
#909=ORIENTED_EDGE('',*,*,#1914,.T.);
#910=ORIENTED_EDGE('',*,*,#1915,.F.);
#911=ORIENTED_EDGE('',*,*,#1916,.F.);
#912=ORIENTED_EDGE('',*,*,#1911,.T.);
#913=ORIENTED_EDGE('',*,*,#1917,.T.);
#914=ORIENTED_EDGE('',*,*,#1918,.F.);
#915=ORIENTED_EDGE('',*,*,#1919,.F.);
#916=ORIENTED_EDGE('',*,*,#1915,.T.);
#917=ORIENTED_EDGE('',*,*,#1920,.T.);
#918=ORIENTED_EDGE('',*,*,#1913,.F.);
#919=ORIENTED_EDGE('',*,*,#1921,.F.);
#920=ORIENTED_EDGE('',*,*,#1918,.T.);
#921=ORIENTED_EDGE('',*,*,#1912,.T.);
#922=ORIENTED_EDGE('',*,*,#1916,.T.);
#923=ORIENTED_EDGE('',*,*,#1919,.T.);
#924=ORIENTED_EDGE('',*,*,#1921,.T.);
#925=ORIENTED_EDGE('',*,*,#1910,.F.);
#926=ORIENTED_EDGE('',*,*,#1920,.F.);
#927=ORIENTED_EDGE('',*,*,#1917,.F.);
#928=ORIENTED_EDGE('',*,*,#1914,.F.);
#929=ORIENTED_EDGE('',*,*,#1922,.F.);
#930=ORIENTED_EDGE('',*,*,#1923,.F.);
#931=ORIENTED_EDGE('',*,*,#1924,.T.);
#932=ORIENTED_EDGE('',*,*,#1925,.T.);
#933=ORIENTED_EDGE('',*,*,#1926,.F.);
#934=ORIENTED_EDGE('',*,*,#1927,.F.);
#935=ORIENTED_EDGE('',*,*,#1928,.T.);
#936=ORIENTED_EDGE('',*,*,#1923,.T.);
#937=ORIENTED_EDGE('',*,*,#1929,.F.);
#938=ORIENTED_EDGE('',*,*,#1930,.F.);
#939=ORIENTED_EDGE('',*,*,#1931,.T.);
#940=ORIENTED_EDGE('',*,*,#1927,.T.);
#941=ORIENTED_EDGE('',*,*,#1932,.F.);
#942=ORIENTED_EDGE('',*,*,#1933,.F.);
#943=ORIENTED_EDGE('',*,*,#1934,.T.);
#944=ORIENTED_EDGE('',*,*,#1930,.T.);
#945=ORIENTED_EDGE('',*,*,#1935,.F.);
#946=ORIENTED_EDGE('',*,*,#1936,.F.);
#947=ORIENTED_EDGE('',*,*,#1937,.T.);
#948=ORIENTED_EDGE('',*,*,#1933,.T.);
#949=ORIENTED_EDGE('',*,*,#1938,.F.);
#950=ORIENTED_EDGE('',*,*,#1939,.F.);
#951=ORIENTED_EDGE('',*,*,#1940,.T.);
#952=ORIENTED_EDGE('',*,*,#1936,.T.);
#953=ORIENTED_EDGE('',*,*,#1941,.F.);
#954=ORIENTED_EDGE('',*,*,#1942,.F.);
#955=ORIENTED_EDGE('',*,*,#1943,.T.);
#956=ORIENTED_EDGE('',*,*,#1939,.T.);
#957=ORIENTED_EDGE('',*,*,#1944,.F.);
#958=ORIENTED_EDGE('',*,*,#1925,.F.);
#959=ORIENTED_EDGE('',*,*,#1945,.T.);
#960=ORIENTED_EDGE('',*,*,#1942,.T.);
#961=ORIENTED_EDGE('',*,*,#1924,.F.);
#962=ORIENTED_EDGE('',*,*,#1928,.F.);
#963=ORIENTED_EDGE('',*,*,#1931,.F.);
#964=ORIENTED_EDGE('',*,*,#1934,.F.);
#965=ORIENTED_EDGE('',*,*,#1937,.F.);
#966=ORIENTED_EDGE('',*,*,#1940,.F.);
#967=ORIENTED_EDGE('',*,*,#1943,.F.);
#968=ORIENTED_EDGE('',*,*,#1945,.F.);
#969=ORIENTED_EDGE('',*,*,#1922,.T.);
#970=ORIENTED_EDGE('',*,*,#1944,.T.);
#971=ORIENTED_EDGE('',*,*,#1941,.T.);
#972=ORIENTED_EDGE('',*,*,#1938,.T.);
#973=ORIENTED_EDGE('',*,*,#1935,.T.);
#974=ORIENTED_EDGE('',*,*,#1932,.T.);
#975=ORIENTED_EDGE('',*,*,#1929,.T.);
#976=ORIENTED_EDGE('',*,*,#1926,.T.);
#977=ORIENTED_EDGE('',*,*,#1946,.F.);
#978=ORIENTED_EDGE('',*,*,#1947,.F.);
#979=ORIENTED_EDGE('',*,*,#1948,.T.);
#980=ORIENTED_EDGE('',*,*,#1949,.T.);
#981=ORIENTED_EDGE('',*,*,#1950,.T.);
#982=ORIENTED_EDGE('',*,*,#1951,.F.);
#983=ORIENTED_EDGE('',*,*,#1952,.F.);
#984=ORIENTED_EDGE('',*,*,#1947,.T.);
#985=ORIENTED_EDGE('',*,*,#1953,.F.);
#986=ORIENTED_EDGE('',*,*,#1954,.F.);
#987=ORIENTED_EDGE('',*,*,#1955,.T.);
#988=ORIENTED_EDGE('',*,*,#1951,.T.);
#989=ORIENTED_EDGE('',*,*,#1956,.F.);
#990=ORIENTED_EDGE('',*,*,#1949,.F.);
#991=ORIENTED_EDGE('',*,*,#1957,.T.);
#992=ORIENTED_EDGE('',*,*,#1954,.T.);
#993=ORIENTED_EDGE('',*,*,#1948,.F.);
#994=ORIENTED_EDGE('',*,*,#1952,.T.);
#995=ORIENTED_EDGE('',*,*,#1955,.F.);
#996=ORIENTED_EDGE('',*,*,#1957,.F.);
#997=ORIENTED_EDGE('',*,*,#1946,.T.);
#998=ORIENTED_EDGE('',*,*,#1956,.T.);
#999=ORIENTED_EDGE('',*,*,#1953,.T.);
#1000=ORIENTED_EDGE('',*,*,#1950,.F.);
#1001=ORIENTED_EDGE('',*,*,#1958,.F.);
#1002=ORIENTED_EDGE('',*,*,#1959,.F.);
#1003=ORIENTED_EDGE('',*,*,#1960,.T.);
#1004=ORIENTED_EDGE('',*,*,#1961,.T.);
#1005=ORIENTED_EDGE('',*,*,#1962,.F.);
#1006=ORIENTED_EDGE('',*,*,#1963,.F.);
#1007=ORIENTED_EDGE('',*,*,#1964,.T.);
#1008=ORIENTED_EDGE('',*,*,#1959,.T.);
#1009=ORIENTED_EDGE('',*,*,#1965,.F.);
#1010=ORIENTED_EDGE('',*,*,#1966,.F.);
#1011=ORIENTED_EDGE('',*,*,#1967,.T.);
#1012=ORIENTED_EDGE('',*,*,#1963,.T.);
#1013=ORIENTED_EDGE('',*,*,#1968,.T.);
#1014=ORIENTED_EDGE('',*,*,#1961,.F.);
#1015=ORIENTED_EDGE('',*,*,#1969,.F.);
#1016=ORIENTED_EDGE('',*,*,#1966,.T.);
#1017=ORIENTED_EDGE('',*,*,#1960,.F.);
#1018=ORIENTED_EDGE('',*,*,#1964,.F.);
#1019=ORIENTED_EDGE('',*,*,#1967,.F.);
#1020=ORIENTED_EDGE('',*,*,#1969,.T.);
#1021=ORIENTED_EDGE('',*,*,#1958,.T.);
#1022=ORIENTED_EDGE('',*,*,#1968,.F.);
#1023=ORIENTED_EDGE('',*,*,#1965,.T.);
#1024=ORIENTED_EDGE('',*,*,#1962,.T.);
#1025=ORIENTED_EDGE('',*,*,#1970,.F.);
#1026=ORIENTED_EDGE('',*,*,#1971,.F.);
#1027=ORIENTED_EDGE('',*,*,#1972,.T.);
#1028=ORIENTED_EDGE('',*,*,#1973,.T.);
#1029=ORIENTED_EDGE('',*,*,#1974,.T.);
#1030=ORIENTED_EDGE('',*,*,#1975,.F.);
#1031=ORIENTED_EDGE('',*,*,#1976,.F.);
#1032=ORIENTED_EDGE('',*,*,#1971,.T.);
#1033=ORIENTED_EDGE('',*,*,#1977,.T.);
#1034=ORIENTED_EDGE('',*,*,#1978,.F.);
#1035=ORIENTED_EDGE('',*,*,#1979,.F.);
#1036=ORIENTED_EDGE('',*,*,#1975,.T.);
#1037=ORIENTED_EDGE('',*,*,#1980,.T.);
#1038=ORIENTED_EDGE('',*,*,#1981,.F.);
#1039=ORIENTED_EDGE('',*,*,#1982,.F.);
#1040=ORIENTED_EDGE('',*,*,#1978,.T.);
#1041=ORIENTED_EDGE('',*,*,#1983,.F.);
#1042=ORIENTED_EDGE('',*,*,#1984,.F.);
#1043=ORIENTED_EDGE('',*,*,#1985,.T.);
#1044=ORIENTED_EDGE('',*,*,#1981,.T.);
#1045=ORIENTED_EDGE('',*,*,#1986,.F.);
#1046=ORIENTED_EDGE('',*,*,#1987,.F.);
#1047=ORIENTED_EDGE('',*,*,#1988,.T.);
#1048=ORIENTED_EDGE('',*,*,#1984,.T.);
#1049=ORIENTED_EDGE('',*,*,#1989,.F.);
#1050=ORIENTED_EDGE('',*,*,#1973,.F.);
#1051=ORIENTED_EDGE('',*,*,#1990,.T.);
#1052=ORIENTED_EDGE('',*,*,#1987,.T.);
#1053=ORIENTED_EDGE('',*,*,#1972,.F.);
#1054=ORIENTED_EDGE('',*,*,#1976,.T.);
#1055=ORIENTED_EDGE('',*,*,#1979,.T.);
#1056=ORIENTED_EDGE('',*,*,#1982,.T.);
#1057=ORIENTED_EDGE('',*,*,#1985,.F.);
#1058=ORIENTED_EDGE('',*,*,#1988,.F.);
#1059=ORIENTED_EDGE('',*,*,#1990,.F.);
#1060=ORIENTED_EDGE('',*,*,#1970,.T.);
#1061=ORIENTED_EDGE('',*,*,#1989,.T.);
#1062=ORIENTED_EDGE('',*,*,#1986,.T.);
#1063=ORIENTED_EDGE('',*,*,#1983,.T.);
#1064=ORIENTED_EDGE('',*,*,#1980,.F.);
#1065=ORIENTED_EDGE('',*,*,#1977,.F.);
#1066=ORIENTED_EDGE('',*,*,#1974,.F.);
#1067=ORIENTED_EDGE('',*,*,#1991,.F.);
#1068=ORIENTED_EDGE('',*,*,#1992,.F.);
#1069=ORIENTED_EDGE('',*,*,#1993,.T.);
#1070=ORIENTED_EDGE('',*,*,#1994,.T.);
#1071=ORIENTED_EDGE('',*,*,#1995,.T.);
#1072=ORIENTED_EDGE('',*,*,#1996,.F.);
#1073=ORIENTED_EDGE('',*,*,#1997,.F.);
#1074=ORIENTED_EDGE('',*,*,#1992,.T.);
#1075=ORIENTED_EDGE('',*,*,#1998,.T.);
#1076=ORIENTED_EDGE('',*,*,#1999,.F.);
#1077=ORIENTED_EDGE('',*,*,#2000,.F.);
#1078=ORIENTED_EDGE('',*,*,#1996,.T.);
#1079=ORIENTED_EDGE('',*,*,#2001,.T.);
#1080=ORIENTED_EDGE('',*,*,#2002,.F.);
#1081=ORIENTED_EDGE('',*,*,#2003,.F.);
#1082=ORIENTED_EDGE('',*,*,#1999,.T.);
#1083=ORIENTED_EDGE('',*,*,#2004,.T.);
#1084=ORIENTED_EDGE('',*,*,#2005,.F.);
#1085=ORIENTED_EDGE('',*,*,#2006,.F.);
#1086=ORIENTED_EDGE('',*,*,#2002,.T.);
#1087=ORIENTED_EDGE('',*,*,#2007,.T.);
#1088=ORIENTED_EDGE('',*,*,#2008,.F.);
#1089=ORIENTED_EDGE('',*,*,#2009,.F.);
#1090=ORIENTED_EDGE('',*,*,#2005,.T.);
#1091=ORIENTED_EDGE('',*,*,#2010,.F.);
#1092=ORIENTED_EDGE('',*,*,#2011,.F.);
#1093=ORIENTED_EDGE('',*,*,#2012,.T.);
#1094=ORIENTED_EDGE('',*,*,#2008,.T.);
#1095=ORIENTED_EDGE('',*,*,#2013,.T.);
#1096=ORIENTED_EDGE('',*,*,#2014,.F.);
#1097=ORIENTED_EDGE('',*,*,#2015,.F.);
#1098=ORIENTED_EDGE('',*,*,#2011,.T.);
#1099=ORIENTED_EDGE('',*,*,#2016,.F.);
#1100=ORIENTED_EDGE('',*,*,#2017,.F.);
#1101=ORIENTED_EDGE('',*,*,#2018,.T.);
#1102=ORIENTED_EDGE('',*,*,#2014,.T.);
#1103=ORIENTED_EDGE('',*,*,#2019,.T.);
#1104=ORIENTED_EDGE('',*,*,#1994,.F.);
#1105=ORIENTED_EDGE('',*,*,#2020,.F.);
#1106=ORIENTED_EDGE('',*,*,#2017,.T.);
#1107=ORIENTED_EDGE('',*,*,#1993,.F.);
#1108=ORIENTED_EDGE('',*,*,#1997,.T.);
#1109=ORIENTED_EDGE('',*,*,#2000,.T.);
#1110=ORIENTED_EDGE('',*,*,#2003,.T.);
#1111=ORIENTED_EDGE('',*,*,#2006,.T.);
#1112=ORIENTED_EDGE('',*,*,#2009,.T.);
#1113=ORIENTED_EDGE('',*,*,#2012,.F.);
#1114=ORIENTED_EDGE('',*,*,#2015,.T.);
#1115=ORIENTED_EDGE('',*,*,#2018,.F.);
#1116=ORIENTED_EDGE('',*,*,#2020,.T.);
#1117=ORIENTED_EDGE('',*,*,#1991,.T.);
#1118=ORIENTED_EDGE('',*,*,#2019,.F.);
#1119=ORIENTED_EDGE('',*,*,#2016,.T.);
#1120=ORIENTED_EDGE('',*,*,#2013,.F.);
#1121=ORIENTED_EDGE('',*,*,#2010,.T.);
#1122=ORIENTED_EDGE('',*,*,#2007,.F.);
#1123=ORIENTED_EDGE('',*,*,#2004,.F.);
#1124=ORIENTED_EDGE('',*,*,#2001,.F.);
#1125=ORIENTED_EDGE('',*,*,#1998,.F.);
#1126=ORIENTED_EDGE('',*,*,#1995,.F.);
#1127=ORIENTED_EDGE('',*,*,#2021,.F.);
#1128=ORIENTED_EDGE('',*,*,#2022,.F.);
#1129=ORIENTED_EDGE('',*,*,#2023,.T.);
#1130=ORIENTED_EDGE('',*,*,#2024,.T.);
#1131=ORIENTED_EDGE('',*,*,#2025,.F.);
#1132=ORIENTED_EDGE('',*,*,#2026,.F.);
#1133=ORIENTED_EDGE('',*,*,#2027,.T.);
#1134=ORIENTED_EDGE('',*,*,#2022,.T.);
#1135=ORIENTED_EDGE('',*,*,#2028,.F.);
#1136=ORIENTED_EDGE('',*,*,#2029,.F.);
#1137=ORIENTED_EDGE('',*,*,#2030,.T.);
#1138=ORIENTED_EDGE('',*,*,#2026,.T.);
#1139=ORIENTED_EDGE('',*,*,#2031,.T.);
#1140=ORIENTED_EDGE('',*,*,#2024,.F.);
#1141=ORIENTED_EDGE('',*,*,#2032,.F.);
#1142=ORIENTED_EDGE('',*,*,#2029,.T.);
#1143=ORIENTED_EDGE('',*,*,#2023,.F.);
#1144=ORIENTED_EDGE('',*,*,#2027,.F.);
#1145=ORIENTED_EDGE('',*,*,#2030,.F.);
#1146=ORIENTED_EDGE('',*,*,#2032,.T.);
#1147=ORIENTED_EDGE('',*,*,#2021,.T.);
#1148=ORIENTED_EDGE('',*,*,#2031,.F.);
#1149=ORIENTED_EDGE('',*,*,#2028,.T.);
#1150=ORIENTED_EDGE('',*,*,#2025,.T.);
#1151=ORIENTED_EDGE('',*,*,#2033,.F.);
#1152=ORIENTED_EDGE('',*,*,#2034,.F.);
#1153=ORIENTED_EDGE('',*,*,#2035,.T.);
#1154=ORIENTED_EDGE('',*,*,#2036,.T.);
#1155=ORIENTED_EDGE('',*,*,#2037,.T.);
#1156=ORIENTED_EDGE('',*,*,#2038,.F.);
#1157=ORIENTED_EDGE('',*,*,#2039,.F.);
#1158=ORIENTED_EDGE('',*,*,#2034,.T.);
#1159=ORIENTED_EDGE('',*,*,#2040,.F.);
#1160=ORIENTED_EDGE('',*,*,#2041,.F.);
#1161=ORIENTED_EDGE('',*,*,#2042,.T.);
#1162=ORIENTED_EDGE('',*,*,#2038,.T.);
#1163=ORIENTED_EDGE('',*,*,#2043,.T.);
#1164=ORIENTED_EDGE('',*,*,#2036,.F.);
#1165=ORIENTED_EDGE('',*,*,#2044,.F.);
#1166=ORIENTED_EDGE('',*,*,#2041,.T.);
#1167=ORIENTED_EDGE('',*,*,#2035,.F.);
#1168=ORIENTED_EDGE('',*,*,#2039,.T.);
#1169=ORIENTED_EDGE('',*,*,#2042,.F.);
#1170=ORIENTED_EDGE('',*,*,#2044,.T.);
#1171=ORIENTED_EDGE('',*,*,#2033,.T.);
#1172=ORIENTED_EDGE('',*,*,#2043,.F.);
#1173=ORIENTED_EDGE('',*,*,#2040,.T.);
#1174=ORIENTED_EDGE('',*,*,#2037,.F.);
#1175=ORIENTED_EDGE('',*,*,#2045,.T.);
#1176=ORIENTED_EDGE('',*,*,#2046,.F.);
#1177=ORIENTED_EDGE('',*,*,#2047,.F.);
#1178=ORIENTED_EDGE('',*,*,#2048,.T.);
#1179=ORIENTED_EDGE('',*,*,#2049,.T.);
#1180=ORIENTED_EDGE('',*,*,#2050,.F.);
#1181=ORIENTED_EDGE('',*,*,#2051,.F.);
#1182=ORIENTED_EDGE('',*,*,#2046,.T.);
#1183=ORIENTED_EDGE('',*,*,#2052,.F.);
#1184=ORIENTED_EDGE('',*,*,#2053,.F.);
#1185=ORIENTED_EDGE('',*,*,#2054,.T.);
#1186=ORIENTED_EDGE('',*,*,#2050,.T.);
#1187=ORIENTED_EDGE('',*,*,#2055,.T.);
#1188=ORIENTED_EDGE('',*,*,#2048,.F.);
#1189=ORIENTED_EDGE('',*,*,#2056,.F.);
#1190=ORIENTED_EDGE('',*,*,#2053,.T.);
#1191=ORIENTED_EDGE('',*,*,#2047,.T.);
#1192=ORIENTED_EDGE('',*,*,#2051,.T.);
#1193=ORIENTED_EDGE('',*,*,#2054,.F.);
#1194=ORIENTED_EDGE('',*,*,#2056,.T.);
#1195=ORIENTED_EDGE('',*,*,#2045,.F.);
#1196=ORIENTED_EDGE('',*,*,#2055,.F.);
#1197=ORIENTED_EDGE('',*,*,#2052,.T.);
#1198=ORIENTED_EDGE('',*,*,#2049,.F.);
#1199=ORIENTED_EDGE('',*,*,#2057,.F.);
#1200=ORIENTED_EDGE('',*,*,#2058,.F.);
#1201=ORIENTED_EDGE('',*,*,#2059,.T.);
#1202=ORIENTED_EDGE('',*,*,#2060,.T.);
#1203=ORIENTED_EDGE('',*,*,#2061,.T.);
#1204=ORIENTED_EDGE('',*,*,#2062,.F.);
#1205=ORIENTED_EDGE('',*,*,#2063,.F.);
#1206=ORIENTED_EDGE('',*,*,#2058,.T.);
#1207=ORIENTED_EDGE('',*,*,#2064,.F.);
#1208=ORIENTED_EDGE('',*,*,#2065,.F.);
#1209=ORIENTED_EDGE('',*,*,#2066,.T.);
#1210=ORIENTED_EDGE('',*,*,#2062,.T.);
#1211=ORIENTED_EDGE('',*,*,#2067,.F.);
#1212=ORIENTED_EDGE('',*,*,#2060,.F.);
#1213=ORIENTED_EDGE('',*,*,#2068,.T.);
#1214=ORIENTED_EDGE('',*,*,#2065,.T.);
#1215=ORIENTED_EDGE('',*,*,#2059,.F.);
#1216=ORIENTED_EDGE('',*,*,#2063,.T.);
#1217=ORIENTED_EDGE('',*,*,#2066,.F.);
#1218=ORIENTED_EDGE('',*,*,#2068,.F.);
#1219=ORIENTED_EDGE('',*,*,#2057,.T.);
#1220=ORIENTED_EDGE('',*,*,#2067,.T.);
#1221=ORIENTED_EDGE('',*,*,#2064,.T.);
#1222=ORIENTED_EDGE('',*,*,#2061,.F.);
#1223=ORIENTED_EDGE('',*,*,#2069,.T.);
#1224=ORIENTED_EDGE('',*,*,#2070,.F.);
#1225=ORIENTED_EDGE('',*,*,#2071,.F.);
#1226=ORIENTED_EDGE('',*,*,#2072,.T.);
#1227=ORIENTED_EDGE('',*,*,#2073,.T.);
#1228=ORIENTED_EDGE('',*,*,#2074,.F.);
#1229=ORIENTED_EDGE('',*,*,#2075,.F.);
#1230=ORIENTED_EDGE('',*,*,#2070,.T.);
#1231=ORIENTED_EDGE('',*,*,#2076,.T.);
#1232=ORIENTED_EDGE('',*,*,#2077,.F.);
#1233=ORIENTED_EDGE('',*,*,#2078,.F.);
#1234=ORIENTED_EDGE('',*,*,#2074,.T.);
#1235=ORIENTED_EDGE('',*,*,#2079,.T.);
#1236=ORIENTED_EDGE('',*,*,#2080,.F.);
#1237=ORIENTED_EDGE('',*,*,#2081,.F.);
#1238=ORIENTED_EDGE('',*,*,#2077,.T.);
#1239=ORIENTED_EDGE('',*,*,#2082,.T.);
#1240=ORIENTED_EDGE('',*,*,#2083,.F.);
#1241=ORIENTED_EDGE('',*,*,#2084,.F.);
#1242=ORIENTED_EDGE('',*,*,#2080,.T.);
#1243=ORIENTED_EDGE('',*,*,#2085,.T.);
#1244=ORIENTED_EDGE('',*,*,#2086,.F.);
#1245=ORIENTED_EDGE('',*,*,#2087,.F.);
#1246=ORIENTED_EDGE('',*,*,#2083,.T.);
#1247=ORIENTED_EDGE('',*,*,#2088,.T.);
#1248=ORIENTED_EDGE('',*,*,#2089,.F.);
#1249=ORIENTED_EDGE('',*,*,#2090,.F.);
#1250=ORIENTED_EDGE('',*,*,#2086,.T.);
#1251=ORIENTED_EDGE('',*,*,#2091,.T.);
#1252=ORIENTED_EDGE('',*,*,#2092,.F.);
#1253=ORIENTED_EDGE('',*,*,#2093,.F.);
#1254=ORIENTED_EDGE('',*,*,#2089,.T.);
#1255=ORIENTED_EDGE('',*,*,#2094,.T.);
#1256=ORIENTED_EDGE('',*,*,#2095,.F.);
#1257=ORIENTED_EDGE('',*,*,#2096,.F.);
#1258=ORIENTED_EDGE('',*,*,#2092,.T.);
#1259=ORIENTED_EDGE('',*,*,#2097,.F.);
#1260=ORIENTED_EDGE('',*,*,#2098,.F.);
#1261=ORIENTED_EDGE('',*,*,#2099,.T.);
#1262=ORIENTED_EDGE('',*,*,#2095,.T.);
#1263=ORIENTED_EDGE('',*,*,#2100,.F.);
#1264=ORIENTED_EDGE('',*,*,#2101,.F.);
#1265=ORIENTED_EDGE('',*,*,#2102,.T.);
#1266=ORIENTED_EDGE('',*,*,#2098,.T.);
#1267=ORIENTED_EDGE('',*,*,#2103,.F.);
#1268=ORIENTED_EDGE('',*,*,#2104,.F.);
#1269=ORIENTED_EDGE('',*,*,#2105,.T.);
#1270=ORIENTED_EDGE('',*,*,#2101,.T.);
#1271=ORIENTED_EDGE('',*,*,#2106,.T.);
#1272=ORIENTED_EDGE('',*,*,#2107,.F.);
#1273=ORIENTED_EDGE('',*,*,#2108,.F.);
#1274=ORIENTED_EDGE('',*,*,#2104,.T.);
#1275=ORIENTED_EDGE('',*,*,#2109,.T.);
#1276=ORIENTED_EDGE('',*,*,#2110,.F.);
#1277=ORIENTED_EDGE('',*,*,#2111,.F.);
#1278=ORIENTED_EDGE('',*,*,#2107,.T.);
#1279=ORIENTED_EDGE('',*,*,#2112,.F.);
#1280=ORIENTED_EDGE('',*,*,#2113,.F.);
#1281=ORIENTED_EDGE('',*,*,#2114,.T.);
#1282=ORIENTED_EDGE('',*,*,#2110,.T.);
#1283=ORIENTED_EDGE('',*,*,#2115,.F.);
#1284=ORIENTED_EDGE('',*,*,#2116,.F.);
#1285=ORIENTED_EDGE('',*,*,#2117,.T.);
#1286=ORIENTED_EDGE('',*,*,#2113,.T.);
#1287=ORIENTED_EDGE('',*,*,#2118,.F.);
#1288=ORIENTED_EDGE('',*,*,#2119,.F.);
#1289=ORIENTED_EDGE('',*,*,#2120,.T.);
#1290=ORIENTED_EDGE('',*,*,#2116,.T.);
#1291=ORIENTED_EDGE('',*,*,#2121,.T.);
#1292=ORIENTED_EDGE('',*,*,#2122,.F.);
#1293=ORIENTED_EDGE('',*,*,#2123,.F.);
#1294=ORIENTED_EDGE('',*,*,#2119,.T.);
#1295=ORIENTED_EDGE('',*,*,#2124,.T.);
#1296=ORIENTED_EDGE('',*,*,#2125,.F.);
#1297=ORIENTED_EDGE('',*,*,#2126,.F.);
#1298=ORIENTED_EDGE('',*,*,#2122,.T.);
#1299=ORIENTED_EDGE('',*,*,#2127,.F.);
#1300=ORIENTED_EDGE('',*,*,#2128,.F.);
#1301=ORIENTED_EDGE('',*,*,#2129,.T.);
#1302=ORIENTED_EDGE('',*,*,#2125,.T.);
#1303=ORIENTED_EDGE('',*,*,#2130,.T.);
#1304=ORIENTED_EDGE('',*,*,#2131,.F.);
#1305=ORIENTED_EDGE('',*,*,#2132,.F.);
#1306=ORIENTED_EDGE('',*,*,#2128,.T.);
#1307=ORIENTED_EDGE('',*,*,#2133,.T.);
#1308=ORIENTED_EDGE('',*,*,#2134,.F.);
#1309=ORIENTED_EDGE('',*,*,#2135,.F.);
#1310=ORIENTED_EDGE('',*,*,#2131,.T.);
#1311=ORIENTED_EDGE('',*,*,#2136,.T.);
#1312=ORIENTED_EDGE('',*,*,#2137,.F.);
#1313=ORIENTED_EDGE('',*,*,#2138,.F.);
#1314=ORIENTED_EDGE('',*,*,#2134,.T.);
#1315=ORIENTED_EDGE('',*,*,#2139,.T.);
#1316=ORIENTED_EDGE('',*,*,#2072,.F.);
#1317=ORIENTED_EDGE('',*,*,#2140,.F.);
#1318=ORIENTED_EDGE('',*,*,#2137,.T.);
#1319=ORIENTED_EDGE('',*,*,#2071,.T.);
#1320=ORIENTED_EDGE('',*,*,#2075,.T.);
#1321=ORIENTED_EDGE('',*,*,#2078,.T.);
#1322=ORIENTED_EDGE('',*,*,#2081,.T.);
#1323=ORIENTED_EDGE('',*,*,#2084,.T.);
#1324=ORIENTED_EDGE('',*,*,#2087,.T.);
#1325=ORIENTED_EDGE('',*,*,#2090,.T.);
#1326=ORIENTED_EDGE('',*,*,#2093,.T.);
#1327=ORIENTED_EDGE('',*,*,#2096,.T.);
#1328=ORIENTED_EDGE('',*,*,#2099,.F.);
#1329=ORIENTED_EDGE('',*,*,#2102,.F.);
#1330=ORIENTED_EDGE('',*,*,#2105,.F.);
#1331=ORIENTED_EDGE('',*,*,#2108,.T.);
#1332=ORIENTED_EDGE('',*,*,#2111,.T.);
#1333=ORIENTED_EDGE('',*,*,#2114,.F.);
#1334=ORIENTED_EDGE('',*,*,#2117,.F.);
#1335=ORIENTED_EDGE('',*,*,#2120,.F.);
#1336=ORIENTED_EDGE('',*,*,#2123,.T.);
#1337=ORIENTED_EDGE('',*,*,#2126,.T.);
#1338=ORIENTED_EDGE('',*,*,#2129,.F.);
#1339=ORIENTED_EDGE('',*,*,#2132,.T.);
#1340=ORIENTED_EDGE('',*,*,#2135,.T.);
#1341=ORIENTED_EDGE('',*,*,#2138,.T.);
#1342=ORIENTED_EDGE('',*,*,#2140,.T.);
#1343=ORIENTED_EDGE('',*,*,#2069,.F.);
#1344=ORIENTED_EDGE('',*,*,#2139,.F.);
#1345=ORIENTED_EDGE('',*,*,#2136,.F.);
#1346=ORIENTED_EDGE('',*,*,#2133,.F.);
#1347=ORIENTED_EDGE('',*,*,#2130,.F.);
#1348=ORIENTED_EDGE('',*,*,#2127,.T.);
#1349=ORIENTED_EDGE('',*,*,#2124,.F.);
#1350=ORIENTED_EDGE('',*,*,#2121,.F.);
#1351=ORIENTED_EDGE('',*,*,#2118,.T.);
#1352=ORIENTED_EDGE('',*,*,#2115,.T.);
#1353=ORIENTED_EDGE('',*,*,#2112,.T.);
#1354=ORIENTED_EDGE('',*,*,#2109,.F.);
#1355=ORIENTED_EDGE('',*,*,#2106,.F.);
#1356=ORIENTED_EDGE('',*,*,#2103,.T.);
#1357=ORIENTED_EDGE('',*,*,#2100,.T.);
#1358=ORIENTED_EDGE('',*,*,#2097,.T.);
#1359=ORIENTED_EDGE('',*,*,#2094,.F.);
#1360=ORIENTED_EDGE('',*,*,#2091,.F.);
#1361=ORIENTED_EDGE('',*,*,#2088,.F.);
#1362=ORIENTED_EDGE('',*,*,#2085,.F.);
#1363=ORIENTED_EDGE('',*,*,#2082,.F.);
#1364=ORIENTED_EDGE('',*,*,#2079,.F.);
#1365=ORIENTED_EDGE('',*,*,#2076,.F.);
#1366=ORIENTED_EDGE('',*,*,#2073,.F.);
#1367=ORIENTED_EDGE('',*,*,#2141,.T.);
#1368=ORIENTED_EDGE('',*,*,#2142,.F.);
#1369=ORIENTED_EDGE('',*,*,#2143,.F.);
#1370=ORIENTED_EDGE('',*,*,#2144,.T.);
#1371=ORIENTED_EDGE('',*,*,#2145,.T.);
#1372=ORIENTED_EDGE('',*,*,#2146,.F.);
#1373=ORIENTED_EDGE('',*,*,#2147,.F.);
#1374=ORIENTED_EDGE('',*,*,#2142,.T.);
#1375=ORIENTED_EDGE('',*,*,#2148,.F.);
#1376=ORIENTED_EDGE('',*,*,#2149,.F.);
#1377=ORIENTED_EDGE('',*,*,#2150,.T.);
#1378=ORIENTED_EDGE('',*,*,#2146,.T.);
#1379=ORIENTED_EDGE('',*,*,#2151,.F.);
#1380=ORIENTED_EDGE('',*,*,#2152,.F.);
#1381=ORIENTED_EDGE('',*,*,#2153,.T.);
#1382=ORIENTED_EDGE('',*,*,#2149,.T.);
#1383=ORIENTED_EDGE('',*,*,#2154,.F.);
#1384=ORIENTED_EDGE('',*,*,#2144,.F.);
#1385=ORIENTED_EDGE('',*,*,#2155,.T.);
#1386=ORIENTED_EDGE('',*,*,#2152,.T.);
#1387=ORIENTED_EDGE('',*,*,#2143,.T.);
#1388=ORIENTED_EDGE('',*,*,#2147,.T.);
#1389=ORIENTED_EDGE('',*,*,#2150,.F.);
#1390=ORIENTED_EDGE('',*,*,#2153,.F.);
#1391=ORIENTED_EDGE('',*,*,#2155,.F.);
#1392=ORIENTED_EDGE('',*,*,#2141,.F.);
#1393=ORIENTED_EDGE('',*,*,#2154,.T.);
#1394=ORIENTED_EDGE('',*,*,#2151,.T.);
#1395=ORIENTED_EDGE('',*,*,#2148,.T.);
#1396=ORIENTED_EDGE('',*,*,#2145,.F.);
#1397=ORIENTED_EDGE('',*,*,#2156,.F.);
#1398=ORIENTED_EDGE('',*,*,#2157,.F.);
#1399=ORIENTED_EDGE('',*,*,#2158,.T.);
#1400=ORIENTED_EDGE('',*,*,#2159,.T.);
#1401=ORIENTED_EDGE('',*,*,#2160,.T.);
#1402=ORIENTED_EDGE('',*,*,#2161,.F.);
#1403=ORIENTED_EDGE('',*,*,#2162,.F.);
#1404=ORIENTED_EDGE('',*,*,#2157,.T.);
#1405=ORIENTED_EDGE('',*,*,#2163,.F.);
#1406=ORIENTED_EDGE('',*,*,#2164,.F.);
#1407=ORIENTED_EDGE('',*,*,#2165,.T.);
#1408=ORIENTED_EDGE('',*,*,#2161,.T.);
#1409=ORIENTED_EDGE('',*,*,#2166,.F.);
#1410=ORIENTED_EDGE('',*,*,#2159,.F.);
#1411=ORIENTED_EDGE('',*,*,#2167,.T.);
#1412=ORIENTED_EDGE('',*,*,#2164,.T.);
#1413=ORIENTED_EDGE('',*,*,#2158,.F.);
#1414=ORIENTED_EDGE('',*,*,#2162,.T.);
#1415=ORIENTED_EDGE('',*,*,#2165,.F.);
#1416=ORIENTED_EDGE('',*,*,#2167,.F.);
#1417=ORIENTED_EDGE('',*,*,#2156,.T.);
#1418=ORIENTED_EDGE('',*,*,#2166,.T.);
#1419=ORIENTED_EDGE('',*,*,#2163,.T.);
#1420=ORIENTED_EDGE('',*,*,#2160,.F.);
#1421=ORIENTED_EDGE('',*,*,#2168,.T.);
#1422=ORIENTED_EDGE('',*,*,#2169,.F.);
#1423=ORIENTED_EDGE('',*,*,#2170,.F.);
#1424=ORIENTED_EDGE('',*,*,#2171,.T.);
#1425=ORIENTED_EDGE('',*,*,#2172,.T.);
#1426=ORIENTED_EDGE('',*,*,#2173,.F.);
#1427=ORIENTED_EDGE('',*,*,#2174,.F.);
#1428=ORIENTED_EDGE('',*,*,#2169,.T.);
#1429=ORIENTED_EDGE('',*,*,#2175,.T.);
#1430=ORIENTED_EDGE('',*,*,#2176,.F.);
#1431=ORIENTED_EDGE('',*,*,#2177,.F.);
#1432=ORIENTED_EDGE('',*,*,#2173,.T.);
#1433=ORIENTED_EDGE('',*,*,#2178,.T.);
#1434=ORIENTED_EDGE('',*,*,#2171,.F.);
#1435=ORIENTED_EDGE('',*,*,#2179,.F.);
#1436=ORIENTED_EDGE('',*,*,#2176,.T.);
#1437=ORIENTED_EDGE('',*,*,#2170,.T.);
#1438=ORIENTED_EDGE('',*,*,#2174,.T.);
#1439=ORIENTED_EDGE('',*,*,#2177,.T.);
#1440=ORIENTED_EDGE('',*,*,#2179,.T.);
#1441=ORIENTED_EDGE('',*,*,#2168,.F.);
#1442=ORIENTED_EDGE('',*,*,#2178,.F.);
#1443=ORIENTED_EDGE('',*,*,#2175,.F.);
#1444=ORIENTED_EDGE('',*,*,#2172,.F.);
#1445=ORIENTED_EDGE('',*,*,#2180,.T.);
#1446=ORIENTED_EDGE('',*,*,#2181,.F.);
#1447=ORIENTED_EDGE('',*,*,#2182,.T.);
#1448=ORIENTED_EDGE('',*,*,#2183,.F.);
#1449=ORIENTED_EDGE('',*,*,#2184,.F.);
#1450=ORIENTED_EDGE('',*,*,#2185,.T.);
#1451=ORIENTED_EDGE('',*,*,#2186,.F.);
#1452=ORIENTED_EDGE('',*,*,#2187,.T.);
#1453=ORIENTED_EDGE('',*,*,#2182,.F.);
#1454=ORIENTED_EDGE('',*,*,#2188,.T.);
#1455=ORIENTED_EDGE('',*,*,#2185,.F.);
#1456=ORIENTED_EDGE('',*,*,#2189,.F.);
#1457=ORIENTED_EDGE('',*,*,#2188,.F.);
#1458=ORIENTED_EDGE('',*,*,#2181,.T.);
#1459=ORIENTED_EDGE('',*,*,#2190,.T.);
#1460=ORIENTED_EDGE('',*,*,#2186,.T.);
#1461=ORIENTED_EDGE('',*,*,#2180,.F.);
#1462=ORIENTED_EDGE('',*,*,#2191,.T.);
#1463=ORIENTED_EDGE('',*,*,#2187,.F.);
#1464=ORIENTED_EDGE('',*,*,#2190,.F.);
#1465=ORIENTED_EDGE('',*,*,#2191,.F.);
#1466=ORIENTED_EDGE('',*,*,#2183,.T.);
#1467=ORIENTED_EDGE('',*,*,#2189,.T.);
#1468=ORIENTED_EDGE('',*,*,#2184,.T.);
#1469=ORIENTED_EDGE('',*,*,#2192,.F.);
#1470=ORIENTED_EDGE('',*,*,#2193,.F.);
#1471=ORIENTED_EDGE('',*,*,#2194,.T.);
#1472=ORIENTED_EDGE('',*,*,#2195,.T.);
#1473=ORIENTED_EDGE('',*,*,#2196,.T.);
#1474=ORIENTED_EDGE('',*,*,#2197,.F.);
#1475=ORIENTED_EDGE('',*,*,#2198,.F.);
#1476=ORIENTED_EDGE('',*,*,#2193,.T.);
#1477=ORIENTED_EDGE('',*,*,#2199,.T.);
#1478=ORIENTED_EDGE('',*,*,#2200,.F.);
#1479=ORIENTED_EDGE('',*,*,#2201,.F.);
#1480=ORIENTED_EDGE('',*,*,#2197,.T.);
#1481=ORIENTED_EDGE('',*,*,#2202,.T.);
#1482=ORIENTED_EDGE('',*,*,#2203,.F.);
#1483=ORIENTED_EDGE('',*,*,#2204,.F.);
#1484=ORIENTED_EDGE('',*,*,#2200,.T.);
#1485=ORIENTED_EDGE('',*,*,#2205,.T.);
#1486=ORIENTED_EDGE('',*,*,#2206,.F.);
#1487=ORIENTED_EDGE('',*,*,#2207,.F.);
#1488=ORIENTED_EDGE('',*,*,#2203,.T.);
#1489=ORIENTED_EDGE('',*,*,#2208,.T.);
#1490=ORIENTED_EDGE('',*,*,#2209,.F.);
#1491=ORIENTED_EDGE('',*,*,#2210,.F.);
#1492=ORIENTED_EDGE('',*,*,#2206,.T.);
#1493=ORIENTED_EDGE('',*,*,#2211,.F.);
#1494=ORIENTED_EDGE('',*,*,#2212,.F.);
#1495=ORIENTED_EDGE('',*,*,#2213,.T.);
#1496=ORIENTED_EDGE('',*,*,#2209,.T.);
#1497=ORIENTED_EDGE('',*,*,#2214,.T.);
#1498=ORIENTED_EDGE('',*,*,#2215,.F.);
#1499=ORIENTED_EDGE('',*,*,#2216,.F.);
#1500=ORIENTED_EDGE('',*,*,#2212,.T.);
#1501=ORIENTED_EDGE('',*,*,#2217,.F.);
#1502=ORIENTED_EDGE('',*,*,#2218,.F.);
#1503=ORIENTED_EDGE('',*,*,#2219,.T.);
#1504=ORIENTED_EDGE('',*,*,#2215,.T.);
#1505=ORIENTED_EDGE('',*,*,#2220,.T.);
#1506=ORIENTED_EDGE('',*,*,#2195,.F.);
#1507=ORIENTED_EDGE('',*,*,#2221,.F.);
#1508=ORIENTED_EDGE('',*,*,#2218,.T.);
#1509=ORIENTED_EDGE('',*,*,#2194,.F.);
#1510=ORIENTED_EDGE('',*,*,#2198,.T.);
#1511=ORIENTED_EDGE('',*,*,#2201,.T.);
#1512=ORIENTED_EDGE('',*,*,#2204,.T.);
#1513=ORIENTED_EDGE('',*,*,#2207,.T.);
#1514=ORIENTED_EDGE('',*,*,#2210,.T.);
#1515=ORIENTED_EDGE('',*,*,#2213,.F.);
#1516=ORIENTED_EDGE('',*,*,#2216,.T.);
#1517=ORIENTED_EDGE('',*,*,#2219,.F.);
#1518=ORIENTED_EDGE('',*,*,#2221,.T.);
#1519=ORIENTED_EDGE('',*,*,#2192,.T.);
#1520=ORIENTED_EDGE('',*,*,#2220,.F.);
#1521=ORIENTED_EDGE('',*,*,#2217,.T.);
#1522=ORIENTED_EDGE('',*,*,#2214,.F.);
#1523=ORIENTED_EDGE('',*,*,#2211,.T.);
#1524=ORIENTED_EDGE('',*,*,#2208,.F.);
#1525=ORIENTED_EDGE('',*,*,#2205,.F.);
#1526=ORIENTED_EDGE('',*,*,#2202,.F.);
#1527=ORIENTED_EDGE('',*,*,#2199,.F.);
#1528=ORIENTED_EDGE('',*,*,#2196,.F.);
#1529=ORIENTED_EDGE('',*,*,#2222,.F.);
#1530=ORIENTED_EDGE('',*,*,#2223,.T.);
#1531=ORIENTED_EDGE('',*,*,#2224,.T.);
#1532=ORIENTED_EDGE('',*,*,#2225,.F.);
#1533=ORIENTED_EDGE('',*,*,#2226,.F.);
#1534=ORIENTED_EDGE('',*,*,#2227,.T.);
#1535=ORIENTED_EDGE('',*,*,#2228,.T.);
#1536=ORIENTED_EDGE('',*,*,#2223,.F.);
#1537=ORIENTED_EDGE('',*,*,#2229,.F.);
#1538=ORIENTED_EDGE('',*,*,#2230,.T.);
#1539=ORIENTED_EDGE('',*,*,#2231,.T.);
#1540=ORIENTED_EDGE('',*,*,#2227,.F.);
#1541=ORIENTED_EDGE('',*,*,#2232,.F.);
#1542=ORIENTED_EDGE('',*,*,#2233,.T.);
#1543=ORIENTED_EDGE('',*,*,#2234,.T.);
#1544=ORIENTED_EDGE('',*,*,#2230,.F.);
#1545=ORIENTED_EDGE('',*,*,#2235,.F.);
#1546=ORIENTED_EDGE('',*,*,#2236,.T.);
#1547=ORIENTED_EDGE('',*,*,#2237,.T.);
#1548=ORIENTED_EDGE('',*,*,#2233,.F.);
#1549=ORIENTED_EDGE('',*,*,#2238,.F.);
#1550=ORIENTED_EDGE('',*,*,#2239,.T.);
#1551=ORIENTED_EDGE('',*,*,#2240,.T.);
#1552=ORIENTED_EDGE('',*,*,#2236,.F.);
#1553=ORIENTED_EDGE('',*,*,#2241,.F.);
#1554=ORIENTED_EDGE('',*,*,#2242,.T.);
#1555=ORIENTED_EDGE('',*,*,#2243,.T.);
#1556=ORIENTED_EDGE('',*,*,#2239,.F.);
#1557=ORIENTED_EDGE('',*,*,#2244,.F.);
#1558=ORIENTED_EDGE('',*,*,#2225,.T.);
#1559=ORIENTED_EDGE('',*,*,#2245,.T.);
#1560=ORIENTED_EDGE('',*,*,#2242,.F.);
#1561=ORIENTED_EDGE('',*,*,#2224,.F.);
#1562=ORIENTED_EDGE('',*,*,#2228,.F.);
#1563=ORIENTED_EDGE('',*,*,#2231,.F.);
#1564=ORIENTED_EDGE('',*,*,#2234,.F.);
#1565=ORIENTED_EDGE('',*,*,#2237,.F.);
#1566=ORIENTED_EDGE('',*,*,#2240,.F.);
#1567=ORIENTED_EDGE('',*,*,#2243,.F.);
#1568=ORIENTED_EDGE('',*,*,#2245,.F.);
#1569=ORIENTED_EDGE('',*,*,#2226,.T.);
#1570=ORIENTED_EDGE('',*,*,#2222,.T.);
#1571=ORIENTED_EDGE('',*,*,#2244,.T.);
#1572=ORIENTED_EDGE('',*,*,#2241,.T.);
#1573=ORIENTED_EDGE('',*,*,#2238,.T.);
#1574=ORIENTED_EDGE('',*,*,#2235,.T.);
#1575=ORIENTED_EDGE('',*,*,#2232,.T.);
#1576=ORIENTED_EDGE('',*,*,#2229,.T.);
#1577=ORIENTED_EDGE('',*,*,#2246,.F.);
#1578=ORIENTED_EDGE('',*,*,#2247,.F.);
#1579=ORIENTED_EDGE('',*,*,#2248,.T.);
#1580=ORIENTED_EDGE('',*,*,#2249,.T.);
#1581=ORIENTED_EDGE('',*,*,#2250,.F.);
#1582=ORIENTED_EDGE('',*,*,#2251,.F.);
#1583=ORIENTED_EDGE('',*,*,#2252,.T.);
#1584=ORIENTED_EDGE('',*,*,#2247,.T.);
#1585=ORIENTED_EDGE('',*,*,#2253,.F.);
#1586=ORIENTED_EDGE('',*,*,#2254,.F.);
#1587=ORIENTED_EDGE('',*,*,#2255,.T.);
#1588=ORIENTED_EDGE('',*,*,#2251,.T.);
#1589=ORIENTED_EDGE('',*,*,#2256,.F.);
#1590=ORIENTED_EDGE('',*,*,#2257,.F.);
#1591=ORIENTED_EDGE('',*,*,#2258,.T.);
#1592=ORIENTED_EDGE('',*,*,#2254,.T.);
#1593=ORIENTED_EDGE('',*,*,#2259,.F.);
#1594=ORIENTED_EDGE('',*,*,#2260,.F.);
#1595=ORIENTED_EDGE('',*,*,#2261,.T.);
#1596=ORIENTED_EDGE('',*,*,#2257,.T.);
#1597=ORIENTED_EDGE('',*,*,#2262,.F.);
#1598=ORIENTED_EDGE('',*,*,#2249,.F.);
#1599=ORIENTED_EDGE('',*,*,#2263,.T.);
#1600=ORIENTED_EDGE('',*,*,#2260,.T.);
#1601=ORIENTED_EDGE('',*,*,#2248,.F.);
#1602=ORIENTED_EDGE('',*,*,#2252,.F.);
#1603=ORIENTED_EDGE('',*,*,#2255,.F.);
#1604=ORIENTED_EDGE('',*,*,#2258,.F.);
#1605=ORIENTED_EDGE('',*,*,#2261,.F.);
#1606=ORIENTED_EDGE('',*,*,#2263,.F.);
#1607=ORIENTED_EDGE('',*,*,#2246,.T.);
#1608=ORIENTED_EDGE('',*,*,#2262,.T.);
#1609=ORIENTED_EDGE('',*,*,#2259,.T.);
#1610=ORIENTED_EDGE('',*,*,#2256,.T.);
#1611=ORIENTED_EDGE('',*,*,#2253,.T.);
#1612=ORIENTED_EDGE('',*,*,#2250,.T.);
#1613=ORIENTED_EDGE('',*,*,#2264,.F.);
#1614=ORIENTED_EDGE('',*,*,#2265,.T.);
#1615=ORIENTED_EDGE('',*,*,#2266,.T.);
#1616=ORIENTED_EDGE('',*,*,#2267,.F.);
#1617=ORIENTED_EDGE('',*,*,#2268,.F.);
#1618=ORIENTED_EDGE('',*,*,#2266,.F.);
#1619=ORIENTED_EDGE('',*,*,#2269,.F.);
#1620=ORIENTED_EDGE('',*,*,#2270,.T.);
#1621=ORIENTED_EDGE('',*,*,#2271,.F.);
#1622=ORIENTED_EDGE('',*,*,#2267,.T.);
#1623=ORIENTED_EDGE('',*,*,#2268,.T.);
#1624=ORIENTED_EDGE('',*,*,#2272,.F.);
#1625=ORIENTED_EDGE('',*,*,#2273,.F.);
#1626=ORIENTED_EDGE('',*,*,#2274,.T.);
#1627=ORIENTED_EDGE('',*,*,#2269,.T.);
#1628=ORIENTED_EDGE('',*,*,#2265,.F.);
#1629=ORIENTED_EDGE('',*,*,#2274,.F.);
#1630=ORIENTED_EDGE('',*,*,#2275,.T.);
#1631=ORIENTED_EDGE('',*,*,#2272,.T.);
#1632=ORIENTED_EDGE('',*,*,#2270,.F.);
#1633=ORIENTED_EDGE('',*,*,#2264,.T.);
#1634=ORIENTED_EDGE('',*,*,#2271,.T.);
#1635=ORIENTED_EDGE('',*,*,#2275,.F.);
#1636=ORIENTED_EDGE('',*,*,#2273,.T.);
#1637=ORIENTED_EDGE('',*,*,#2276,.F.);
#1638=ORIENTED_EDGE('',*,*,#2277,.F.);
#1639=ORIENTED_EDGE('',*,*,#2278,.T.);
#1640=ORIENTED_EDGE('',*,*,#2279,.T.);
#1641=ORIENTED_EDGE('',*,*,#2280,.T.);
#1642=ORIENTED_EDGE('',*,*,#2281,.F.);
#1643=ORIENTED_EDGE('',*,*,#2282,.F.);
#1644=ORIENTED_EDGE('',*,*,#2277,.T.);
#1645=ORIENTED_EDGE('',*,*,#2283,.F.);
#1646=ORIENTED_EDGE('',*,*,#2284,.F.);
#1647=ORIENTED_EDGE('',*,*,#2285,.T.);
#1648=ORIENTED_EDGE('',*,*,#2281,.T.);
#1649=ORIENTED_EDGE('',*,*,#2286,.F.);
#1650=ORIENTED_EDGE('',*,*,#2279,.F.);
#1651=ORIENTED_EDGE('',*,*,#2287,.T.);
#1652=ORIENTED_EDGE('',*,*,#2284,.T.);
#1653=ORIENTED_EDGE('',*,*,#2278,.F.);
#1654=ORIENTED_EDGE('',*,*,#2282,.T.);
#1655=ORIENTED_EDGE('',*,*,#2285,.F.);
#1656=ORIENTED_EDGE('',*,*,#2287,.F.);
#1657=ORIENTED_EDGE('',*,*,#2276,.T.);
#1658=ORIENTED_EDGE('',*,*,#2286,.T.);
#1659=ORIENTED_EDGE('',*,*,#2283,.T.);
#1660=ORIENTED_EDGE('',*,*,#2280,.F.);
#1661=ORIENTED_EDGE('',*,*,#2288,.F.);
#1662=ORIENTED_EDGE('',*,*,#2289,.T.);
#1663=ORIENTED_EDGE('',*,*,#2290,.T.);
#1664=ORIENTED_EDGE('',*,*,#2291,.F.);
#1665=ORIENTED_EDGE('',*,*,#2290,.F.);
#1666=ORIENTED_EDGE('',*,*,#2292,.T.);
#1667=ORIENTED_EDGE('',*,*,#2293,.T.);
#1668=ORIENTED_EDGE('',*,*,#2294,.F.);
#1669=ORIENTED_EDGE('',*,*,#2293,.F.);
#1670=ORIENTED_EDGE('',*,*,#2295,.T.);
#1671=ORIENTED_EDGE('',*,*,#2296,.T.);
#1672=ORIENTED_EDGE('',*,*,#2297,.F.);
#1673=ORIENTED_EDGE('',*,*,#2296,.F.);
#1674=ORIENTED_EDGE('',*,*,#2298,.T.);
#1675=ORIENTED_EDGE('',*,*,#2299,.T.);
#1676=ORIENTED_EDGE('',*,*,#2300,.F.);
#1677=ORIENTED_EDGE('',*,*,#2299,.F.);
#1678=ORIENTED_EDGE('',*,*,#2301,.T.);
#1679=ORIENTED_EDGE('',*,*,#2302,.T.);
#1680=ORIENTED_EDGE('',*,*,#2303,.F.);
#1681=ORIENTED_EDGE('',*,*,#2304,.F.);
#1682=ORIENTED_EDGE('',*,*,#2305,.T.);
#1683=ORIENTED_EDGE('',*,*,#2306,.T.);
#1684=ORIENTED_EDGE('',*,*,#2302,.F.);
#1685=ORIENTED_EDGE('',*,*,#2305,.F.);
#1686=ORIENTED_EDGE('',*,*,#2307,.T.);
#1687=ORIENTED_EDGE('',*,*,#2308,.T.);
#1688=ORIENTED_EDGE('',*,*,#2309,.F.);
#1689=ORIENTED_EDGE('',*,*,#2310,.F.);
#1690=ORIENTED_EDGE('',*,*,#2291,.T.);
#1691=ORIENTED_EDGE('',*,*,#2294,.T.);
#1692=ORIENTED_EDGE('',*,*,#2297,.T.);
#1693=ORIENTED_EDGE('',*,*,#2300,.T.);
#1694=ORIENTED_EDGE('',*,*,#2303,.T.);
#1695=ORIENTED_EDGE('',*,*,#2306,.F.);
#1696=ORIENTED_EDGE('',*,*,#2309,.T.);
#1697=ORIENTED_EDGE('',*,*,#2311,.F.);
#1698=ORIENTED_EDGE('',*,*,#2312,.T.);
#1699=ORIENTED_EDGE('',*,*,#2313,.F.);
#1700=ORIENTED_EDGE('',*,*,#2288,.T.);
#1701=ORIENTED_EDGE('',*,*,#2310,.T.);
#1702=ORIENTED_EDGE('',*,*,#2314,.F.);
#1703=ORIENTED_EDGE('',*,*,#2315,.F.);
#1704=ORIENTED_EDGE('',*,*,#2316,.T.);
#1705=ORIENTED_EDGE('',*,*,#2311,.T.);
#1706=ORIENTED_EDGE('',*,*,#2308,.F.);
#1707=ORIENTED_EDGE('',*,*,#2316,.F.);
#1708=ORIENTED_EDGE('',*,*,#2317,.T.);
#1709=ORIENTED_EDGE('',*,*,#2314,.T.);
#1710=ORIENTED_EDGE('',*,*,#2312,.F.);
#1711=ORIENTED_EDGE('',*,*,#2289,.F.);
#1712=ORIENTED_EDGE('',*,*,#2313,.T.);
#1713=ORIENTED_EDGE('',*,*,#2317,.F.);
#1714=ORIENTED_EDGE('',*,*,#2315,.T.);
#1715=ORIENTED_EDGE('',*,*,#2307,.F.);
#1716=ORIENTED_EDGE('',*,*,#2304,.T.);
#1717=ORIENTED_EDGE('',*,*,#2301,.F.);
#1718=ORIENTED_EDGE('',*,*,#2298,.F.);
#1719=ORIENTED_EDGE('',*,*,#2295,.F.);
#1720=ORIENTED_EDGE('',*,*,#2292,.F.);
#1721=ORIENTED_EDGE('',*,*,#2318,.F.);
#1722=ORIENTED_EDGE('',*,*,#2319,.F.);
#1723=ORIENTED_EDGE('',*,*,#2320,.T.);
#1724=ORIENTED_EDGE('',*,*,#2321,.T.);
#1725=ORIENTED_EDGE('',*,*,#2322,.T.);
#1726=ORIENTED_EDGE('',*,*,#2323,.F.);
#1727=ORIENTED_EDGE('',*,*,#2324,.F.);
#1728=ORIENTED_EDGE('',*,*,#2319,.T.);
#1729=ORIENTED_EDGE('',*,*,#2325,.F.);
#1730=ORIENTED_EDGE('',*,*,#2326,.F.);
#1731=ORIENTED_EDGE('',*,*,#2327,.T.);
#1732=ORIENTED_EDGE('',*,*,#2323,.T.);
#1733=ORIENTED_EDGE('',*,*,#2328,.T.);
#1734=ORIENTED_EDGE('',*,*,#2329,.F.);
#1735=ORIENTED_EDGE('',*,*,#2330,.F.);
#1736=ORIENTED_EDGE('',*,*,#2326,.T.);
#1737=ORIENTED_EDGE('',*,*,#2331,.F.);
#1738=ORIENTED_EDGE('',*,*,#2321,.F.);
#1739=ORIENTED_EDGE('',*,*,#2332,.T.);
#1740=ORIENTED_EDGE('',*,*,#2329,.T.);
#1741=ORIENTED_EDGE('',*,*,#2320,.F.);
#1742=ORIENTED_EDGE('',*,*,#2324,.T.);
#1743=ORIENTED_EDGE('',*,*,#2327,.F.);
#1744=ORIENTED_EDGE('',*,*,#2330,.T.);
#1745=ORIENTED_EDGE('',*,*,#2332,.F.);
#1746=ORIENTED_EDGE('',*,*,#2318,.T.);
#1747=ORIENTED_EDGE('',*,*,#2331,.T.);
#1748=ORIENTED_EDGE('',*,*,#2328,.F.);
#1749=ORIENTED_EDGE('',*,*,#2325,.T.);
#1750=ORIENTED_EDGE('',*,*,#2322,.F.);
#1751=ORIENTED_EDGE('',*,*,#2333,.F.);
#1752=ORIENTED_EDGE('',*,*,#2334,.T.);
#1753=ORIENTED_EDGE('',*,*,#2335,.T.);
#1754=ORIENTED_EDGE('',*,*,#2336,.F.);
#1755=ORIENTED_EDGE('',*,*,#2337,.T.);
#1756=ORIENTED_EDGE('',*,*,#2336,.T.);
#1757=ORIENTED_EDGE('',*,*,#2338,.F.);
#1758=ORIENTED_EDGE('',*,*,#2339,.T.);
#1759=ORIENTED_EDGE('',*,*,#2340,.F.);
#1760=ORIENTED_EDGE('',*,*,#2341,.T.);
#1761=ORIENTED_EDGE('',*,*,#2333,.T.);
#1762=ORIENTED_EDGE('',*,*,#2337,.F.);
#1763=ORIENTED_EDGE('',*,*,#2342,.F.);
#1764=ORIENTED_EDGE('',*,*,#2343,.T.);
#1765=ORIENTED_EDGE('',*,*,#2338,.T.);
#1766=ORIENTED_EDGE('',*,*,#2335,.F.);
#1767=ORIENTED_EDGE('',*,*,#2343,.F.);
#1768=ORIENTED_EDGE('',*,*,#2344,.T.);
#1769=ORIENTED_EDGE('',*,*,#2340,.T.);
#1770=ORIENTED_EDGE('',*,*,#2339,.F.);
#1771=ORIENTED_EDGE('',*,*,#2341,.F.);
#1772=ORIENTED_EDGE('',*,*,#2344,.F.);
#1773=ORIENTED_EDGE('',*,*,#2342,.T.);
#1774=ORIENTED_EDGE('',*,*,#2334,.F.);
#1775=ORIENTED_EDGE('',*,*,#2345,.F.);
#1776=ORIENTED_EDGE('',*,*,#2346,.F.);
#1777=ORIENTED_EDGE('',*,*,#2347,.T.);
#1778=ORIENTED_EDGE('',*,*,#2348,.T.);
#1779=ORIENTED_EDGE('',*,*,#2349,.F.);
#1780=ORIENTED_EDGE('',*,*,#2350,.F.);
#1781=ORIENTED_EDGE('',*,*,#2351,.T.);
#1782=ORIENTED_EDGE('',*,*,#2346,.T.);
#1783=ORIENTED_EDGE('',*,*,#2352,.F.);
#1784=ORIENTED_EDGE('',*,*,#2353,.F.);
#1785=ORIENTED_EDGE('',*,*,#2354,.T.);
#1786=ORIENTED_EDGE('',*,*,#2350,.T.);
#1787=ORIENTED_EDGE('',*,*,#2355,.T.);
#1788=ORIENTED_EDGE('',*,*,#2348,.F.);
#1789=ORIENTED_EDGE('',*,*,#2356,.F.);
#1790=ORIENTED_EDGE('',*,*,#2353,.T.);
#1791=ORIENTED_EDGE('',*,*,#2347,.F.);
#1792=ORIENTED_EDGE('',*,*,#2351,.F.);
#1793=ORIENTED_EDGE('',*,*,#2354,.F.);
#1794=ORIENTED_EDGE('',*,*,#2356,.T.);
#1795=ORIENTED_EDGE('',*,*,#2345,.T.);
#1796=ORIENTED_EDGE('',*,*,#2355,.F.);
#1797=ORIENTED_EDGE('',*,*,#2352,.T.);
#1798=ORIENTED_EDGE('',*,*,#2349,.T.);
#1799=ORIENTED_EDGE('',*,*,#2357,.F.);
#1800=ORIENTED_EDGE('',*,*,#2358,.T.);
#1801=ORIENTED_EDGE('',*,*,#2359,.T.);
#1802=ORIENTED_EDGE('',*,*,#2360,.F.);
#1803=ORIENTED_EDGE('',*,*,#2359,.F.);
#1804=ORIENTED_EDGE('',*,*,#2361,.T.);
#1805=ORIENTED_EDGE('',*,*,#2362,.T.);
#1806=ORIENTED_EDGE('',*,*,#2363,.F.);
#1807=ORIENTED_EDGE('',*,*,#2364,.F.);
#1808=ORIENTED_EDGE('',*,*,#2365,.T.);
#1809=ORIENTED_EDGE('',*,*,#2366,.T.);
#1810=ORIENTED_EDGE('',*,*,#2362,.F.);
#1811=ORIENTED_EDGE('',*,*,#2367,.F.);
#1812=ORIENTED_EDGE('',*,*,#2368,.T.);
#1813=ORIENTED_EDGE('',*,*,#2369,.T.);
#1814=ORIENTED_EDGE('',*,*,#2365,.F.);
#1815=ORIENTED_EDGE('',*,*,#2370,.F.);
#1816=ORIENTED_EDGE('',*,*,#2357,.T.);
#1817=ORIENTED_EDGE('',*,*,#2371,.T.);
#1818=ORIENTED_EDGE('',*,*,#2368,.F.);
#1819=ORIENTED_EDGE('',*,*,#2360,.T.);
#1820=ORIENTED_EDGE('',*,*,#2363,.T.);
#1821=ORIENTED_EDGE('',*,*,#2366,.F.);
#1822=ORIENTED_EDGE('',*,*,#2369,.F.);
#1823=ORIENTED_EDGE('',*,*,#2371,.F.);
#1824=ORIENTED_EDGE('',*,*,#2358,.F.);
#1825=ORIENTED_EDGE('',*,*,#2370,.T.);
#1826=ORIENTED_EDGE('',*,*,#2367,.T.);
#1827=ORIENTED_EDGE('',*,*,#2364,.T.);
#1828=ORIENTED_EDGE('',*,*,#2361,.F.);
#1829=ORIENTED_EDGE('',*,*,#2372,.F.);
#1830=ORIENTED_EDGE('',*,*,#2373,.F.);
#1831=ORIENTED_EDGE('',*,*,#2374,.T.);
#1832=ORIENTED_EDGE('',*,*,#2375,.T.);
#1833=ORIENTED_EDGE('',*,*,#2376,.F.);
#1834=ORIENTED_EDGE('',*,*,#2377,.F.);
#1835=ORIENTED_EDGE('',*,*,#2378,.T.);
#1836=ORIENTED_EDGE('',*,*,#2373,.T.);
#1837=ORIENTED_EDGE('',*,*,#2379,.F.);
#1838=ORIENTED_EDGE('',*,*,#2380,.F.);
#1839=ORIENTED_EDGE('',*,*,#2381,.T.);
#1840=ORIENTED_EDGE('',*,*,#2377,.T.);
#1841=ORIENTED_EDGE('',*,*,#2382,.F.);
#1842=ORIENTED_EDGE('',*,*,#2375,.F.);
#1843=ORIENTED_EDGE('',*,*,#2383,.T.);
#1844=ORIENTED_EDGE('',*,*,#2380,.T.);
#1845=ORIENTED_EDGE('',*,*,#2374,.F.);
#1846=ORIENTED_EDGE('',*,*,#2378,.F.);
#1847=ORIENTED_EDGE('',*,*,#2381,.F.);
#1848=ORIENTED_EDGE('',*,*,#2383,.F.);
#1849=ORIENTED_EDGE('',*,*,#2372,.T.);
#1850=ORIENTED_EDGE('',*,*,#2382,.T.);
#1851=ORIENTED_EDGE('',*,*,#2379,.T.);
#1852=ORIENTED_EDGE('',*,*,#2376,.T.);
#1853=ORIENTED_EDGE('',*,*,#2384,.F.);
#1854=ORIENTED_EDGE('',*,*,#2385,.F.);
#1855=ORIENTED_EDGE('',*,*,#2386,.T.);
#1856=ORIENTED_EDGE('',*,*,#2387,.T.);
#1857=ORIENTED_EDGE('',*,*,#2388,.T.);
#1858=ORIENTED_EDGE('',*,*,#2389,.F.);
#1859=ORIENTED_EDGE('',*,*,#2390,.F.);
#1860=ORIENTED_EDGE('',*,*,#2385,.T.);
#1861=ORIENTED_EDGE('',*,*,#2391,.T.);
#1862=ORIENTED_EDGE('',*,*,#2392,.F.);
#1863=ORIENTED_EDGE('',*,*,#2393,.F.);
#1864=ORIENTED_EDGE('',*,*,#2389,.T.);
#1865=ORIENTED_EDGE('',*,*,#2394,.F.);
#1866=ORIENTED_EDGE('',*,*,#2395,.F.);
#1867=ORIENTED_EDGE('',*,*,#2396,.T.);
#1868=ORIENTED_EDGE('',*,*,#2392,.T.);
#1869=ORIENTED_EDGE('',*,*,#2397,.F.);
#1870=ORIENTED_EDGE('',*,*,#2387,.F.);
#1871=ORIENTED_EDGE('',*,*,#2398,.T.);
#1872=ORIENTED_EDGE('',*,*,#2395,.T.);
#1873=ORIENTED_EDGE('',*,*,#2386,.F.);
#1874=ORIENTED_EDGE('',*,*,#2390,.T.);
#1875=ORIENTED_EDGE('',*,*,#2393,.T.);
#1876=ORIENTED_EDGE('',*,*,#2396,.F.);
#1877=ORIENTED_EDGE('',*,*,#2398,.F.);
#1878=ORIENTED_EDGE('',*,*,#2384,.T.);
#1879=ORIENTED_EDGE('',*,*,#2397,.T.);
#1880=ORIENTED_EDGE('',*,*,#2394,.T.);
#1881=ORIENTED_EDGE('',*,*,#2391,.F.);
#1882=ORIENTED_EDGE('',*,*,#2388,.F.);
#1883=EDGE_CURVE('',#2399,#2400,#2743,.F.);
#1884=EDGE_CURVE('',#2399,#2401,#151,.T.);
#1885=EDGE_CURVE('',#2402,#2401,#2744,.F.);
#1886=EDGE_CURVE('',#2402,#2403,#152,.T.);
#1887=EDGE_CURVE('',#2400,#2403,#2745,.F.);
#1888=EDGE_CURVE('',#2404,#2405,#2746,.T.);
#1889=EDGE_CURVE('',#2404,#2406,#153,.T.);
#1890=EDGE_CURVE('',#2407,#2406,#2747,.T.);
#1891=EDGE_CURVE('',#2407,#2408,#154,.T.);
#1892=EDGE_CURVE('',#2405,#2408,#2748,.T.);
#1893=EDGE_CURVE('',#2402,#2406,#155,.T.);
#1894=EDGE_CURVE('',#2403,#2404,#156,.T.);
#1895=EDGE_CURVE('',#2401,#2407,#157,.T.);
#1896=EDGE_CURVE('',#2399,#2408,#158,.T.);
#1897=EDGE_CURVE('',#2400,#2405,#159,.T.);
#1898=EDGE_CURVE('',#2409,#2410,#160,.T.);
#1899=EDGE_CURVE('',#2411,#2410,#161,.T.);
#1900=EDGE_CURVE('',#2412,#2411,#162,.T.);
#1901=EDGE_CURVE('',#2412,#2409,#163,.T.);
#1902=EDGE_CURVE('',#2410,#2413,#2749,.T.);
#1903=EDGE_CURVE('',#2414,#2413,#164,.T.);
#1904=EDGE_CURVE('',#2411,#2414,#2750,.T.);
#1905=EDGE_CURVE('',#2413,#2415,#165,.T.);
#1906=EDGE_CURVE('',#2416,#2415,#166,.T.);
#1907=EDGE_CURVE('',#2414,#2416,#167,.T.);
#1908=EDGE_CURVE('',#2409,#2415,#2751,.T.);
#1909=EDGE_CURVE('',#2412,#2416,#2752,.T.);
#1910=EDGE_CURVE('',#2417,#2418,#168,.T.);
#1911=EDGE_CURVE('',#2419,#2418,#169,.T.);
#1912=EDGE_CURVE('',#2420,#2419,#170,.T.);
#1913=EDGE_CURVE('',#2420,#2417,#171,.T.);
#1914=EDGE_CURVE('',#2418,#2421,#172,.T.);
#1915=EDGE_CURVE('',#2422,#2421,#173,.T.);
#1916=EDGE_CURVE('',#2419,#2422,#174,.T.);
#1917=EDGE_CURVE('',#2421,#2423,#2753,.T.);
#1918=EDGE_CURVE('',#2424,#2423,#175,.T.);
#1919=EDGE_CURVE('',#2422,#2424,#2754,.T.);
#1920=EDGE_CURVE('',#2423,#2417,#176,.T.);
#1921=EDGE_CURVE('',#2424,#2420,#177,.T.);
#1922=EDGE_CURVE('',#2425,#2426,#2755,.T.);
#1923=EDGE_CURVE('',#2427,#2425,#178,.T.);
#1924=EDGE_CURVE('',#2427,#2428,#2756,.T.);
#1925=EDGE_CURVE('',#2428,#2426,#179,.T.);
#1926=EDGE_CURVE('',#2429,#2425,#180,.T.);
#1927=EDGE_CURVE('',#2430,#2429,#181,.T.);
#1928=EDGE_CURVE('',#2430,#2427,#182,.F.);
#1929=EDGE_CURVE('',#2431,#2429,#2757,.T.);
#1930=EDGE_CURVE('',#2432,#2431,#183,.T.);
#1931=EDGE_CURVE('',#2432,#2430,#2758,.T.);
#1932=EDGE_CURVE('',#2433,#2431,#184,.T.);
#1933=EDGE_CURVE('',#2434,#2433,#185,.T.);
#1934=EDGE_CURVE('',#2434,#2432,#186,.T.);
#1935=EDGE_CURVE('',#2435,#2433,#2759,.T.);
#1936=EDGE_CURVE('',#2436,#2435,#187,.T.);
#1937=EDGE_CURVE('',#2436,#2434,#2760,.T.);
#1938=EDGE_CURVE('',#2437,#2435,#2761,.T.);
#1939=EDGE_CURVE('',#2438,#2437,#188,.T.);
#1940=EDGE_CURVE('',#2438,#2436,#2762,.T.);
#1941=EDGE_CURVE('',#2439,#2437,#189,.T.);
#1942=EDGE_CURVE('',#2440,#2439,#190,.T.);
#1943=EDGE_CURVE('',#2440,#2438,#191,.T.);
#1944=EDGE_CURVE('',#2426,#2439,#2763,.T.);
#1945=EDGE_CURVE('',#2428,#2440,#2764,.T.);
#1946=EDGE_CURVE('',#2441,#2442,#192,.T.);
#1947=EDGE_CURVE('',#2443,#2441,#193,.T.);
#1948=EDGE_CURVE('',#2443,#2444,#194,.T.);
#1949=EDGE_CURVE('',#2444,#2442,#195,.T.);
#1950=EDGE_CURVE('',#2441,#2445,#2765,.T.);
#1951=EDGE_CURVE('',#2446,#2445,#196,.T.);
#1952=EDGE_CURVE('',#2443,#2446,#2766,.T.);
#1953=EDGE_CURVE('',#2447,#2445,#197,.T.);
#1954=EDGE_CURVE('',#2448,#2447,#198,.T.);
#1955=EDGE_CURVE('',#2448,#2446,#199,.T.);
#1956=EDGE_CURVE('',#2442,#2447,#2767,.T.);
#1957=EDGE_CURVE('',#2444,#2448,#2768,.T.);
#1958=EDGE_CURVE('',#2449,#2450,#2769,.T.);
#1959=EDGE_CURVE('',#2451,#2449,#200,.T.);
#1960=EDGE_CURVE('',#2451,#2452,#2770,.T.);
#1961=EDGE_CURVE('',#2452,#2450,#201,.T.);
#1962=EDGE_CURVE('',#2453,#2449,#202,.T.);
#1963=EDGE_CURVE('',#2454,#2453,#203,.T.);
#1964=EDGE_CURVE('',#2454,#2451,#204,.T.);
#1965=EDGE_CURVE('',#2455,#2453,#2771,.T.);
#1966=EDGE_CURVE('',#2456,#2455,#205,.T.);
#1967=EDGE_CURVE('',#2456,#2454,#2772,.T.);
#1968=EDGE_CURVE('',#2455,#2450,#206,.T.);
#1969=EDGE_CURVE('',#2456,#2452,#207,.T.);
#1970=EDGE_CURVE('',#2457,#2458,#2773,.T.);
#1971=EDGE_CURVE('',#2459,#2457,#208,.T.);
#1972=EDGE_CURVE('',#2459,#2460,#2774,.T.);
#1973=EDGE_CURVE('',#2460,#2458,#209,.T.);
#1974=EDGE_CURVE('',#2457,#2461,#2775,.T.);
#1975=EDGE_CURVE('',#2462,#2461,#210,.T.);
#1976=EDGE_CURVE('',#2459,#2462,#2776,.T.);
#1977=EDGE_CURVE('',#2461,#2463,#2777,.T.);
#1978=EDGE_CURVE('',#2464,#2463,#211,.T.);
#1979=EDGE_CURVE('',#2462,#2464,#2778,.T.);
#1980=EDGE_CURVE('',#2463,#2465,#212,.T.);
#1981=EDGE_CURVE('',#2466,#2465,#213,.T.);
#1982=EDGE_CURVE('',#2464,#2466,#214,.T.);
#1983=EDGE_CURVE('',#2467,#2465,#2779,.T.);
#1984=EDGE_CURVE('',#2468,#2467,#215,.T.);
#1985=EDGE_CURVE('',#2468,#2466,#2780,.T.);
#1986=EDGE_CURVE('',#2469,#2467,#2781,.T.);
#1987=EDGE_CURVE('',#2470,#2469,#216,.T.);
#1988=EDGE_CURVE('',#2470,#2468,#2782,.T.);
#1989=EDGE_CURVE('',#2458,#2469,#217,.T.);
#1990=EDGE_CURVE('',#2460,#2470,#218,.T.);
#1991=EDGE_CURVE('',#2471,#2472,#2783,.T.);
#1992=EDGE_CURVE('',#2473,#2471,#219,.T.);
#1993=EDGE_CURVE('',#2473,#2474,#2784,.T.);
#1994=EDGE_CURVE('',#2474,#2472,#220,.T.);
#1995=EDGE_CURVE('',#2471,#2475,#221,.T.);
#1996=EDGE_CURVE('',#2476,#2475,#222,.T.);
#1997=EDGE_CURVE('',#2473,#2476,#223,.T.);
#1998=EDGE_CURVE('',#2475,#2477,#2785,.T.);
#1999=EDGE_CURVE('',#2478,#2477,#224,.T.);
#2000=EDGE_CURVE('',#2476,#2478,#2786,.T.);
#2001=EDGE_CURVE('',#2477,#2479,#225,.T.);
#2002=EDGE_CURVE('',#2480,#2479,#226,.T.);
#2003=EDGE_CURVE('',#2478,#2480,#227,.T.);
#2004=EDGE_CURVE('',#2479,#2481,#2787,.T.);
#2005=EDGE_CURVE('',#2482,#2481,#228,.T.);
#2006=EDGE_CURVE('',#2480,#2482,#2788,.T.);
#2007=EDGE_CURVE('',#2481,#2483,#229,.T.);
#2008=EDGE_CURVE('',#2484,#2483,#230,.T.);
#2009=EDGE_CURVE('',#2482,#2484,#231,.T.);
#2010=EDGE_CURVE('',#2485,#2483,#2789,.T.);
#2011=EDGE_CURVE('',#2486,#2485,#232,.T.);
#2012=EDGE_CURVE('',#2486,#2484,#2790,.T.);
#2013=EDGE_CURVE('',#2485,#2487,#233,.T.);
#2014=EDGE_CURVE('',#2488,#2487,#234,.T.);
#2015=EDGE_CURVE('',#2486,#2488,#235,.T.);
#2016=EDGE_CURVE('',#2489,#2487,#2791,.T.);
#2017=EDGE_CURVE('',#2490,#2489,#236,.T.);
#2018=EDGE_CURVE('',#2490,#2488,#2792,.T.);
#2019=EDGE_CURVE('',#2489,#2472,#237,.T.);
#2020=EDGE_CURVE('',#2490,#2474,#238,.T.);
#2021=EDGE_CURVE('',#2491,#2492,#239,.T.);
#2022=EDGE_CURVE('',#2493,#2491,#240,.T.);
#2023=EDGE_CURVE('',#2493,#2494,#241,.T.);
#2024=EDGE_CURVE('',#2494,#2492,#242,.T.);
#2025=EDGE_CURVE('',#2495,#2491,#243,.T.);
#2026=EDGE_CURVE('',#2496,#2495,#244,.T.);
#2027=EDGE_CURVE('',#2496,#2493,#245,.T.);
#2028=EDGE_CURVE('',#2497,#2495,#246,.T.);
#2029=EDGE_CURVE('',#2498,#2497,#247,.T.);
#2030=EDGE_CURVE('',#2498,#2496,#248,.T.);
#2031=EDGE_CURVE('',#2497,#2492,#2793,.T.);
#2032=EDGE_CURVE('',#2498,#2494,#2794,.T.);
#2033=EDGE_CURVE('',#2499,#2500,#2795,.T.);
#2034=EDGE_CURVE('',#2501,#2499,#249,.T.);
#2035=EDGE_CURVE('',#2501,#2502,#2796,.T.);
#2036=EDGE_CURVE('',#2502,#2500,#250,.T.);
#2037=EDGE_CURVE('',#2499,#2503,#251,.T.);
#2038=EDGE_CURVE('',#2504,#2503,#252,.T.);
#2039=EDGE_CURVE('',#2501,#2504,#253,.T.);
#2040=EDGE_CURVE('',#2505,#2503,#2797,.T.);
#2041=EDGE_CURVE('',#2506,#2505,#254,.T.);
#2042=EDGE_CURVE('',#2506,#2504,#2798,.T.);
#2043=EDGE_CURVE('',#2505,#2500,#255,.T.);
#2044=EDGE_CURVE('',#2506,#2502,#256,.T.);
#2045=EDGE_CURVE('',#2507,#2508,#2799,.T.);
#2046=EDGE_CURVE('',#2509,#2508,#257,.T.);
#2047=EDGE_CURVE('',#2510,#2509,#2800,.T.);
#2048=EDGE_CURVE('',#2510,#2507,#258,.T.);
#2049=EDGE_CURVE('',#2508,#2511,#259,.T.);
#2050=EDGE_CURVE('',#2512,#2511,#260,.T.);
#2051=EDGE_CURVE('',#2509,#2512,#261,.T.);
#2052=EDGE_CURVE('',#2513,#2511,#2801,.T.);
#2053=EDGE_CURVE('',#2514,#2513,#262,.T.);
#2054=EDGE_CURVE('',#2514,#2512,#2802,.T.);
#2055=EDGE_CURVE('',#2513,#2507,#263,.T.);
#2056=EDGE_CURVE('',#2514,#2510,#264,.T.);
#2057=EDGE_CURVE('',#2515,#2516,#265,.T.);
#2058=EDGE_CURVE('',#2517,#2515,#266,.T.);
#2059=EDGE_CURVE('',#2517,#2518,#267,.T.);
#2060=EDGE_CURVE('',#2518,#2516,#268,.T.);
#2061=EDGE_CURVE('',#2515,#2519,#2803,.T.);
#2062=EDGE_CURVE('',#2520,#2519,#269,.T.);
#2063=EDGE_CURVE('',#2517,#2520,#2804,.T.);
#2064=EDGE_CURVE('',#2521,#2519,#270,.T.);
#2065=EDGE_CURVE('',#2522,#2521,#271,.T.);
#2066=EDGE_CURVE('',#2522,#2520,#272,.T.);
#2067=EDGE_CURVE('',#2516,#2521,#273,.T.);
#2068=EDGE_CURVE('',#2518,#2522,#274,.T.);
#2069=EDGE_CURVE('',#2523,#2524,#2805,.T.);
#2070=EDGE_CURVE('',#2525,#2524,#275,.T.);
#2071=EDGE_CURVE('',#2526,#2525,#2806,.T.);
#2072=EDGE_CURVE('',#2526,#2523,#276,.T.);
#2073=EDGE_CURVE('',#2524,#2527,#277,.T.);
#2074=EDGE_CURVE('',#2528,#2527,#278,.T.);
#2075=EDGE_CURVE('',#2525,#2528,#279,.T.);
#2076=EDGE_CURVE('',#2527,#2529,#280,.T.);
#2077=EDGE_CURVE('',#2530,#2529,#281,.T.);
#2078=EDGE_CURVE('',#2528,#2530,#282,.T.);
#2079=EDGE_CURVE('',#2529,#2531,#283,.T.);
#2080=EDGE_CURVE('',#2532,#2531,#284,.T.);
#2081=EDGE_CURVE('',#2530,#2532,#285,.T.);
#2082=EDGE_CURVE('',#2531,#2533,#2807,.T.);
#2083=EDGE_CURVE('',#2534,#2533,#286,.T.);
#2084=EDGE_CURVE('',#2532,#2534,#2808,.T.);
#2085=EDGE_CURVE('',#2533,#2535,#287,.T.);
#2086=EDGE_CURVE('',#2536,#2535,#288,.T.);
#2087=EDGE_CURVE('',#2534,#2536,#289,.T.);
#2088=EDGE_CURVE('',#2535,#2537,#290,.T.);
#2089=EDGE_CURVE('',#2538,#2537,#291,.T.);
#2090=EDGE_CURVE('',#2536,#2538,#292,.T.);
#2091=EDGE_CURVE('',#2537,#2539,#293,.T.);
#2092=EDGE_CURVE('',#2540,#2539,#294,.T.);
#2093=EDGE_CURVE('',#2538,#2540,#295,.T.);
#2094=EDGE_CURVE('',#2539,#2541,#2809,.T.);
#2095=EDGE_CURVE('',#2542,#2541,#296,.T.);
#2096=EDGE_CURVE('',#2540,#2542,#2810,.T.);
#2097=EDGE_CURVE('',#2543,#2541,#297,.T.);
#2098=EDGE_CURVE('',#2544,#2543,#298,.T.);
#2099=EDGE_CURVE('',#2544,#2542,#299,.T.);
#2100=EDGE_CURVE('',#2545,#2543,#300,.T.);
#2101=EDGE_CURVE('',#2546,#2545,#301,.T.);
#2102=EDGE_CURVE('',#2546,#2544,#302,.T.);
#2103=EDGE_CURVE('',#2547,#2545,#303,.T.);
#2104=EDGE_CURVE('',#2548,#2547,#304,.T.);
#2105=EDGE_CURVE('',#2548,#2546,#305,.T.);
#2106=EDGE_CURVE('',#2547,#2549,#2811,.T.);
#2107=EDGE_CURVE('',#2550,#2549,#306,.T.);
#2108=EDGE_CURVE('',#2548,#2550,#2812,.T.);
#2109=EDGE_CURVE('',#2549,#2551,#2813,.T.);
#2110=EDGE_CURVE('',#2552,#2551,#307,.T.);
#2111=EDGE_CURVE('',#2550,#2552,#2814,.T.);
#2112=EDGE_CURVE('',#2553,#2551,#308,.T.);
#2113=EDGE_CURVE('',#2554,#2553,#309,.T.);
#2114=EDGE_CURVE('',#2554,#2552,#310,.T.);
#2115=EDGE_CURVE('',#2555,#2553,#311,.T.);
#2116=EDGE_CURVE('',#2556,#2555,#312,.T.);
#2117=EDGE_CURVE('',#2556,#2554,#313,.T.);
#2118=EDGE_CURVE('',#2557,#2555,#314,.T.);
#2119=EDGE_CURVE('',#2558,#2557,#315,.T.);
#2120=EDGE_CURVE('',#2558,#2556,#316,.T.);
#2121=EDGE_CURVE('',#2557,#2559,#2815,.T.);
#2122=EDGE_CURVE('',#2560,#2559,#317,.T.);
#2123=EDGE_CURVE('',#2558,#2560,#2816,.T.);
#2124=EDGE_CURVE('',#2559,#2561,#2817,.T.);
#2125=EDGE_CURVE('',#2562,#2561,#318,.T.);
#2126=EDGE_CURVE('',#2560,#2562,#2818,.T.);
#2127=EDGE_CURVE('',#2563,#2561,#319,.T.);
#2128=EDGE_CURVE('',#2564,#2563,#320,.T.);
#2129=EDGE_CURVE('',#2564,#2562,#321,.T.);
#2130=EDGE_CURVE('',#2563,#2565,#2819,.T.);
#2131=EDGE_CURVE('',#2566,#2565,#322,.T.);
#2132=EDGE_CURVE('',#2564,#2566,#2820,.T.);
#2133=EDGE_CURVE('',#2565,#2567,#323,.T.);
#2134=EDGE_CURVE('',#2568,#2567,#324,.T.);
#2135=EDGE_CURVE('',#2566,#2568,#325,.T.);
#2136=EDGE_CURVE('',#2567,#2569,#326,.T.);
#2137=EDGE_CURVE('',#2570,#2569,#327,.T.);
#2138=EDGE_CURVE('',#2568,#2570,#328,.T.);
#2139=EDGE_CURVE('',#2569,#2523,#329,.T.);
#2140=EDGE_CURVE('',#2570,#2526,#330,.T.);
#2141=EDGE_CURVE('',#2571,#2572,#2821,.T.);
#2142=EDGE_CURVE('',#2573,#2572,#331,.T.);
#2143=EDGE_CURVE('',#2574,#2573,#2822,.T.);
#2144=EDGE_CURVE('',#2574,#2571,#332,.T.);
#2145=EDGE_CURVE('',#2572,#2575,#333,.T.);
#2146=EDGE_CURVE('',#2576,#2575,#334,.T.);
#2147=EDGE_CURVE('',#2573,#2576,#335,.T.);
#2148=EDGE_CURVE('',#2577,#2575,#2823,.T.);
#2149=EDGE_CURVE('',#2578,#2577,#336,.T.);
#2150=EDGE_CURVE('',#2578,#2576,#2824,.T.);
#2151=EDGE_CURVE('',#2579,#2577,#337,.T.);
#2152=EDGE_CURVE('',#2580,#2579,#338,.T.);
#2153=EDGE_CURVE('',#2580,#2578,#339,.T.);
#2154=EDGE_CURVE('',#2571,#2579,#2825,.T.);
#2155=EDGE_CURVE('',#2574,#2580,#2826,.T.);
#2156=EDGE_CURVE('',#2581,#2582,#340,.T.);
#2157=EDGE_CURVE('',#2583,#2581,#341,.T.);
#2158=EDGE_CURVE('',#2583,#2584,#342,.T.);
#2159=EDGE_CURVE('',#2584,#2582,#343,.T.);
#2160=EDGE_CURVE('',#2581,#2585,#2827,.T.);
#2161=EDGE_CURVE('',#2586,#2585,#344,.T.);
#2162=EDGE_CURVE('',#2583,#2586,#2828,.T.);
#2163=EDGE_CURVE('',#2587,#2585,#345,.T.);
#2164=EDGE_CURVE('',#2588,#2587,#346,.T.);
#2165=EDGE_CURVE('',#2588,#2586,#347,.T.);
#2166=EDGE_CURVE('',#2582,#2587,#348,.T.);
#2167=EDGE_CURVE('',#2584,#2588,#349,.T.);
#2168=EDGE_CURVE('',#2589,#2590,#2829,.T.);
#2169=EDGE_CURVE('',#2591,#2590,#350,.T.);
#2170=EDGE_CURVE('',#2592,#2591,#2830,.T.);
#2171=EDGE_CURVE('',#2592,#2589,#351,.T.);
#2172=EDGE_CURVE('',#2590,#2593,#352,.T.);
#2173=EDGE_CURVE('',#2594,#2593,#353,.T.);
#2174=EDGE_CURVE('',#2591,#2594,#354,.T.);
#2175=EDGE_CURVE('',#2593,#2595,#355,.T.);
#2176=EDGE_CURVE('',#2596,#2595,#356,.T.);
#2177=EDGE_CURVE('',#2594,#2596,#357,.T.);
#2178=EDGE_CURVE('',#2595,#2589,#358,.T.);
#2179=EDGE_CURVE('',#2596,#2592,#359,.T.);
#2180=EDGE_CURVE('',#2597,#2598,#360,.T.);
#2181=EDGE_CURVE('',#2599,#2598,#2831,.F.);
#2182=EDGE_CURVE('',#2599,#2600,#361,.T.);
#2183=EDGE_CURVE('',#2597,#2600,#2832,.F.);
#2184=EDGE_CURVE('',#2601,#2602,#2833,.T.);
#2185=EDGE_CURVE('',#2601,#2603,#362,.T.);
#2186=EDGE_CURVE('',#2604,#2603,#2834,.T.);
#2187=EDGE_CURVE('',#2604,#2602,#363,.T.);
#2188=EDGE_CURVE('',#2599,#2603,#364,.T.);
#2189=EDGE_CURVE('',#2600,#2601,#365,.T.);
#2190=EDGE_CURVE('',#2598,#2604,#366,.T.);
#2191=EDGE_CURVE('',#2597,#2602,#367,.T.);
#2192=EDGE_CURVE('',#2605,#2606,#2835,.T.);
#2193=EDGE_CURVE('',#2607,#2605,#368,.T.);
#2194=EDGE_CURVE('',#2607,#2608,#2836,.T.);
#2195=EDGE_CURVE('',#2608,#2606,#369,.T.);
#2196=EDGE_CURVE('',#2605,#2609,#370,.T.);
#2197=EDGE_CURVE('',#2610,#2609,#371,.T.);
#2198=EDGE_CURVE('',#2607,#2610,#372,.T.);
#2199=EDGE_CURVE('',#2609,#2611,#2837,.T.);
#2200=EDGE_CURVE('',#2612,#2611,#373,.T.);
#2201=EDGE_CURVE('',#2610,#2612,#2838,.T.);
#2202=EDGE_CURVE('',#2611,#2613,#374,.T.);
#2203=EDGE_CURVE('',#2614,#2613,#375,.T.);
#2204=EDGE_CURVE('',#2612,#2614,#376,.T.);
#2205=EDGE_CURVE('',#2613,#2615,#2839,.T.);
#2206=EDGE_CURVE('',#2616,#2615,#377,.T.);
#2207=EDGE_CURVE('',#2614,#2616,#2840,.T.);
#2208=EDGE_CURVE('',#2615,#2617,#378,.T.);
#2209=EDGE_CURVE('',#2618,#2617,#379,.T.);
#2210=EDGE_CURVE('',#2616,#2618,#380,.T.);
#2211=EDGE_CURVE('',#2619,#2617,#2841,.T.);
#2212=EDGE_CURVE('',#2620,#2619,#381,.T.);
#2213=EDGE_CURVE('',#2620,#2618,#2842,.T.);
#2214=EDGE_CURVE('',#2619,#2621,#382,.T.);
#2215=EDGE_CURVE('',#2622,#2621,#383,.T.);
#2216=EDGE_CURVE('',#2620,#2622,#384,.T.);
#2217=EDGE_CURVE('',#2623,#2621,#2843,.T.);
#2218=EDGE_CURVE('',#2624,#2623,#385,.T.);
#2219=EDGE_CURVE('',#2624,#2622,#2844,.T.);
#2220=EDGE_CURVE('',#2623,#2606,#386,.T.);
#2221=EDGE_CURVE('',#2624,#2608,#387,.T.);
#2222=EDGE_CURVE('',#2625,#2626,#2845,.T.);
#2223=EDGE_CURVE('',#2625,#2627,#388,.T.);
#2224=EDGE_CURVE('',#2627,#2628,#2846,.T.);
#2225=EDGE_CURVE('',#2626,#2628,#389,.T.);
#2226=EDGE_CURVE('',#2629,#2625,#390,.T.);
#2227=EDGE_CURVE('',#2629,#2630,#391,.T.);
#2228=EDGE_CURVE('',#2630,#2627,#392,.F.);
#2229=EDGE_CURVE('',#2631,#2629,#2847,.T.);
#2230=EDGE_CURVE('',#2631,#2632,#393,.T.);
#2231=EDGE_CURVE('',#2632,#2630,#2848,.T.);
#2232=EDGE_CURVE('',#2633,#2631,#394,.T.);
#2233=EDGE_CURVE('',#2633,#2634,#395,.T.);
#2234=EDGE_CURVE('',#2634,#2632,#396,.T.);
#2235=EDGE_CURVE('',#2635,#2633,#2849,.T.);
#2236=EDGE_CURVE('',#2635,#2636,#397,.T.);
#2237=EDGE_CURVE('',#2636,#2634,#2850,.T.);
#2238=EDGE_CURVE('',#2637,#2635,#2851,.T.);
#2239=EDGE_CURVE('',#2637,#2638,#398,.T.);
#2240=EDGE_CURVE('',#2638,#2636,#2852,.T.);
#2241=EDGE_CURVE('',#2639,#2637,#399,.T.);
#2242=EDGE_CURVE('',#2639,#2640,#400,.T.);
#2243=EDGE_CURVE('',#2640,#2638,#401,.T.);
#2244=EDGE_CURVE('',#2626,#2639,#2853,.T.);
#2245=EDGE_CURVE('',#2628,#2640,#2854,.T.);
#2246=EDGE_CURVE('',#2641,#2642,#2855,.T.);
#2247=EDGE_CURVE('',#2643,#2641,#402,.T.);
#2248=EDGE_CURVE('',#2643,#2644,#2856,.T.);
#2249=EDGE_CURVE('',#2644,#2642,#403,.T.);
#2250=EDGE_CURVE('',#2645,#2641,#404,.T.);
#2251=EDGE_CURVE('',#2646,#2645,#405,.T.);
#2252=EDGE_CURVE('',#2646,#2643,#406,.F.);
#2253=EDGE_CURVE('',#2647,#2645,#2857,.T.);
#2254=EDGE_CURVE('',#2648,#2647,#407,.T.);
#2255=EDGE_CURVE('',#2648,#2646,#2858,.T.);
#2256=EDGE_CURVE('',#2649,#2647,#408,.T.);
#2257=EDGE_CURVE('',#2650,#2649,#409,.T.);
#2258=EDGE_CURVE('',#2650,#2648,#410,.T.);
#2259=EDGE_CURVE('',#2651,#2649,#2859,.T.);
#2260=EDGE_CURVE('',#2652,#2651,#411,.T.);
#2261=EDGE_CURVE('',#2652,#2650,#2860,.T.);
#2262=EDGE_CURVE('',#2642,#2651,#412,.T.);
#2263=EDGE_CURVE('',#2644,#2652,#413,.T.);
#2264=EDGE_CURVE('',#2653,#2654,#414,.T.);
#2265=EDGE_CURVE('',#2653,#2655,#415,.T.);
#2266=EDGE_CURVE('',#2655,#2656,#416,.T.);
#2267=EDGE_CURVE('',#2654,#2656,#417,.T.);
#2268=EDGE_CURVE('',#2656,#2657,#2861,.T.);
#2269=EDGE_CURVE('',#2658,#2655,#2862,.T.);
#2270=EDGE_CURVE('',#2658,#2657,#418,.T.);
#2271=EDGE_CURVE('',#2654,#2659,#2863,.T.);
#2272=EDGE_CURVE('',#2659,#2657,#419,.T.);
#2273=EDGE_CURVE('',#2660,#2653,#2864,.T.);
#2274=EDGE_CURVE('',#2660,#2658,#420,.T.);
#2275=EDGE_CURVE('',#2660,#2659,#421,.T.);
#2276=EDGE_CURVE('',#2661,#2662,#2865,.T.);
#2277=EDGE_CURVE('',#2663,#2661,#422,.T.);
#2278=EDGE_CURVE('',#2663,#2664,#2866,.T.);
#2279=EDGE_CURVE('',#2664,#2662,#423,.T.);
#2280=EDGE_CURVE('',#2661,#2665,#424,.T.);
#2281=EDGE_CURVE('',#2666,#2665,#425,.T.);
#2282=EDGE_CURVE('',#2663,#2666,#426,.T.);
#2283=EDGE_CURVE('',#2667,#2665,#2867,.T.);
#2284=EDGE_CURVE('',#2668,#2667,#427,.T.);
#2285=EDGE_CURVE('',#2668,#2666,#2868,.T.);
#2286=EDGE_CURVE('',#2662,#2667,#428,.T.);
#2287=EDGE_CURVE('',#2664,#2668,#429,.T.);
#2288=EDGE_CURVE('',#2669,#2670,#430,.T.);
#2289=EDGE_CURVE('',#2669,#2671,#431,.T.);
#2290=EDGE_CURVE('',#2671,#2672,#432,.T.);
#2291=EDGE_CURVE('',#2670,#2672,#433,.T.);
#2292=EDGE_CURVE('',#2671,#2673,#2869,.T.);
#2293=EDGE_CURVE('',#2673,#2674,#434,.T.);
#2294=EDGE_CURVE('',#2672,#2674,#2870,.T.);
#2295=EDGE_CURVE('',#2673,#2675,#435,.T.);
#2296=EDGE_CURVE('',#2675,#2676,#436,.T.);
#2297=EDGE_CURVE('',#2674,#2676,#437,.T.);
#2298=EDGE_CURVE('',#2675,#2677,#2871,.T.);
#2299=EDGE_CURVE('',#2677,#2678,#438,.T.);
#2300=EDGE_CURVE('',#2676,#2678,#2872,.T.);
#2301=EDGE_CURVE('',#2677,#2679,#439,.T.);
#2302=EDGE_CURVE('',#2679,#2680,#440,.T.);
#2303=EDGE_CURVE('',#2678,#2680,#441,.T.);
#2304=EDGE_CURVE('',#2681,#2679,#2873,.T.);
#2305=EDGE_CURVE('',#2681,#2682,#442,.T.);
#2306=EDGE_CURVE('',#2682,#2680,#2874,.T.);
#2307=EDGE_CURVE('',#2681,#2683,#443,.T.);
#2308=EDGE_CURVE('',#2683,#2684,#444,.T.);
#2309=EDGE_CURVE('',#2682,#2684,#445,.T.);
#2310=EDGE_CURVE('',#2670,#2685,#2875,.T.);
#2311=EDGE_CURVE('',#2686,#2684,#2876,.T.);
#2312=EDGE_CURVE('',#2686,#2685,#446,.T.);
#2313=EDGE_CURVE('',#2669,#2687,#2877,.T.);
#2314=EDGE_CURVE('',#2687,#2685,#447,.T.);
#2315=EDGE_CURVE('',#2688,#2683,#2878,.T.);
#2316=EDGE_CURVE('',#2688,#2686,#448,.T.);
#2317=EDGE_CURVE('',#2688,#2687,#449,.T.);
#2318=EDGE_CURVE('',#2689,#2690,#2879,.T.);
#2319=EDGE_CURVE('',#2691,#2689,#450,.T.);
#2320=EDGE_CURVE('',#2691,#2692,#2880,.T.);
#2321=EDGE_CURVE('',#2692,#2690,#451,.T.);
#2322=EDGE_CURVE('',#2689,#2693,#452,.T.);
#2323=EDGE_CURVE('',#2694,#2693,#453,.T.);
#2324=EDGE_CURVE('',#2691,#2694,#454,.T.);
#2325=EDGE_CURVE('',#2695,#2693,#2881,.T.);
#2326=EDGE_CURVE('',#2696,#2695,#455,.T.);
#2327=EDGE_CURVE('',#2696,#2694,#2882,.T.);
#2328=EDGE_CURVE('',#2695,#2697,#456,.T.);
#2329=EDGE_CURVE('',#2698,#2697,#457,.T.);
#2330=EDGE_CURVE('',#2696,#2698,#458,.T.);
#2331=EDGE_CURVE('',#2690,#2697,#2883,.T.);
#2332=EDGE_CURVE('',#2692,#2698,#2884,.T.);
#2333=EDGE_CURVE('',#2699,#2700,#459,.T.);
#2334=EDGE_CURVE('',#2699,#2701,#460,.T.);
#2335=EDGE_CURVE('',#2701,#2702,#461,.T.);
#2336=EDGE_CURVE('',#2700,#2702,#462,.T.);
#2337=EDGE_CURVE('',#2703,#2700,#2885,.T.);
#2338=EDGE_CURVE('',#2704,#2702,#2886,.T.);
#2339=EDGE_CURVE('',#2704,#2703,#463,.T.);
#2340=EDGE_CURVE('',#2705,#2703,#464,.T.);
#2341=EDGE_CURVE('',#2705,#2699,#2887,.T.);
#2342=EDGE_CURVE('',#2706,#2701,#2888,.T.);
#2343=EDGE_CURVE('',#2706,#2704,#465,.T.);
#2344=EDGE_CURVE('',#2706,#2705,#466,.T.);
#2345=EDGE_CURVE('',#2707,#2708,#2889,.T.);
#2346=EDGE_CURVE('',#2709,#2707,#467,.T.);
#2347=EDGE_CURVE('',#2709,#2710,#2890,.T.);
#2348=EDGE_CURVE('',#2710,#2708,#468,.T.);
#2349=EDGE_CURVE('',#2711,#2707,#469,.T.);
#2350=EDGE_CURVE('',#2712,#2711,#470,.T.);
#2351=EDGE_CURVE('',#2712,#2709,#471,.T.);
#2352=EDGE_CURVE('',#2713,#2711,#2891,.T.);
#2353=EDGE_CURVE('',#2714,#2713,#472,.T.);
#2354=EDGE_CURVE('',#2714,#2712,#2892,.T.);
#2355=EDGE_CURVE('',#2713,#2708,#473,.T.);
#2356=EDGE_CURVE('',#2714,#2710,#474,.T.);
#2357=EDGE_CURVE('',#2715,#2716,#475,.T.);
#2358=EDGE_CURVE('',#2715,#2717,#2893,.T.);
#2359=EDGE_CURVE('',#2717,#2718,#476,.T.);
#2360=EDGE_CURVE('',#2716,#2718,#2894,.T.);
#2361=EDGE_CURVE('',#2717,#2719,#477,.T.);
#2362=EDGE_CURVE('',#2719,#2720,#478,.T.);
#2363=EDGE_CURVE('',#2718,#2720,#479,.T.);
#2364=EDGE_CURVE('',#2721,#2719,#2895,.T.);
#2365=EDGE_CURVE('',#2721,#2722,#480,.T.);
#2366=EDGE_CURVE('',#2722,#2720,#2896,.T.);
#2367=EDGE_CURVE('',#2723,#2721,#481,.T.);
#2368=EDGE_CURVE('',#2723,#2724,#482,.T.);
#2369=EDGE_CURVE('',#2724,#2722,#483,.T.);
#2370=EDGE_CURVE('',#2715,#2723,#2897,.T.);
#2371=EDGE_CURVE('',#2716,#2724,#2898,.T.);
#2372=EDGE_CURVE('',#2725,#2726,#2899,.T.);
#2373=EDGE_CURVE('',#2727,#2725,#484,.T.);
#2374=EDGE_CURVE('',#2727,#2728,#2900,.T.);
#2375=EDGE_CURVE('',#2728,#2726,#485,.T.);
#2376=EDGE_CURVE('',#2729,#2725,#486,.T.);
#2377=EDGE_CURVE('',#2730,#2729,#487,.T.);
#2378=EDGE_CURVE('',#2730,#2727,#488,.T.);
#2379=EDGE_CURVE('',#2731,#2729,#2901,.T.);
#2380=EDGE_CURVE('',#2732,#2731,#489,.T.);
#2381=EDGE_CURVE('',#2732,#2730,#2902,.T.);
#2382=EDGE_CURVE('',#2726,#2731,#490,.T.);
#2383=EDGE_CURVE('',#2728,#2732,#491,.T.);
#2384=EDGE_CURVE('',#2733,#2734,#492,.T.);
#2385=EDGE_CURVE('',#2735,#2733,#493,.T.);
#2386=EDGE_CURVE('',#2735,#2736,#494,.T.);
#2387=EDGE_CURVE('',#2736,#2734,#495,.T.);
#2388=EDGE_CURVE('',#2733,#2737,#2903,.T.);
#2389=EDGE_CURVE('',#2738,#2737,#496,.T.);
#2390=EDGE_CURVE('',#2735,#2738,#2904,.T.);
#2391=EDGE_CURVE('',#2737,#2739,#2905,.T.);
#2392=EDGE_CURVE('',#2740,#2739,#497,.T.);
#2393=EDGE_CURVE('',#2738,#2740,#2906,.T.);
#2394=EDGE_CURVE('',#2741,#2739,#498,.T.);
#2395=EDGE_CURVE('',#2742,#2741,#499,.T.);
#2396=EDGE_CURVE('',#2742,#2740,#500,.T.);
#2397=EDGE_CURVE('',#2734,#2741,#2907,.T.);
#2398=EDGE_CURVE('',#2736,#2742,#2908,.T.);
#2399=VERTEX_POINT('',#4962);
#2400=VERTEX_POINT('',#4963);
#2401=VERTEX_POINT('',#4965);
#2402=VERTEX_POINT('',#4972);
#2403=VERTEX_POINT('',#4974);
#2404=VERTEX_POINT('',#4984);
#2405=VERTEX_POINT('',#4985);
#2406=VERTEX_POINT('',#4987);
#2407=VERTEX_POINT('',#4994);
#2408=VERTEX_POINT('',#4996);
#2409=VERTEX_POINT('',#5055);
#2410=VERTEX_POINT('',#5056);
#2411=VERTEX_POINT('',#5058);
#2412=VERTEX_POINT('',#5060);
#2413=VERTEX_POINT('',#5096);
#2414=VERTEX_POINT('',#5098);
#2415=VERTEX_POINT('',#5109);
#2416=VERTEX_POINT('',#5111);
#2417=VERTEX_POINT('',#5134);
#2418=VERTEX_POINT('',#5135);
#2419=VERTEX_POINT('',#5137);
#2420=VERTEX_POINT('',#5139);
#2421=VERTEX_POINT('',#5143);
#2422=VERTEX_POINT('',#5145);
#2423=VERTEX_POINT('',#5173);
#2424=VERTEX_POINT('',#5175);
#2425=VERTEX_POINT('',#5238);
#2426=VERTEX_POINT('',#5239);
#2427=VERTEX_POINT('',#5241);
#2428=VERTEX_POINT('',#5254);
#2429=VERTEX_POINT('',#5258);
#2430=VERTEX_POINT('',#5260);
#2431=VERTEX_POINT('',#5284);
#2432=VERTEX_POINT('',#5286);
#2433=VERTEX_POINT('',#5295);
#2434=VERTEX_POINT('',#5297);
#2435=VERTEX_POINT('',#5348);
#2436=VERTEX_POINT('',#5350);
#2437=VERTEX_POINT('',#5374);
#2438=VERTEX_POINT('',#5376);
#2439=VERTEX_POINT('',#5383);
#2440=VERTEX_POINT('',#5385);
#2441=VERTEX_POINT('',#5418);
#2442=VERTEX_POINT('',#5419);
#2443=VERTEX_POINT('',#5421);
#2444=VERTEX_POINT('',#5423);
#2445=VERTEX_POINT('',#5482);
#2446=VERTEX_POINT('',#5484);
#2447=VERTEX_POINT('',#5500);
#2448=VERTEX_POINT('',#5502);
#2449=VERTEX_POINT('',#5596);
#2450=VERTEX_POINT('',#5597);
#2451=VERTEX_POINT('',#5599);
#2452=VERTEX_POINT('',#5609);
#2453=VERTEX_POINT('',#5613);
#2454=VERTEX_POINT('',#5615);
#2455=VERTEX_POINT('',#5638);
#2456=VERTEX_POINT('',#5640);
#2457=VERTEX_POINT('',#5672);
#2458=VERTEX_POINT('',#5673);
#2459=VERTEX_POINT('',#5675);
#2460=VERTEX_POINT('',#5682);
#2461=VERTEX_POINT('',#5735);
#2462=VERTEX_POINT('',#5737);
#2463=VERTEX_POINT('',#5772);
#2464=VERTEX_POINT('',#5774);
#2465=VERTEX_POINT('',#5790);
#2466=VERTEX_POINT('',#5792);
#2467=VERTEX_POINT('',#5818);
#2468=VERTEX_POINT('',#5820);
#2469=VERTEX_POINT('',#5873);
#2470=VERTEX_POINT('',#5875);
#2471=VERTEX_POINT('',#5909);
#2472=VERTEX_POINT('',#5910);
#2473=VERTEX_POINT('',#5912);
#2474=VERTEX_POINT('',#5918);
#2475=VERTEX_POINT('',#5922);
#2476=VERTEX_POINT('',#5924);
#2477=VERTEX_POINT('',#5967);
#2478=VERTEX_POINT('',#5969);
#2479=VERTEX_POINT('',#5983);
#2480=VERTEX_POINT('',#5985);
#2481=VERTEX_POINT('',#6013);
#2482=VERTEX_POINT('',#6015);
#2483=VERTEX_POINT('',#6026);
#2484=VERTEX_POINT('',#6028);
#2485=VERTEX_POINT('',#6056);
#2486=VERTEX_POINT('',#6058);
#2487=VERTEX_POINT('',#6069);
#2488=VERTEX_POINT('',#6071);
#2489=VERTEX_POINT('',#6114);
#2490=VERTEX_POINT('',#6116);
#2491=VERTEX_POINT('',#6136);
#2492=VERTEX_POINT('',#6137);
#2493=VERTEX_POINT('',#6139);
#2494=VERTEX_POINT('',#6141);
#2495=VERTEX_POINT('',#6145);
#2496=VERTEX_POINT('',#6147);
#2497=VERTEX_POINT('',#6151);
#2498=VERTEX_POINT('',#6153);
#2499=VERTEX_POINT('',#6348);
#2500=VERTEX_POINT('',#6349);
#2501=VERTEX_POINT('',#6351);
#2502=VERTEX_POINT('',#6388);
#2503=VERTEX_POINT('',#6392);
#2504=VERTEX_POINT('',#6394);
#2505=VERTEX_POINT('',#6413);
#2506=VERTEX_POINT('',#6415);
#2507=VERTEX_POINT('',#6461);
#2508=VERTEX_POINT('',#6462);
#2509=VERTEX_POINT('',#6464);
#2510=VERTEX_POINT('',#6473);
#2511=VERTEX_POINT('',#6477);
#2512=VERTEX_POINT('',#6479);
#2513=VERTEX_POINT('',#6493);
#2514=VERTEX_POINT('',#6495);
#2515=VERTEX_POINT('',#6508);
#2516=VERTEX_POINT('',#6509);
#2517=VERTEX_POINT('',#6511);
#2518=VERTEX_POINT('',#6513);
#2519=VERTEX_POINT('',#6544);
#2520=VERTEX_POINT('',#6546);
#2521=VERTEX_POINT('',#6556);
#2522=VERTEX_POINT('',#6558);
#2523=VERTEX_POINT('',#6578);
#2524=VERTEX_POINT('',#6579);
#2525=VERTEX_POINT('',#6581);
#2526=VERTEX_POINT('',#6586);
#2527=VERTEX_POINT('',#6590);
#2528=VERTEX_POINT('',#6592);
#2529=VERTEX_POINT('',#6596);
#2530=VERTEX_POINT('',#6598);
#2531=VERTEX_POINT('',#6602);
#2532=VERTEX_POINT('',#6604);
#2533=VERTEX_POINT('',#6623);
#2534=VERTEX_POINT('',#6625);
#2535=VERTEX_POINT('',#6633);
#2536=VERTEX_POINT('',#6635);
#2537=VERTEX_POINT('',#6639);
#2538=VERTEX_POINT('',#6641);
#2539=VERTEX_POINT('',#6645);
#2540=VERTEX_POINT('',#6647);
#2541=VERTEX_POINT('',#6670);
#2542=VERTEX_POINT('',#6672);
#2543=VERTEX_POINT('',#6680);
#2544=VERTEX_POINT('',#6682);
#2545=VERTEX_POINT('',#6686);
#2546=VERTEX_POINT('',#6688);
#2547=VERTEX_POINT('',#6692);
#2548=VERTEX_POINT('',#6694);
#2549=VERTEX_POINT('',#6708);
#2550=VERTEX_POINT('',#6710);
#2551=VERTEX_POINT('',#6764);
#2552=VERTEX_POINT('',#6766);
#2553=VERTEX_POINT('',#6780);
#2554=VERTEX_POINT('',#6782);
#2555=VERTEX_POINT('',#6786);
#2556=VERTEX_POINT('',#6788);
#2557=VERTEX_POINT('',#6792);
#2558=VERTEX_POINT('',#6794);
#2559=VERTEX_POINT('',#6838);
#2560=VERTEX_POINT('',#6840);
#2561=VERTEX_POINT('',#6875);
#2562=VERTEX_POINT('',#6877);
#2563=VERTEX_POINT('',#6890);
#2564=VERTEX_POINT('',#6892);
#2565=VERTEX_POINT('',#6905);
#2566=VERTEX_POINT('',#6907);
#2567=VERTEX_POINT('',#6920);
#2568=VERTEX_POINT('',#6922);
#2569=VERTEX_POINT('',#6926);
#2570=VERTEX_POINT('',#6928);
#2571=VERTEX_POINT('',#6987);
#2572=VERTEX_POINT('',#6988);
#2573=VERTEX_POINT('',#6990);
#2574=VERTEX_POINT('',#7004);
#2575=VERTEX_POINT('',#7008);
#2576=VERTEX_POINT('',#7010);
#2577=VERTEX_POINT('',#7060);
#2578=VERTEX_POINT('',#7062);
#2579=VERTEX_POINT('',#7075);
#2580=VERTEX_POINT('',#7077);
#2581=VERTEX_POINT('',#7110);
#2582=VERTEX_POINT('',#7111);
#2583=VERTEX_POINT('',#7113);
#2584=VERTEX_POINT('',#7115);
#2585=VERTEX_POINT('',#7158);
#2586=VERTEX_POINT('',#7160);
#2587=VERTEX_POINT('',#7172);
#2588=VERTEX_POINT('',#7174);
#2589=VERTEX_POINT('',#7199);
#2590=VERTEX_POINT('',#7200);
#2591=VERTEX_POINT('',#7202);
#2592=VERTEX_POINT('',#7208);
#2593=VERTEX_POINT('',#7212);
#2594=VERTEX_POINT('',#7214);
#2595=VERTEX_POINT('',#7218);
#2596=VERTEX_POINT('',#7220);
#2597=VERTEX_POINT('',#7230);
#2598=VERTEX_POINT('',#7231);
#2599=VERTEX_POINT('',#7237);
#2600=VERTEX_POINT('',#7239);
#2601=VERTEX_POINT('',#7313);
#2602=VERTEX_POINT('',#7314);
#2603=VERTEX_POINT('',#7316);
#2604=VERTEX_POINT('',#7322);
#2605=VERTEX_POINT('',#7474);
#2606=VERTEX_POINT('',#7475);
#2607=VERTEX_POINT('',#7477);
#2608=VERTEX_POINT('',#7483);
#2609=VERTEX_POINT('',#7487);
#2610=VERTEX_POINT('',#7489);
#2611=VERTEX_POINT('',#7532);
#2612=VERTEX_POINT('',#7534);
#2613=VERTEX_POINT('',#7548);
#2614=VERTEX_POINT('',#7550);
#2615=VERTEX_POINT('',#7578);
#2616=VERTEX_POINT('',#7580);
#2617=VERTEX_POINT('',#7591);
#2618=VERTEX_POINT('',#7593);
#2619=VERTEX_POINT('',#7621);
#2620=VERTEX_POINT('',#7623);
#2621=VERTEX_POINT('',#7634);
#2622=VERTEX_POINT('',#7636);
#2623=VERTEX_POINT('',#7679);
#2624=VERTEX_POINT('',#7681);
#2625=VERTEX_POINT('',#7749);
#2626=VERTEX_POINT('',#7750);
#2627=VERTEX_POINT('',#7752);
#2628=VERTEX_POINT('',#7765);
#2629=VERTEX_POINT('',#7769);
#2630=VERTEX_POINT('',#7771);
#2631=VERTEX_POINT('',#7795);
#2632=VERTEX_POINT('',#7797);
#2633=VERTEX_POINT('',#7806);
#2634=VERTEX_POINT('',#7808);
#2635=VERTEX_POINT('',#7859);
#2636=VERTEX_POINT('',#7861);
#2637=VERTEX_POINT('',#7885);
#2638=VERTEX_POINT('',#7887);
#2639=VERTEX_POINT('',#7894);
#2640=VERTEX_POINT('',#7896);
#2641=VERTEX_POINT('',#7977);
#2642=VERTEX_POINT('',#7978);
#2643=VERTEX_POINT('',#7980);
#2644=VERTEX_POINT('',#7993);
#2645=VERTEX_POINT('',#7997);
#2646=VERTEX_POINT('',#7999);
#2647=VERTEX_POINT('',#8023);
#2648=VERTEX_POINT('',#8025);
#2649=VERTEX_POINT('',#8034);
#2650=VERTEX_POINT('',#8036);
#2651=VERTEX_POINT('',#8087);
#2652=VERTEX_POINT('',#8089);
#2653=VERTEX_POINT('',#8109);
#2654=VERTEX_POINT('',#8110);
#2655=VERTEX_POINT('',#8112);
#2656=VERTEX_POINT('',#8114);
#2657=VERTEX_POINT('',#8126);
#2658=VERTEX_POINT('',#8132);
#2659=VERTEX_POINT('',#8173);
#2660=VERTEX_POINT('',#8196);
#2661=VERTEX_POINT('',#8222);
#2662=VERTEX_POINT('',#8223);
#2663=VERTEX_POINT('',#8225);
#2664=VERTEX_POINT('',#8232);
#2665=VERTEX_POINT('',#8236);
#2666=VERTEX_POINT('',#8238);
#2667=VERTEX_POINT('',#8252);
#2668=VERTEX_POINT('',#8254);
#2669=VERTEX_POINT('',#8267);
#2670=VERTEX_POINT('',#8268);
#2671=VERTEX_POINT('',#8270);
#2672=VERTEX_POINT('',#8272);
#2673=VERTEX_POINT('',#8315);
#2674=VERTEX_POINT('',#8317);
#2675=VERTEX_POINT('',#8331);
#2676=VERTEX_POINT('',#8333);
#2677=VERTEX_POINT('',#8361);
#2678=VERTEX_POINT('',#8363);
#2679=VERTEX_POINT('',#8374);
#2680=VERTEX_POINT('',#8376);
#2681=VERTEX_POINT('',#8404);
#2682=VERTEX_POINT('',#8406);
#2683=VERTEX_POINT('',#8417);
#2684=VERTEX_POINT('',#8419);
#2685=VERTEX_POINT('',#8427);
#2686=VERTEX_POINT('',#8439);
#2687=VERTEX_POINT('',#8458);
#2688=VERTEX_POINT('',#8501);
#2689=VERTEX_POINT('',#8519);
#2690=VERTEX_POINT('',#8520);
#2691=VERTEX_POINT('',#8522);
#2692=VERTEX_POINT('',#8527);
#2693=VERTEX_POINT('',#8531);
#2694=VERTEX_POINT('',#8533);
#2695=VERTEX_POINT('',#8561);
#2696=VERTEX_POINT('',#8563);
#2697=VERTEX_POINT('',#8572);
#2698=VERTEX_POINT('',#8574);
#2699=VERTEX_POINT('',#8607);
#2700=VERTEX_POINT('',#8608);
#2701=VERTEX_POINT('',#8610);
#2702=VERTEX_POINT('',#8612);
#2703=VERTEX_POINT('',#8623);
#2704=VERTEX_POINT('',#8628);
#2705=VERTEX_POINT('',#8657);
#2706=VERTEX_POINT('',#8678);
#2707=VERTEX_POINT('',#8723);
#2708=VERTEX_POINT('',#8724);
#2709=VERTEX_POINT('',#8726);
#2710=VERTEX_POINT('',#8736);
#2711=VERTEX_POINT('',#8740);
#2712=VERTEX_POINT('',#8742);
#2713=VERTEX_POINT('',#8765);
#2714=VERTEX_POINT('',#8767);
#2715=VERTEX_POINT('',#8818);
#2716=VERTEX_POINT('',#8819);
#2717=VERTEX_POINT('',#8833);
#2718=VERTEX_POINT('',#8835);
#2719=VERTEX_POINT('',#8851);
#2720=VERTEX_POINT('',#8853);
#2721=VERTEX_POINT('',#8903);
#2722=VERTEX_POINT('',#8905);
#2723=VERTEX_POINT('',#8918);
#2724=VERTEX_POINT('',#8920);
#2725=VERTEX_POINT('',#9008);
#2726=VERTEX_POINT('',#9009);
#2727=VERTEX_POINT('',#9011);
#2728=VERTEX_POINT('',#9025);
#2729=VERTEX_POINT('',#9029);
#2730=VERTEX_POINT('',#9031);
#2731=VERTEX_POINT('',#9066);
#2732=VERTEX_POINT('',#9068);
#2733=VERTEX_POINT('',#9084);
#2734=VERTEX_POINT('',#9085);
#2735=VERTEX_POINT('',#9087);
#2736=VERTEX_POINT('',#9089);
#2737=VERTEX_POINT('',#9108);
#2738=VERTEX_POINT('',#9110);
#2739=VERTEX_POINT('',#9137);
#2740=VERTEX_POINT('',#9139);
#2741=VERTEX_POINT('',#9149);
#2742=VERTEX_POINT('',#9151);
#2743=B_SPLINE_CURVE_WITH_KNOTS('',3,(#4956,#4957,#4958,#4959,#4960,#4961),
 .UNSPECIFIED.,.F.,.F.,(4,1,1,4),(0.,0.0477341146916576,0.102649964203563,
0.149279969295368),.UNSPECIFIED.);
#2744=B_SPLINE_CURVE_WITH_KNOTS('',3,(#4966,#4967,#4968,#4969,#4970,#4971),
 .UNSPECIFIED.,.F.,.F.,(4,1,1,4),(0.896744062359901,0.907492222312975,0.952168553603974,
0.95532303705867),.UNSPECIFIED.);
#2745=B_SPLINE_CURVE_WITH_KNOTS('',3,(#4975,#4976,#4977,#4978),
 .UNSPECIFIED.,.F.,.F.,(4,4),(0.906806079113126,0.999874476506535),
 .PIECEWISE_BEZIER_KNOTS.);
#2746=B_SPLINE_CURVE_WITH_KNOTS('',3,(#4980,#4981,#4982,#4983),
 .UNSPECIFIED.,.F.,.F.,(4,4),(0.906806079113126,0.999874476506535),
 .PIECEWISE_BEZIER_KNOTS.);
#2747=B_SPLINE_CURVE_WITH_KNOTS('',3,(#4988,#4989,#4990,#4991,#4992,#4993),
 .UNSPECIFIED.,.F.,.F.,(4,1,1,4),(0.896744062359901,0.907492222312975,0.952168553603974,
0.95532303705867),.UNSPECIFIED.);
#2748=B_SPLINE_CURVE_WITH_KNOTS('',3,(#4997,#4998,#4999,#5000,#5001,#5002),
 .UNSPECIFIED.,.F.,.F.,(4,1,1,4),(0.,0.0477341146916576,0.102649964203563,
0.149279969295368),.UNSPECIFIED.);
#2749=B_SPLINE_CURVE_WITH_KNOTS('',3,(#5088,#5089,#5090,#5091,#5092,#5093,
#5094,#5095),.UNSPECIFIED.,.F.,.F.,(4,1,1,1,1,4),(0.194336516727793,0.215740326176648,
0.258502453109409,0.271578085880374,0.324151273441959,0.331493794974099),
 .UNSPECIFIED.);
#2750=B_SPLINE_CURVE_WITH_KNOTS('',3,(#5099,#5100,#5101,#5102,#5103,#5104,
#5105,#5106),.UNSPECIFIED.,.F.,.F.,(4,1,1,1,1,4),(0.194336516727793,0.215740326176648,
0.258502453109409,0.271578085880374,0.324151273441959,0.331493794974099),
 .UNSPECIFIED.);
#2751=B_SPLINE_CURVE_WITH_KNOTS('',3,(#5121,#5122,#5123,#5124),
 .UNSPECIFIED.,.F.,.F.,(4,4),(0.510572047802294,0.546629944715001),
 .PIECEWISE_BEZIER_KNOTS.);
#2752=B_SPLINE_CURVE_WITH_KNOTS('',3,(#5125,#5126,#5127,#5128),
 .UNSPECIFIED.,.F.,.F.,(4,4),(0.510572047802294,0.546629944715001),
 .PIECEWISE_BEZIER_KNOTS.);
#2753=B_SPLINE_CURVE_WITH_KNOTS('',3,(#5167,#5168,#5169,#5170,#5171,#5172),
 .UNSPECIFIED.,.F.,.F.,(4,1,1,4),(0.896744062359901,0.907492222312975,0.952168553603974,
0.95532303705867),.UNSPECIFIED.);
#2754=B_SPLINE_CURVE_WITH_KNOTS('',3,(#5176,#5177,#5178,#5179,#5180,#5181),
 .UNSPECIFIED.,.F.,.F.,(4,1,1,4),(0.896744062359901,0.907492222312975,0.952168553603974,
0.95532303705867),.UNSPECIFIED.);
#2755=B_SPLINE_CURVE_WITH_KNOTS('',3,(#5226,#5227,#5228,#5229,#5230,#5231,
#5232,#5233,#5234,#5235,#5236,#5237),.UNSPECIFIED.,.F.,.F.,(4,1,1,1,1,1,
1,1,1,4),(0.,0.0795412504415096,0.158933454611272,0.237283874709105,0.335261688247326,
0.419085828523444,0.508408177495849,0.599657113811848,0.685792730194618,
0.716627667085982),.UNSPECIFIED.);
#2756=B_SPLINE_CURVE_WITH_KNOTS('',3,(#5242,#5243,#5244,#5245,#5246,#5247,
#5248,#5249,#5250,#5251,#5252,#5253),.UNSPECIFIED.,.F.,.F.,(4,1,1,1,1,1,
1,1,1,4),(0.,0.0795412504415096,0.158933454611272,0.237283874709105,0.335261688247326,
0.419085828523444,0.508408177495849,0.599657113811848,0.685792730194618,
0.716627667085982),.UNSPECIFIED.);
#2757=B_SPLINE_CURVE_WITH_KNOTS('',3,(#5278,#5279,#5280,#5281,#5282,#5283),
 .UNSPECIFIED.,.F.,.F.,(4,1,1,4),(0.900553504838808,0.917372890456741,0.986309570135279,
1.),.UNSPECIFIED.);
#2758=B_SPLINE_CURVE_WITH_KNOTS('',3,(#5287,#5288,#5289,#5290,#5291,#5292),
 .UNSPECIFIED.,.F.,.F.,(4,1,1,4),(0.900553504838808,0.917372890456741,0.986309570135279,
1.),.UNSPECIFIED.);
#2759=B_SPLINE_CURVE_WITH_KNOTS('',3,(#5337,#5338,#5339,#5340,#5341,#5342,
#5343,#5344,#5345,#5346,#5347),.UNSPECIFIED.,.F.,.F.,(4,1,1,1,1,1,1,1,4),
(0.,0.0240580219427565,0.0488171586494664,0.0727672784502218,0.0985605919224982,
0.119851303460643,0.141434951370183,0.167741687004434,0.178326076269702),
 .UNSPECIFIED.);
#2760=B_SPLINE_CURVE_WITH_KNOTS('',3,(#5351,#5352,#5353,#5354,#5355,#5356,
#5357,#5358,#5359,#5360,#5361),.UNSPECIFIED.,.F.,.F.,(4,1,1,1,1,1,1,1,4),
(0.,0.0240580219427565,0.0488171586494664,0.0727672784502218,0.0985605919224982,
0.119851303460643,0.141434951370183,0.167741687004434,0.178326076269702),
 .UNSPECIFIED.);
#2761=B_SPLINE_CURVE_WITH_KNOTS('',3,(#5370,#5371,#5372,#5373),
 .UNSPECIFIED.,.F.,.F.,(4,4),(0.95532303705867,1.),
 .PIECEWISE_BEZIER_KNOTS.);
#2762=B_SPLINE_CURVE_WITH_KNOTS('',3,(#5377,#5378,#5379,#5380),
 .UNSPECIFIED.,.F.,.F.,(4,4),(0.95532303705867,1.),
 .PIECEWISE_BEZIER_KNOTS.);
#2763=B_SPLINE_CURVE_WITH_KNOTS('',3,(#5401,#5402,#5403,#5404,#5405,#5406),
 .UNSPECIFIED.,.F.,.F.,(4,1,1,4),(0.716627667085982,0.785003099269028,0.879051923790441,
0.906806079113125),.UNSPECIFIED.);
#2764=B_SPLINE_CURVE_WITH_KNOTS('',3,(#5407,#5408,#5409,#5410,#5411,#5412),
 .UNSPECIFIED.,.F.,.F.,(4,1,1,4),(0.716627667085982,0.785003099269028,0.879051923790441,
0.906806079113125),.UNSPECIFIED.);
#2765=B_SPLINE_CURVE_WITH_KNOTS('',3,(#5469,#5470,#5471,#5472,#5473,#5474,
#5475,#5476,#5477,#5478,#5479,#5480,#5481),.UNSPECIFIED.,.F.,.F.,(4,1,1,
1,1,1,1,1,1,1,4),(0.331493794974099,0.386632813839796,0.428850102821698,
0.451161619918777,0.490604505200053,0.542978431480255,0.587164770536229,
0.617074275880772,0.624819275572542,0.647380268225798,0.67103124675309),
 .UNSPECIFIED.);
#2766=B_SPLINE_CURVE_WITH_KNOTS('',3,(#5485,#5486,#5487,#5488,#5489,#5490,
#5491,#5492,#5493,#5494,#5495,#5496,#5497),.UNSPECIFIED.,.F.,.F.,(4,1,1,
1,1,1,1,1,1,1,4),(0.331493794974099,0.386632813839796,0.428850102821698,
0.451161619918777,0.490604505200053,0.542978431480255,0.587164770536229,
0.617074275880772,0.624819275572542,0.647380268225798,0.67103124675309),
 .UNSPECIFIED.);
#2767=B_SPLINE_CURVE_WITH_KNOTS('',3,(#5536,#5537,#5538,#5539,#5540,#5541,
#5542,#5543,#5544),.UNSPECIFIED.,.F.,.F.,(4,1,1,1,1,1,4),(0.546629944715001,
0.546758656033624,0.579695694155251,0.602880200876597,0.629273448211635,
0.663605441981325,0.664369589333825),.UNSPECIFIED.);
#2768=B_SPLINE_CURVE_WITH_KNOTS('',3,(#5545,#5546,#5547,#5548,#5549,#5550,
#5551,#5552,#5553),.UNSPECIFIED.,.F.,.F.,(4,1,1,1,1,1,4),(0.546629944715001,
0.546758656033624,0.579695694155251,0.602880200876597,0.629273448211635,
0.663605441981325,0.664369589333825),.UNSPECIFIED.);
#2769=B_SPLINE_CURVE_WITH_KNOTS('',3,(#5587,#5588,#5589,#5590,#5591,#5592,
#5593,#5594,#5595),.UNSPECIFIED.,.F.,.F.,(4,1,1,1,1,1,4),(0.149279969295398,
0.156647050281668,0.215740326176689,0.258502453109458,0.271578085880426,
0.324151273442021,0.331493794974162),.UNSPECIFIED.);
#2770=B_SPLINE_CURVE_WITH_KNOTS('',3,(#5600,#5601,#5602,#5603,#5604,#5605,
#5606,#5607,#5608),.UNSPECIFIED.,.F.,.F.,(4,1,1,1,1,1,4),(0.149279969295398,
0.156647050281668,0.215740326176689,0.258502453109458,0.271578085880426,
0.324151273442021,0.331493794974162),.UNSPECIFIED.);
#2771=B_SPLINE_CURVE_WITH_KNOTS('',3,(#5633,#5634,#5635,#5636,#5637),
 .UNSPECIFIED.,.F.,.F.,(4,1,4),(0.83989656964849,0.866772721283416,0.896744062359902),
 .UNSPECIFIED.);
#2772=B_SPLINE_CURVE_WITH_KNOTS('',3,(#5641,#5642,#5643,#5644,#5645),
 .UNSPECIFIED.,.F.,.F.,(4,1,4),(0.83989656964849,0.866772721283416,0.896744062359902),
 .UNSPECIFIED.);
#2773=B_SPLINE_CURVE_WITH_KNOTS('',3,(#5666,#5667,#5668,#5669,#5670,#5671),
 .UNSPECIFIED.,.F.,.F.,(4,1,1,4),(0.,0.0344282651848362,0.0722262251382379,
0.124195500313277),.UNSPECIFIED.);
#2774=B_SPLINE_CURVE_WITH_KNOTS('',3,(#5676,#5677,#5678,#5679,#5680,#5681),
 .UNSPECIFIED.,.F.,.F.,(4,1,1,4),(0.,0.0344282651848362,0.0722262251382379,
0.124195500313277),.UNSPECIFIED.);
#2775=B_SPLINE_CURVE_WITH_KNOTS('',3,(#5722,#5723,#5724,#5725,#5726,#5727,
#5728,#5729,#5730,#5731,#5732,#5733,#5734),.UNSPECIFIED.,.F.,.F.,(4,1,1,
1,1,1,1,1,1,1,4),(0.,0.0795412504415096,0.158933454611272,0.237283874709105,
0.335261688247326,0.419085828523445,0.508408177495849,0.599657113811848,
0.685792730194618,0.785003099269028,0.84680362800339),.UNSPECIFIED.);
#2776=B_SPLINE_CURVE_WITH_KNOTS('',3,(#5738,#5739,#5740,#5741,#5742,#5743,
#5744,#5745,#5746,#5747,#5748,#5749,#5750),.UNSPECIFIED.,.F.,.F.,(4,1,1,
1,1,1,1,1,1,1,4),(0.,0.0795412504415096,0.158933454611272,0.237283874709105,
0.335261688247326,0.419085828523445,0.508408177495849,0.599657113811848,
0.685792730194618,0.785003099269028,0.84680362800339),.UNSPECIFIED.);
#2777=B_SPLINE_CURVE_WITH_KNOTS('',3,(#5759,#5760,#5761,#5762,#5763,#5764,
#5765,#5766,#5767,#5768,#5769,#5770,#5771),.UNSPECIFIED.,.F.,.F.,(4,1,1,
1,1,1,1,1,1,1,4),(0.,0.0795412504415096,0.158933454611272,0.237283874709105,
0.335261688247326,0.419085828523444,0.508408177495849,0.599657113811848,
0.685792730194618,0.785003099269028,0.846803628003388),.UNSPECIFIED.);
#2778=B_SPLINE_CURVE_WITH_KNOTS('',3,(#5775,#5776,#5777,#5778,#5779,#5780,
#5781,#5782,#5783,#5784,#5785,#5786,#5787),.UNSPECIFIED.,.F.,.F.,(4,1,1,
1,1,1,1,1,1,1,4),(0.,0.0795412504415096,0.158933454611272,0.237283874709105,
0.335261688247326,0.419085828523444,0.508408177495849,0.599657113811848,
0.685792730194618,0.785003099269028,0.846803628003388),.UNSPECIFIED.);
#2779=B_SPLINE_CURVE_WITH_KNOTS('',3,(#5808,#5809,#5810,#5811,#5812,#5813,
#5814,#5815,#5816,#5817),.UNSPECIFIED.,.F.,.F.,(4,1,1,1,1,1,1,4),(0.239901785696575,
0.24094969078354,0.269127378675705,0.305742980988996,0.341695811500419,
0.369773423501107,0.40568665620986,0.411165484599762),.UNSPECIFIED.);
#2780=B_SPLINE_CURVE_WITH_KNOTS('',3,(#5821,#5822,#5823,#5824,#5825,#5826,
#5827,#5828,#5829,#5830),.UNSPECIFIED.,.F.,.F.,(4,1,1,1,1,1,1,4),(0.239901785696575,
0.24094969078354,0.269127378675705,0.305742980988996,0.341695811500419,
0.369773423501107,0.40568665620986,0.411165484599762),.UNSPECIFIED.);
#2781=B_SPLINE_CURVE_WITH_KNOTS('',3,(#5863,#5864,#5865,#5866,#5867,#5868,
#5869,#5870,#5871,#5872),.UNSPECIFIED.,.F.,.F.,(4,1,1,1,1,1,1,4),(0.239901785696576,
0.24094969078354,0.269127378675704,0.305742980988995,0.341695811500419,
0.369773423501107,0.40568665620986,0.411165484599762),.UNSPECIFIED.);
#2782=B_SPLINE_CURVE_WITH_KNOTS('',3,(#5876,#5877,#5878,#5879,#5880,#5881,
#5882,#5883,#5884,#5885),.UNSPECIFIED.,.F.,.F.,(4,1,1,1,1,1,1,4),(0.239901785696576,
0.24094969078354,0.269127378675704,0.305742980988995,0.341695811500419,
0.369773423501107,0.40568665620986,0.411165484599762),.UNSPECIFIED.);
#2783=B_SPLINE_CURVE_WITH_KNOTS('',3,(#5904,#5905,#5906,#5907,#5908),
 .UNSPECIFIED.,.F.,.F.,(4,1,4),(0.664369589333825,0.731774581419553,0.735189555136177),
 .UNSPECIFIED.);
#2784=B_SPLINE_CURVE_WITH_KNOTS('',3,(#5913,#5914,#5915,#5916,#5917),
 .UNSPECIFIED.,.F.,.F.,(4,1,4),(0.664369589333825,0.731774581419553,0.735189555136177),
 .UNSPECIFIED.);
#2785=B_SPLINE_CURVE_WITH_KNOTS('',3,(#5956,#5957,#5958,#5959,#5960,#5961,
#5962,#5963,#5964,#5965,#5966),.UNSPECIFIED.,.F.,.F.,(4,1,1,1,1,1,1,1,4),
(0.671031246753193,0.685893172557557,0.717202983773898,0.751585590436737,
0.802707264075812,0.861853236547564,0.911495390435987,0.959924884758869,
0.999391888739178),.UNSPECIFIED.);
#2786=B_SPLINE_CURVE_WITH_KNOTS('',3,(#5970,#5971,#5972,#5973,#5974,#5975,
#5976,#5977,#5978,#5979,#5980),.UNSPECIFIED.,.F.,.F.,(4,1,1,1,1,1,1,1,4),
(0.671031246753193,0.685893172557557,0.717202983773898,0.751585590436737,
0.802707264075812,0.861853236547564,0.911495390435987,0.959924884758869,
0.999391888739178),.UNSPECIFIED.);
#2787=B_SPLINE_CURVE_WITH_KNOTS('',3,(#6005,#6006,#6007,#6008,#6009,#6010,
#6011,#6012),.UNSPECIFIED.,.F.,.F.,(4,1,1,1,1,4),(0.0284471239535974,0.292569057866975,
0.489702226994768,0.728839095797213,0.882981225920519,1.),.UNSPECIFIED.);
#2788=B_SPLINE_CURVE_WITH_KNOTS('',3,(#6016,#6017,#6018,#6019,#6020,#6021,
#6022,#6023),.UNSPECIFIED.,.F.,.F.,(4,1,1,1,1,4),(0.0284471239535974,0.292569057866975,
0.489702226994768,0.728839095797213,0.882981225920519,1.),.UNSPECIFIED.);
#2789=B_SPLINE_CURVE_WITH_KNOTS('',3,(#6048,#6049,#6050,#6051,#6052,#6053,
#6054,#6055),.UNSPECIFIED.,.F.,.F.,(4,1,1,1,1,4),(0.0284471239535953,0.292569057866975,
0.489702226994768,0.728839095797213,0.882981225920519,1.),.UNSPECIFIED.);
#2790=B_SPLINE_CURVE_WITH_KNOTS('',3,(#6059,#6060,#6061,#6062,#6063,#6064,
#6065,#6066),.UNSPECIFIED.,.F.,.F.,(4,1,1,1,1,4),(0.0284471239535953,0.292569057866975,
0.489702226994768,0.728839095797213,0.882981225920519,1.),.UNSPECIFIED.);
#2791=B_SPLINE_CURVE_WITH_KNOTS('',3,(#6103,#6104,#6105,#6106,#6107,#6108,
#6109,#6110,#6111,#6112,#6113),.UNSPECIFIED.,.F.,.F.,(4,1,1,1,1,1,1,1,4),
(0.671031246753193,0.685893172557557,0.717202983773898,0.751585590436737,
0.802707264075812,0.861853236547564,0.911495390435987,0.959924884758869,
0.999391888739177),.UNSPECIFIED.);
#2792=B_SPLINE_CURVE_WITH_KNOTS('',3,(#6117,#6118,#6119,#6120,#6121,#6122,
#6123,#6124,#6125,#6126,#6127),.UNSPECIFIED.,.F.,.F.,(4,1,1,1,1,1,1,1,4),
(0.671031246753193,0.685893172557557,0.717202983773898,0.751585590436737,
0.802707264075812,0.861853236547564,0.911495390435987,0.959924884758869,
0.999391888739177),.UNSPECIFIED.);
#2793=B_SPLINE_CURVE_WITH_KNOTS('',3,(#6181,#6182,#6183,#6184,#6185,#6186,
#6187),.UNSPECIFIED.,.F.,.F.,(4,1,1,1,4),(0.735189555136177,0.771956714717111,
0.798061095265031,0.824786119393262,0.83989656964849),.UNSPECIFIED.);
#2794=B_SPLINE_CURVE_WITH_KNOTS('',3,(#6188,#6189,#6190,#6191,#6192,#6193,
#6194),.UNSPECIFIED.,.F.,.F.,(4,1,1,1,4),(0.735189555136177,0.771956714717111,
0.798061095265031,0.824786119393262,0.83989656964849),.UNSPECIFIED.);
#2795=B_SPLINE_CURVE_WITH_KNOTS('',3,(#6312,#6313,#6314,#6315,#6316,#6317,
#6318,#6319,#6320,#6321,#6322,#6323,#6324,#6325,#6326,#6327,#6328,#6329,
#6330,#6331,#6332,#6333,#6334,#6335,#6336,#6337,#6338,#6339,#6340,#6341,
#6342,#6343,#6344,#6345,#6346,#6347),.UNSPECIFIED.,.F.,.F.,(4,1,1,1,1,1,
1,1,1,1,1,1,1,1,1,1,1,1,1,1,1,1,1,1,1,1,1,1,1,1,1,1,1,4),(0.124195500313277,
0.127264830108596,0.176018431756283,0.195809045400094,0.205379271648094,
0.232599961663322,0.262481501356211,0.276056802434358,0.301337194465401,
0.324325516776506,0.362670235072507,0.404304841990468,0.411087157040347,
0.41921304325542,0.427962211689512,0.454158964518003,0.480101452244106,
0.505348215870799,0.539439187487155,0.575785065485974,0.610887987594083,
0.612536824279069,0.629144615727035,0.642169779929155,0.665582729330239,
0.674941165323083,0.702195124705196,0.719977103386571,0.749580698429323,
0.793579733777255,0.815426723034055,0.82915572152323,0.855044726411293,
0.900553504838809),.UNSPECIFIED.);
#2796=B_SPLINE_CURVE_WITH_KNOTS('',3,(#6352,#6353,#6354,#6355,#6356,#6357,
#6358,#6359,#6360,#6361,#6362,#6363,#6364,#6365,#6366,#6367,#6368,#6369,
#6370,#6371,#6372,#6373,#6374,#6375,#6376,#6377,#6378,#6379,#6380,#6381,
#6382,#6383,#6384,#6385,#6386,#6387),.UNSPECIFIED.,.F.,.F.,(4,1,1,1,1,1,
1,1,1,1,1,1,1,1,1,1,1,1,1,1,1,1,1,1,1,1,1,1,1,1,1,1,1,4),(0.124195500313277,
0.127264830108596,0.176018431756283,0.195809045400094,0.205379271648094,
0.232599961663322,0.262481501356211,0.276056802434358,0.301337194465401,
0.324325516776506,0.362670235072507,0.404304841990468,0.411087157040347,
0.41921304325542,0.427962211689512,0.454158964518003,0.480101452244106,
0.505348215870799,0.539439187487155,0.575785065485974,0.610887987594083,
0.612536824279069,0.629144615727035,0.642169779929155,0.665582729330239,
0.674941165323083,0.702195124705196,0.719977103386571,0.749580698429323,
0.793579733777255,0.815426723034055,0.82915572152323,0.855044726411293,
0.900553504838809),.UNSPECIFIED.);
#2797=B_SPLINE_CURVE_WITH_KNOTS('',3,(#6408,#6409,#6410,#6411,#6412),
 .UNSPECIFIED.,.F.,.F.,(4,1,4),(0.178326076269702,0.201398815960527,0.239901785696575),
 .UNSPECIFIED.);
#2798=B_SPLINE_CURVE_WITH_KNOTS('',3,(#6416,#6417,#6418,#6419,#6420),
 .UNSPECIFIED.,.F.,.F.,(4,1,4),(0.178326076269702,0.201398815960527,0.239901785696575),
 .UNSPECIFIED.);
#2799=B_SPLINE_CURVE_WITH_KNOTS('',3,(#6453,#6454,#6455,#6456,#6457,#6458,
#6459,#6460),.UNSPECIFIED.,.F.,.F.,(4,1,1,1,1,4),(0.194336516727829,0.215740326176689,
0.258502453109458,0.271578085880426,0.324151273442021,0.331493794974162),
 .UNSPECIFIED.);
#2800=B_SPLINE_CURVE_WITH_KNOTS('',3,(#6465,#6466,#6467,#6468,#6469,#6470,
#6471,#6472),.UNSPECIFIED.,.F.,.F.,(4,1,1,1,1,4),(0.194336516727829,0.215740326176689,
0.258502453109458,0.271578085880426,0.324151273442021,0.331493794974162),
 .UNSPECIFIED.);
#2801=B_SPLINE_CURVE_WITH_KNOTS('',3,(#6489,#6490,#6491,#6492),
 .UNSPECIFIED.,.F.,.F.,(4,4),(0.510572047802294,0.546629944715001),
 .PIECEWISE_BEZIER_KNOTS.);
#2802=B_SPLINE_CURVE_WITH_KNOTS('',3,(#6496,#6497,#6498,#6499),
 .UNSPECIFIED.,.F.,.F.,(4,4),(0.510572047802294,0.546629944715001),
 .PIECEWISE_BEZIER_KNOTS.);
#2803=B_SPLINE_CURVE_WITH_KNOTS('',3,(#6537,#6538,#6539,#6540,#6541,#6542,
#6543),.UNSPECIFIED.,.F.,.F.,(4,1,1,1,4),(0.411165484599762,0.436358284757213,
0.471468386035382,0.51025066442861,0.510572047802294),.UNSPECIFIED.);
#2804=B_SPLINE_CURVE_WITH_KNOTS('',3,(#6547,#6548,#6549,#6550,#6551,#6552,
#6553),.UNSPECIFIED.,.F.,.F.,(4,1,1,1,4),(0.411165484599762,0.436358284757213,
0.471468386035382,0.51025066442861,0.510572047802294),.UNSPECIFIED.);
#2805=B_SPLINE_CURVE_WITH_KNOTS('',3,(#6574,#6575,#6576,#6577),
 .UNSPECIFIED.,.F.,.F.,(4,4),(0.510572047802294,0.546629944715001),
 .PIECEWISE_BEZIER_KNOTS.);
#2806=B_SPLINE_CURVE_WITH_KNOTS('',3,(#6582,#6583,#6584,#6585),
 .UNSPECIFIED.,.F.,.F.,(4,4),(0.510572047802294,0.546629944715001),
 .PIECEWISE_BEZIER_KNOTS.);
#2807=B_SPLINE_CURVE_WITH_KNOTS('',3,(#6618,#6619,#6620,#6621,#6622),
 .UNSPECIFIED.,.F.,.F.,(4,1,4),(0.664369589333825,0.731774581419554,0.735189555136177),
 .UNSPECIFIED.);
#2808=B_SPLINE_CURVE_WITH_KNOTS('',3,(#6626,#6627,#6628,#6629,#6630),
 .UNSPECIFIED.,.F.,.F.,(4,1,4),(0.664369589333825,0.731774581419554,0.735189555136177),
 .UNSPECIFIED.);
#2809=B_SPLINE_CURVE_WITH_KNOTS('',3,(#6665,#6666,#6667,#6668,#6669),
 .UNSPECIFIED.,.F.,.F.,(4,1,4),(0.83989656964849,0.866772721283416,0.896744062359901),
 .UNSPECIFIED.);
#2810=B_SPLINE_CURVE_WITH_KNOTS('',3,(#6673,#6674,#6675,#6676,#6677),
 .UNSPECIFIED.,.F.,.F.,(4,1,4),(0.83989656964849,0.866772721283416,0.896744062359901),
 .UNSPECIFIED.);
#2811=B_SPLINE_CURVE_WITH_KNOTS('',3,(#6704,#6705,#6706,#6707),
 .UNSPECIFIED.,.F.,.F.,(4,4),(0.95532303705867,1.),
 .PIECEWISE_BEZIER_KNOTS.);
#2812=B_SPLINE_CURVE_WITH_KNOTS('',3,(#6711,#6712,#6713,#6714),
 .UNSPECIFIED.,.F.,.F.,(4,4),(0.95532303705867,1.),
 .PIECEWISE_BEZIER_KNOTS.);
#2813=B_SPLINE_CURVE_WITH_KNOTS('',3,(#6753,#6754,#6755,#6756,#6757,#6758,
#6759,#6760,#6761,#6762,#6763),.UNSPECIFIED.,.F.,.F.,(4,1,1,1,1,1,1,1,4),
(0.,0.0240580219427565,0.0488171586494665,0.072767278450222,0.0985605919224984,
0.119851303460643,0.141434951370183,0.167741687004434,0.178326076269702),
 .UNSPECIFIED.);
#2814=B_SPLINE_CURVE_WITH_KNOTS('',3,(#6767,#6768,#6769,#6770,#6771,#6772,
#6773,#6774,#6775,#6776,#6777),.UNSPECIFIED.,.F.,.F.,(4,1,1,1,1,1,1,1,4),
(0.,0.0240580219427565,0.0488171586494665,0.072767278450222,0.0985605919224984,
0.119851303460643,0.141434951370183,0.167741687004434,0.178326076269702),
 .UNSPECIFIED.);
#2815=B_SPLINE_CURVE_WITH_KNOTS('',3,(#6828,#6829,#6830,#6831,#6832,#6833,
#6834,#6835,#6836,#6837),.UNSPECIFIED.,.F.,.F.,(4,1,1,1,1,1,1,4),(0.239901785696575,
0.24094969078354,0.269127378675705,0.305742980988996,0.341695811500419,
0.369773423501107,0.40568665620986,0.411165484599762),.UNSPECIFIED.);
#2816=B_SPLINE_CURVE_WITH_KNOTS('',3,(#6841,#6842,#6843,#6844,#6845,#6846,
#6847,#6848,#6849,#6850),.UNSPECIFIED.,.F.,.F.,(4,1,1,1,1,1,1,4),(0.239901785696575,
0.24094969078354,0.269127378675705,0.305742980988996,0.341695811500419,
0.369773423501107,0.40568665620986,0.411165484599762),.UNSPECIFIED.);
#2817=B_SPLINE_CURVE_WITH_KNOTS('',3,(#6865,#6866,#6867,#6868,#6869,#6870,
#6871,#6872,#6873,#6874),.UNSPECIFIED.,.F.,.F.,(4,1,1,1,1,1,1,4),(0.239901785696576,
0.24094969078354,0.269127378675704,0.305742980988995,0.341695811500419,
0.369773423501107,0.40568665620986,0.411165484599762),.UNSPECIFIED.);
#2818=B_SPLINE_CURVE_WITH_KNOTS('',3,(#6878,#6879,#6880,#6881,#6882,#6883,
#6884,#6885,#6886,#6887),.UNSPECIFIED.,.F.,.F.,(4,1,1,1,1,1,1,4),(0.239901785696576,
0.24094969078354,0.269127378675704,0.305742980988995,0.341695811500419,
0.369773423501107,0.40568665620986,0.411165484599762),.UNSPECIFIED.);
#2819=B_SPLINE_CURVE_WITH_KNOTS('',3,(#6895,#6896,#6897,#6898,#6899,#6900,
#6901,#6902,#6903,#6904),.UNSPECIFIED.,.F.,.F.,(4,1,1,1,1,1,1,4),(0.239901785696575,
0.24094969078354,0.269127378675705,0.305742980988996,0.341695811500419,
0.369773423501107,0.40568665620986,0.411165484599762),.UNSPECIFIED.);
#2820=B_SPLINE_CURVE_WITH_KNOTS('',3,(#6908,#6909,#6910,#6911,#6912,#6913,
#6914,#6915,#6916,#6917),.UNSPECIFIED.,.F.,.F.,(4,1,1,1,1,1,1,4),(0.239901785696575,
0.24094969078354,0.269127378675705,0.305742980988996,0.341695811500419,
0.369773423501107,0.40568665620986,0.411165484599762),.UNSPECIFIED.);
#2821=B_SPLINE_CURVE_WITH_KNOTS('',3,(#6974,#6975,#6976,#6977,#6978,#6979,
#6980,#6981,#6982,#6983,#6984,#6985,#6986),.UNSPECIFIED.,.F.,.F.,(4,1,1,
1,1,1,1,1,1,1,4),(0.,0.0795412504415096,0.158933454611272,0.237283874709105,
0.335261688247326,0.419085828523444,0.508408177495849,0.599657113811848,
0.685792730194618,0.785003099269028,0.846803628003388),.UNSPECIFIED.);
#2822=B_SPLINE_CURVE_WITH_KNOTS('',3,(#6991,#6992,#6993,#6994,#6995,#6996,
#6997,#6998,#6999,#7000,#7001,#7002,#7003),.UNSPECIFIED.,.F.,.F.,(4,1,1,
1,1,1,1,1,1,1,4),(0.,0.0795412504415096,0.158933454611272,0.237283874709105,
0.335261688247326,0.419085828523444,0.508408177495849,0.599657113811848,
0.685792730194618,0.785003099269028,0.846803628003388),.UNSPECIFIED.);
#2823=B_SPLINE_CURVE_WITH_KNOTS('',3,(#7050,#7051,#7052,#7053,#7054,#7055,
#7056,#7057,#7058,#7059),.UNSPECIFIED.,.F.,.F.,(4,1,1,1,1,1,1,4),(0.239901785696576,
0.24094969078354,0.269127378675704,0.305742980988995,0.341695811500419,
0.369773423501107,0.40568665620986,0.411165484599762),.UNSPECIFIED.);
#2824=B_SPLINE_CURVE_WITH_KNOTS('',3,(#7063,#7064,#7065,#7066,#7067,#7068,
#7069,#7070,#7071,#7072),.UNSPECIFIED.,.F.,.F.,(4,1,1,1,1,1,1,4),(0.239901785696576,
0.24094969078354,0.269127378675704,0.305742980988995,0.341695811500419,
0.369773423501107,0.40568665620986,0.411165484599762),.UNSPECIFIED.);
#2825=B_SPLINE_CURVE_WITH_KNOTS('',3,(#7093,#7094,#7095,#7096,#7097,#7098),
 .UNSPECIFIED.,.F.,.F.,(4,1,1,4),(0.,0.0344282651848362,0.0722262251382375,
0.124195500313277),.UNSPECIFIED.);
#2826=B_SPLINE_CURVE_WITH_KNOTS('',3,(#7099,#7100,#7101,#7102,#7103,#7104),
 .UNSPECIFIED.,.F.,.F.,(4,1,1,4),(0.,0.0344282651848362,0.0722262251382375,
0.124195500313277),.UNSPECIFIED.);
#2827=B_SPLINE_CURVE_WITH_KNOTS('',3,(#7149,#7150,#7151,#7152,#7153,#7154,
#7155,#7156,#7157),.UNSPECIFIED.,.F.,.F.,(4,1,1,1,1,1,4),(0.546629944715001,
0.546758656033624,0.579695694155251,0.602880200876597,0.629273448211635,
0.663605441981325,0.664369589333825),.UNSPECIFIED.);
#2828=B_SPLINE_CURVE_WITH_KNOTS('',3,(#7161,#7162,#7163,#7164,#7165,#7166,
#7167,#7168,#7169),.UNSPECIFIED.,.F.,.F.,(4,1,1,1,1,1,4),(0.546629944715001,
0.546758656033624,0.579695694155251,0.602880200876597,0.629273448211635,
0.663605441981325,0.664369589333825),.UNSPECIFIED.);
#2829=B_SPLINE_CURVE_WITH_KNOTS('',3,(#7194,#7195,#7196,#7197,#7198),
 .UNSPECIFIED.,.F.,.F.,(4,1,4),(0.178326076269702,0.201398815960527,0.239901785696575),
 .UNSPECIFIED.);
#2830=B_SPLINE_CURVE_WITH_KNOTS('',3,(#7203,#7204,#7205,#7206,#7207),
 .UNSPECIFIED.,.F.,.F.,(4,1,4),(0.178326076269702,0.201398815960527,0.239901785696575),
 .UNSPECIFIED.);
#2831=B_SPLINE_CURVE_WITH_KNOTS('',3,(#7232,#7233,#7234,#7235,#7236),
 .UNSPECIFIED.,.F.,.F.,(4,1,4),(0.178326076269702,0.201398815960527,0.239901785696575),
 .UNSPECIFIED.);
#2832=B_SPLINE_CURVE_WITH_KNOTS('',3,(#7240,#7241,#7242,#7243,#7244,#7245,
#7246,#7247,#7248,#7249,#7250,#7251,#7252,#7253,#7254,#7255,#7256,#7257,
#7258,#7259,#7260,#7261,#7262,#7263,#7264,#7265,#7266,#7267,#7268,#7269,
#7270,#7271,#7272,#7273,#7274,#7275),.UNSPECIFIED.,.F.,.F.,(4,1,1,1,1,1,
1,1,1,1,1,1,1,1,1,1,1,1,1,1,1,1,1,1,1,1,1,1,1,1,1,1,1,4),(0.124195500313277,
0.127264830108596,0.176018431756283,0.195809045400094,0.205379271648094,
0.232599961663322,0.262481501356211,0.276056802434358,0.301337194465401,
0.324325516776506,0.362670235072507,0.404304841990468,0.411087157040347,
0.41921304325542,0.427962211689512,0.454158964518003,0.480101452244106,
0.505348215870799,0.539439187487155,0.575785065485974,0.610887987594083,
0.612536824279069,0.629144615727035,0.642169779929155,0.665582729330239,
0.674941165323083,0.702195124705196,0.719977103386571,0.749580698429323,
0.793579733777255,0.815426723034055,0.82915572152323,0.855044726411293,
0.900553504838809),.UNSPECIFIED.);
#2833=B_SPLINE_CURVE_WITH_KNOTS('',3,(#7277,#7278,#7279,#7280,#7281,#7282,
#7283,#7284,#7285,#7286,#7287,#7288,#7289,#7290,#7291,#7292,#7293,#7294,
#7295,#7296,#7297,#7298,#7299,#7300,#7301,#7302,#7303,#7304,#7305,#7306,
#7307,#7308,#7309,#7310,#7311,#7312),.UNSPECIFIED.,.F.,.F.,(4,1,1,1,1,1,
1,1,1,1,1,1,1,1,1,1,1,1,1,1,1,1,1,1,1,1,1,1,1,1,1,1,1,4),(0.124195500313277,
0.127264830108596,0.176018431756283,0.195809045400094,0.205379271648094,
0.232599961663322,0.262481501356211,0.276056802434358,0.301337194465401,
0.324325516776506,0.362670235072507,0.404304841990468,0.411087157040347,
0.41921304325542,0.427962211689512,0.454158964518003,0.480101452244106,
0.505348215870799,0.539439187487155,0.575785065485974,0.610887987594083,
0.612536824279069,0.629144615727035,0.642169779929155,0.665582729330239,
0.674941165323083,0.702195124705196,0.719977103386571,0.749580698429323,
0.793579733777255,0.815426723034055,0.82915572152323,0.855044726411293,
0.900553504838809),.UNSPECIFIED.);
#2834=B_SPLINE_CURVE_WITH_KNOTS('',3,(#7317,#7318,#7319,#7320,#7321),
 .UNSPECIFIED.,.F.,.F.,(4,1,4),(0.178326076269702,0.201398815960527,0.239901785696575),
 .UNSPECIFIED.);
#2835=B_SPLINE_CURVE_WITH_KNOTS('',3,(#7469,#7470,#7471,#7472,#7473),
 .UNSPECIFIED.,.F.,.F.,(4,1,4),(0.664369589333825,0.731774581419553,0.735189555136177),
 .UNSPECIFIED.);
#2836=B_SPLINE_CURVE_WITH_KNOTS('',3,(#7478,#7479,#7480,#7481,#7482),
 .UNSPECIFIED.,.F.,.F.,(4,1,4),(0.664369589333825,0.731774581419553,0.735189555136177),
 .UNSPECIFIED.);
#2837=B_SPLINE_CURVE_WITH_KNOTS('',3,(#7521,#7522,#7523,#7524,#7525,#7526,
#7527,#7528,#7529,#7530,#7531),.UNSPECIFIED.,.F.,.F.,(4,1,1,1,1,1,1,1,4),
(0.671031246753193,0.685893172557557,0.717202983773898,0.751585590436737,
0.802707264075812,0.861853236547564,0.911495390435987,0.959924884758869,
0.999391888739178),.UNSPECIFIED.);
#2838=B_SPLINE_CURVE_WITH_KNOTS('',3,(#7535,#7536,#7537,#7538,#7539,#7540,
#7541,#7542,#7543,#7544,#7545),.UNSPECIFIED.,.F.,.F.,(4,1,1,1,1,1,1,1,4),
(0.671031246753193,0.685893172557557,0.717202983773898,0.751585590436737,
0.802707264075812,0.861853236547564,0.911495390435987,0.959924884758869,
0.999391888739178),.UNSPECIFIED.);
#2839=B_SPLINE_CURVE_WITH_KNOTS('',3,(#7570,#7571,#7572,#7573,#7574,#7575,
#7576,#7577),.UNSPECIFIED.,.F.,.F.,(4,1,1,1,1,4),(0.0284471239535974,0.292569057866975,
0.489702226994768,0.728839095797213,0.882981225920519,1.),.UNSPECIFIED.);
#2840=B_SPLINE_CURVE_WITH_KNOTS('',3,(#7581,#7582,#7583,#7584,#7585,#7586,
#7587,#7588),.UNSPECIFIED.,.F.,.F.,(4,1,1,1,1,4),(0.0284471239535974,0.292569057866975,
0.489702226994768,0.728839095797213,0.882981225920519,1.),.UNSPECIFIED.);
#2841=B_SPLINE_CURVE_WITH_KNOTS('',3,(#7613,#7614,#7615,#7616,#7617,#7618,
#7619,#7620),.UNSPECIFIED.,.F.,.F.,(4,1,1,1,1,4),(0.0284471239535953,0.292569057866975,
0.489702226994768,0.728839095797213,0.882981225920519,1.),.UNSPECIFIED.);
#2842=B_SPLINE_CURVE_WITH_KNOTS('',3,(#7624,#7625,#7626,#7627,#7628,#7629,
#7630,#7631),.UNSPECIFIED.,.F.,.F.,(4,1,1,1,1,4),(0.0284471239535953,0.292569057866975,
0.489702226994768,0.728839095797213,0.882981225920519,1.),.UNSPECIFIED.);
#2843=B_SPLINE_CURVE_WITH_KNOTS('',3,(#7668,#7669,#7670,#7671,#7672,#7673,
#7674,#7675,#7676,#7677,#7678),.UNSPECIFIED.,.F.,.F.,(4,1,1,1,1,1,1,1,4),
(0.671031246753193,0.685893172557557,0.717202983773898,0.751585590436737,
0.802707264075812,0.861853236547564,0.911495390435987,0.959924884758869,
0.999391888739177),.UNSPECIFIED.);
#2844=B_SPLINE_CURVE_WITH_KNOTS('',3,(#7682,#7683,#7684,#7685,#7686,#7687,
#7688,#7689,#7690,#7691,#7692),.UNSPECIFIED.,.F.,.F.,(4,1,1,1,1,1,1,1,4),
(0.671031246753193,0.685893172557557,0.717202983773898,0.751585590436737,
0.802707264075812,0.861853236547564,0.911495390435987,0.959924884758869,
0.999391888739177),.UNSPECIFIED.);
#2845=B_SPLINE_CURVE_WITH_KNOTS('',3,(#7737,#7738,#7739,#7740,#7741,#7742,
#7743,#7744,#7745,#7746,#7747,#7748),.UNSPECIFIED.,.F.,.F.,(4,1,1,1,1,1,
1,1,1,4),(0.,0.0795412504415096,0.158933454611272,0.237283874709105,0.335261688247326,
0.419085828523444,0.508408177495849,0.599657113811848,0.685792730194618,
0.716627667085982),.UNSPECIFIED.);
#2846=B_SPLINE_CURVE_WITH_KNOTS('',3,(#7753,#7754,#7755,#7756,#7757,#7758,
#7759,#7760,#7761,#7762,#7763,#7764),.UNSPECIFIED.,.F.,.F.,(4,1,1,1,1,1,
1,1,1,4),(0.,0.0795412504415096,0.158933454611272,0.237283874709105,0.335261688247326,
0.419085828523444,0.508408177495849,0.599657113811848,0.685792730194618,
0.716627667085982),.UNSPECIFIED.);
#2847=B_SPLINE_CURVE_WITH_KNOTS('',3,(#7789,#7790,#7791,#7792,#7793,#7794),
 .UNSPECIFIED.,.F.,.F.,(4,1,1,4),(0.900553504838808,0.917372890456741,0.986309570135279,
1.),.UNSPECIFIED.);
#2848=B_SPLINE_CURVE_WITH_KNOTS('',3,(#7798,#7799,#7800,#7801,#7802,#7803),
 .UNSPECIFIED.,.F.,.F.,(4,1,1,4),(0.900553504838808,0.917372890456741,0.986309570135279,
1.),.UNSPECIFIED.);
#2849=B_SPLINE_CURVE_WITH_KNOTS('',3,(#7848,#7849,#7850,#7851,#7852,#7853,
#7854,#7855,#7856,#7857,#7858),.UNSPECIFIED.,.F.,.F.,(4,1,1,1,1,1,1,1,4),
(0.,0.0240580219427565,0.0488171586494664,0.0727672784502218,0.0985605919224982,
0.119851303460643,0.141434951370183,0.167741687004434,0.178326076269702),
 .UNSPECIFIED.);
#2850=B_SPLINE_CURVE_WITH_KNOTS('',3,(#7862,#7863,#7864,#7865,#7866,#7867,
#7868,#7869,#7870,#7871,#7872),.UNSPECIFIED.,.F.,.F.,(4,1,1,1,1,1,1,1,4),
(0.,0.0240580219427565,0.0488171586494664,0.0727672784502218,0.0985605919224982,
0.119851303460643,0.141434951370183,0.167741687004434,0.178326076269702),
 .UNSPECIFIED.);
#2851=B_SPLINE_CURVE_WITH_KNOTS('',3,(#7881,#7882,#7883,#7884),
 .UNSPECIFIED.,.F.,.F.,(4,4),(0.95532303705867,1.),
 .PIECEWISE_BEZIER_KNOTS.);
#2852=B_SPLINE_CURVE_WITH_KNOTS('',3,(#7888,#7889,#7890,#7891),
 .UNSPECIFIED.,.F.,.F.,(4,4),(0.95532303705867,1.),
 .PIECEWISE_BEZIER_KNOTS.);
#2853=B_SPLINE_CURVE_WITH_KNOTS('',3,(#7912,#7913,#7914,#7915,#7916,#7917),
 .UNSPECIFIED.,.F.,.F.,(4,1,1,4),(0.716627667085982,0.785003099269028,0.879051923790441,
0.906806079113125),.UNSPECIFIED.);
#2854=B_SPLINE_CURVE_WITH_KNOTS('',3,(#7918,#7919,#7920,#7921,#7922,#7923),
 .UNSPECIFIED.,.F.,.F.,(4,1,1,4),(0.716627667085982,0.785003099269028,0.879051923790441,
0.906806079113125),.UNSPECIFIED.);
#2855=B_SPLINE_CURVE_WITH_KNOTS('',3,(#7965,#7966,#7967,#7968,#7969,#7970,
#7971,#7972,#7973,#7974,#7975,#7976),.UNSPECIFIED.,.F.,.F.,(4,1,1,1,1,1,
1,1,1,4),(0.,0.0795412504415096,0.158933454611272,0.237283874709105,0.335261688247326,
0.419085828523445,0.508408177495849,0.599657113811848,0.685792730194618,
0.716627667085982),.UNSPECIFIED.);
#2856=B_SPLINE_CURVE_WITH_KNOTS('',3,(#7981,#7982,#7983,#7984,#7985,#7986,
#7987,#7988,#7989,#7990,#7991,#7992),.UNSPECIFIED.,.F.,.F.,(4,1,1,1,1,1,
1,1,1,4),(0.,0.0795412504415096,0.158933454611272,0.237283874709105,0.335261688247326,
0.419085828523445,0.508408177495849,0.599657113811848,0.685792730194618,
0.716627667085982),.UNSPECIFIED.);
#2857=B_SPLINE_CURVE_WITH_KNOTS('',3,(#8017,#8018,#8019,#8020,#8021,#8022),
 .UNSPECIFIED.,.F.,.F.,(4,1,1,4),(0.900553504838809,0.917372890456741,0.986309570135279,
1.),.UNSPECIFIED.);
#2858=B_SPLINE_CURVE_WITH_KNOTS('',3,(#8026,#8027,#8028,#8029,#8030,#8031),
 .UNSPECIFIED.,.F.,.F.,(4,1,1,4),(0.900553504838809,0.917372890456741,0.986309570135279,
1.),.UNSPECIFIED.);
#2859=B_SPLINE_CURVE_WITH_KNOTS('',3,(#8076,#8077,#8078,#8079,#8080,#8081,
#8082,#8083,#8084,#8085,#8086),.UNSPECIFIED.,.F.,.F.,(4,1,1,1,1,1,1,1,4),
(0.,0.0240580219427565,0.0488171586494665,0.072767278450222,0.0985605919224984,
0.119851303460643,0.141434951370183,0.167741687004434,0.178326076269702),
 .UNSPECIFIED.);
#2860=B_SPLINE_CURVE_WITH_KNOTS('',3,(#8090,#8091,#8092,#8093,#8094,#8095,
#8096,#8097,#8098,#8099,#8100),.UNSPECIFIED.,.F.,.F.,(4,1,1,1,1,1,1,1,4),
(0.,0.0240580219427565,0.0488171586494665,0.072767278450222,0.0985605919224984,
0.119851303460643,0.141434951370183,0.167741687004434,0.178326076269702),
 .UNSPECIFIED.);
#2861=B_SPLINE_CURVE_WITH_KNOTS('',3,(#8117,#8118,#8119,#8120,#8121,#8122,
#8123,#8124,#8125),.UNSPECIFIED.,.F.,.F.,(4,1,1,1,1,1,4),(0.149279969295398,
0.156647050281668,0.215740326176689,0.258502453109458,0.271578085880426,
0.324151273442021,0.331493794974162),.UNSPECIFIED.);
#2862=B_SPLINE_CURVE_WITH_KNOTS('',3,(#8127,#8128,#8129,#8130,#8131),
 .UNSPECIFIED.,.F.,.F.,(4,1,4),(0.83989656964849,0.866772721283416,0.896744062359902),
 .UNSPECIFIED.);
#2863=B_SPLINE_CURVE_WITH_KNOTS('',3,(#8164,#8165,#8166,#8167,#8168,#8169,
#8170,#8171,#8172),.UNSPECIFIED.,.F.,.F.,(4,1,1,1,1,1,4),(0.149279969295398,
0.156647050281668,0.215740326176689,0.258502453109458,0.271578085880426,
0.324151273442021,0.331493794974162),.UNSPECIFIED.);
#2864=B_SPLINE_CURVE_WITH_KNOTS('',3,(#8191,#8192,#8193,#8194,#8195),
 .UNSPECIFIED.,.F.,.F.,(4,1,4),(0.83989656964849,0.866772721283416,0.896744062359902),
 .UNSPECIFIED.);
#2865=B_SPLINE_CURVE_WITH_KNOTS('',3,(#8216,#8217,#8218,#8219,#8220,#8221),
 .UNSPECIFIED.,.F.,.F.,(4,1,1,4),(0.716627667085982,0.785003099269028,0.879051923790441,
0.906806079113126),.UNSPECIFIED.);
#2866=B_SPLINE_CURVE_WITH_KNOTS('',3,(#8226,#8227,#8228,#8229,#8230,#8231),
 .UNSPECIFIED.,.F.,.F.,(4,1,1,4),(0.716627667085982,0.785003099269028,0.879051923790441,
0.906806079113126),.UNSPECIFIED.);
#2867=B_SPLINE_CURVE_WITH_KNOTS('',3,(#8248,#8249,#8250,#8251),
 .UNSPECIFIED.,.F.,.F.,(4,4),(0.95532303705867,1.),
 .PIECEWISE_BEZIER_KNOTS.);
#2868=B_SPLINE_CURVE_WITH_KNOTS('',3,(#8255,#8256,#8257,#8258),
 .UNSPECIFIED.,.F.,.F.,(4,4),(0.95532303705867,1.),
 .PIECEWISE_BEZIER_KNOTS.);
#2869=B_SPLINE_CURVE_WITH_KNOTS('',3,(#8304,#8305,#8306,#8307,#8308,#8309,
#8310,#8311,#8312,#8313,#8314),.UNSPECIFIED.,.F.,.F.,(4,1,1,1,1,1,1,1,4),
(0.671031246753193,0.685893172557557,0.717202983773898,0.751585590436737,
0.802707264075812,0.861853236547564,0.911495390435987,0.959924884758869,
0.999391888739178),.UNSPECIFIED.);
#2870=B_SPLINE_CURVE_WITH_KNOTS('',3,(#8318,#8319,#8320,#8321,#8322,#8323,
#8324,#8325,#8326,#8327,#8328),.UNSPECIFIED.,.F.,.F.,(4,1,1,1,1,1,1,1,4),
(0.671031246753193,0.685893172557557,0.717202983773898,0.751585590436737,
0.802707264075812,0.861853236547564,0.911495390435987,0.959924884758869,
0.999391888739178),.UNSPECIFIED.);
#2871=B_SPLINE_CURVE_WITH_KNOTS('',3,(#8353,#8354,#8355,#8356,#8357,#8358,
#8359,#8360),.UNSPECIFIED.,.F.,.F.,(4,1,1,1,1,4),(0.0284471239535974,0.292569057866975,
0.489702226994768,0.728839095797213,0.882981225920519,1.),.UNSPECIFIED.);
#2872=B_SPLINE_CURVE_WITH_KNOTS('',3,(#8364,#8365,#8366,#8367,#8368,#8369,
#8370,#8371),.UNSPECIFIED.,.F.,.F.,(4,1,1,1,1,4),(0.0284471239535974,0.292569057866975,
0.489702226994768,0.728839095797213,0.882981225920519,1.),.UNSPECIFIED.);
#2873=B_SPLINE_CURVE_WITH_KNOTS('',3,(#8396,#8397,#8398,#8399,#8400,#8401,
#8402,#8403),.UNSPECIFIED.,.F.,.F.,(4,1,1,1,1,4),(0.0284471239535953,0.292569057866975,
0.489702226994768,0.728839095797213,0.882981225920519,1.),.UNSPECIFIED.);
#2874=B_SPLINE_CURVE_WITH_KNOTS('',3,(#8407,#8408,#8409,#8410,#8411,#8412,
#8413,#8414),.UNSPECIFIED.,.F.,.F.,(4,1,1,1,1,4),(0.0284471239535953,0.292569057866975,
0.489702226994768,0.728839095797213,0.882981225920519,1.),.UNSPECIFIED.);
#2875=B_SPLINE_CURVE_WITH_KNOTS('',3,(#8422,#8423,#8424,#8425,#8426),
 .UNSPECIFIED.,.F.,.F.,(4,1,4),(0.664369589333825,0.731774581419553,0.735189555136177),
 .UNSPECIFIED.);
#2876=B_SPLINE_CURVE_WITH_KNOTS('',3,(#8428,#8429,#8430,#8431,#8432,#8433,
#8434,#8435,#8436,#8437,#8438),.UNSPECIFIED.,.F.,.F.,(4,1,1,1,1,1,1,1,4),
(0.671031246753193,0.685893172557557,0.717202983773898,0.751585590436737,
0.802707264075812,0.861853236547564,0.911495390435987,0.959924884758869,
0.999391888739177),.UNSPECIFIED.);
#2877=B_SPLINE_CURVE_WITH_KNOTS('',3,(#8453,#8454,#8455,#8456,#8457),
 .UNSPECIFIED.,.F.,.F.,(4,1,4),(0.664369589333825,0.731774581419553,0.735189555136177),
 .UNSPECIFIED.);
#2878=B_SPLINE_CURVE_WITH_KNOTS('',3,(#8490,#8491,#8492,#8493,#8494,#8495,
#8496,#8497,#8498,#8499,#8500),.UNSPECIFIED.,.F.,.F.,(4,1,1,1,1,1,1,1,4),
(0.671031246753193,0.685893172557557,0.717202983773898,0.751585590436737,
0.802707264075812,0.861853236547564,0.911495390435987,0.959924884758869,
0.999391888739177),.UNSPECIFIED.);
#2879=B_SPLINE_CURVE_WITH_KNOTS('',3,(#8515,#8516,#8517,#8518),
 .UNSPECIFIED.,.F.,.F.,(4,4),(0.906806079113126,0.999874476506535),
 .PIECEWISE_BEZIER_KNOTS.);
#2880=B_SPLINE_CURVE_WITH_KNOTS('',3,(#8523,#8524,#8525,#8526),
 .UNSPECIFIED.,.F.,.F.,(4,4),(0.906806079113126,0.999874476506535),
 .PIECEWISE_BEZIER_KNOTS.);
#2881=B_SPLINE_CURVE_WITH_KNOTS('',3,(#8555,#8556,#8557,#8558,#8559,#8560),
 .UNSPECIFIED.,.F.,.F.,(4,1,1,4),(0.896744062359901,0.907492222312975,0.952168553603974,
0.95532303705867),.UNSPECIFIED.);
#2882=B_SPLINE_CURVE_WITH_KNOTS('',3,(#8564,#8565,#8566,#8567,#8568,#8569),
 .UNSPECIFIED.,.F.,.F.,(4,1,1,4),(0.896744062359901,0.907492222312975,0.952168553603974,
0.95532303705867),.UNSPECIFIED.);
#2883=B_SPLINE_CURVE_WITH_KNOTS('',3,(#8590,#8591,#8592,#8593,#8594,#8595),
 .UNSPECIFIED.,.F.,.F.,(4,1,1,4),(0.,0.0477341146916576,0.102649964203563,
0.149279969295368),.UNSPECIFIED.);
#2884=B_SPLINE_CURVE_WITH_KNOTS('',3,(#8596,#8597,#8598,#8599,#8600,#8601),
 .UNSPECIFIED.,.F.,.F.,(4,1,1,4),(0.,0.0477341146916576,0.102649964203563,
0.149279969295368),.UNSPECIFIED.);
#2885=B_SPLINE_CURVE_WITH_KNOTS('',3,(#8615,#8616,#8617,#8618,#8619,#8620,
#8621,#8622),.UNSPECIFIED.,.F.,.F.,(4,1,1,1,1,4),(0.194336516727829,0.215740326176689,
0.258502453109458,0.271578085880426,0.324151273442021,0.331493794974162),
 .UNSPECIFIED.);
#2886=B_SPLINE_CURVE_WITH_KNOTS('',3,(#8624,#8625,#8626,#8627),
 .UNSPECIFIED.,.F.,.F.,(4,4),(0.510572047802294,0.546629944715001),
 .PIECEWISE_BEZIER_KNOTS.);
#2887=B_SPLINE_CURVE_WITH_KNOTS('',3,(#8658,#8659,#8660,#8661,#8662,#8663,
#8664,#8665),.UNSPECIFIED.,.F.,.F.,(4,1,1,1,1,4),(0.194336516727829,0.215740326176689,
0.258502453109458,0.271578085880426,0.324151273442021,0.331493794974162),
 .UNSPECIFIED.);
#2888=B_SPLINE_CURVE_WITH_KNOTS('',3,(#8674,#8675,#8676,#8677),
 .UNSPECIFIED.,.F.,.F.,(4,4),(0.510572047802294,0.546629944715001),
 .PIECEWISE_BEZIER_KNOTS.);
#2889=B_SPLINE_CURVE_WITH_KNOTS('',3,(#8714,#8715,#8716,#8717,#8718,#8719,
#8720,#8721,#8722),.UNSPECIFIED.,.F.,.F.,(4,1,1,1,1,1,4),(0.149279969295368,
0.156647050281638,0.215740326176648,0.258502453109409,0.271578085880374,
0.324151273441959,0.331493794974099),.UNSPECIFIED.);
#2890=B_SPLINE_CURVE_WITH_KNOTS('',3,(#8727,#8728,#8729,#8730,#8731,#8732,
#8733,#8734,#8735),.UNSPECIFIED.,.F.,.F.,(4,1,1,1,1,1,4),(0.149279969295368,
0.156647050281638,0.215740326176648,0.258502453109409,0.271578085880374,
0.324151273441959,0.331493794974099),.UNSPECIFIED.);
#2891=B_SPLINE_CURVE_WITH_KNOTS('',3,(#8760,#8761,#8762,#8763,#8764),
 .UNSPECIFIED.,.F.,.F.,(4,1,4),(0.83989656964849,0.866772721283416,0.896744062359901),
 .UNSPECIFIED.);
#2892=B_SPLINE_CURVE_WITH_KNOTS('',3,(#8768,#8769,#8770,#8771,#8772),
 .UNSPECIFIED.,.F.,.F.,(4,1,4),(0.83989656964849,0.866772721283416,0.896744062359901),
 .UNSPECIFIED.);
#2893=B_SPLINE_CURVE_WITH_KNOTS('',3,(#8820,#8821,#8822,#8823,#8824,#8825,
#8826,#8827,#8828,#8829,#8830,#8831,#8832),.UNSPECIFIED.,.F.,.F.,(4,1,1,
1,1,1,1,1,1,1,4),(0.,0.0795412504415096,0.158933454611272,0.237283874709105,
0.335261688247326,0.419085828523444,0.508408177495849,0.599657113811848,
0.685792730194618,0.785003099269028,0.846803628003388),.UNSPECIFIED.);
#2894=B_SPLINE_CURVE_WITH_KNOTS('',3,(#8836,#8837,#8838,#8839,#8840,#8841,
#8842,#8843,#8844,#8845,#8846,#8847,#8848),.UNSPECIFIED.,.F.,.F.,(4,1,1,
1,1,1,1,1,1,1,4),(0.,0.0795412504415096,0.158933454611272,0.237283874709105,
0.335261688247326,0.419085828523444,0.508408177495849,0.599657113811848,
0.685792730194618,0.785003099269028,0.846803628003388),.UNSPECIFIED.);
#2895=B_SPLINE_CURVE_WITH_KNOTS('',3,(#8893,#8894,#8895,#8896,#8897,#8898,
#8899,#8900,#8901,#8902),.UNSPECIFIED.,.F.,.F.,(4,1,1,1,1,1,1,4),(0.239901785696576,
0.24094969078354,0.269127378675704,0.305742980988995,0.341695811500419,
0.369773423501107,0.40568665620986,0.411165484599762),.UNSPECIFIED.);
#2896=B_SPLINE_CURVE_WITH_KNOTS('',3,(#8906,#8907,#8908,#8909,#8910,#8911,
#8912,#8913,#8914,#8915),.UNSPECIFIED.,.F.,.F.,(4,1,1,1,1,1,1,4),(0.239901785696576,
0.24094969078354,0.269127378675704,0.305742980988995,0.341695811500419,
0.369773423501107,0.40568665620986,0.411165484599762),.UNSPECIFIED.);
#2897=B_SPLINE_CURVE_WITH_KNOTS('',3,(#8936,#8937,#8938,#8939,#8940,#8941),
 .UNSPECIFIED.,.F.,.F.,(4,1,1,4),(0.,0.0344282651848362,0.0722262251382375,
0.124195500313277),.UNSPECIFIED.);
#2898=B_SPLINE_CURVE_WITH_KNOTS('',3,(#8942,#8943,#8944,#8945,#8946,#8947),
 .UNSPECIFIED.,.F.,.F.,(4,1,1,4),(0.,0.0344282651848362,0.0722262251382375,
0.124195500313277),.UNSPECIFIED.);
#2899=B_SPLINE_CURVE_WITH_KNOTS('',3,(#8995,#8996,#8997,#8998,#8999,#9000,
#9001,#9002,#9003,#9004,#9005,#9006,#9007),.UNSPECIFIED.,.F.,.F.,(4,1,1,
1,1,1,1,1,1,1,4),(0.331493794974099,0.386632813839796,0.428850102821698,
0.451161619918777,0.490604505200053,0.542978431480255,0.587164770536229,
0.617074275880772,0.624819275572542,0.647380268225798,0.671031246753089),
 .UNSPECIFIED.);
#2900=B_SPLINE_CURVE_WITH_KNOTS('',3,(#9012,#9013,#9014,#9015,#9016,#9017,
#9018,#9019,#9020,#9021,#9022,#9023,#9024),.UNSPECIFIED.,.F.,.F.,(4,1,1,
1,1,1,1,1,1,1,4),(0.331493794974099,0.386632813839796,0.428850102821698,
0.451161619918777,0.490604505200053,0.542978431480255,0.587164770536229,
0.617074275880772,0.624819275572542,0.647380268225798,0.671031246753089),
 .UNSPECIFIED.);
#2901=B_SPLINE_CURVE_WITH_KNOTS('',3,(#9059,#9060,#9061,#9062,#9063,#9064,
#9065),.UNSPECIFIED.,.F.,.F.,(4,1,1,1,4),(0.735189555136177,0.771956714717111,
0.798061095265031,0.824786119393262,0.83989656964849),.UNSPECIFIED.);
#2902=B_SPLINE_CURVE_WITH_KNOTS('',3,(#9069,#9070,#9071,#9072,#9073,#9074,
#9075),.UNSPECIFIED.,.F.,.F.,(4,1,1,1,4),(0.735189555136177,0.771956714717111,
0.798061095265031,0.824786119393262,0.83989656964849),.UNSPECIFIED.);
#2903=B_SPLINE_CURVE_WITH_KNOTS('',3,(#9103,#9104,#9105,#9106,#9107),
 .UNSPECIFIED.,.F.,.F.,(4,1,4),(0.84680362800339,0.879051923790441,0.999874476506534),
 .UNSPECIFIED.);
#2904=B_SPLINE_CURVE_WITH_KNOTS('',3,(#9111,#9112,#9113,#9114,#9115),
 .UNSPECIFIED.,.F.,.F.,(4,1,4),(0.84680362800339,0.879051923790441,0.999874476506534),
 .UNSPECIFIED.);
#2905=B_SPLINE_CURVE_WITH_KNOTS('',3,(#9130,#9131,#9132,#9133,#9134,#9135,
#9136),.UNSPECIFIED.,.F.,.F.,(4,1,1,1,4),(0.,0.0477341146916576,0.102649964203563,
0.156647050281638,0.194336516727793),.UNSPECIFIED.);
#2906=B_SPLINE_CURVE_WITH_KNOTS('',3,(#9140,#9141,#9142,#9143,#9144,#9145,
#9146),.UNSPECIFIED.,.F.,.F.,(4,1,1,1,4),(0.,0.0477341146916576,0.102649964203563,
0.156647050281638,0.194336516727793),.UNSPECIFIED.);
#2907=B_SPLINE_CURVE_WITH_KNOTS('',3,(#9175,#9176,#9177,#9178,#9179,#9180,
#9181),.UNSPECIFIED.,.F.,.F.,(4,1,1,1,4),(0.411165484599762,0.436358284757213,
0.471468386035382,0.51025066442861,0.510572047802294),.UNSPECIFIED.);
#2908=B_SPLINE_CURVE_WITH_KNOTS('',3,(#9182,#9183,#9184,#9185,#9186,#9187,
#9188),.UNSPECIFIED.,.F.,.F.,(4,1,1,1,4),(0.411165484599762,0.436358284757213,
0.471468386035382,0.51025066442861,0.510572047802294),.UNSPECIFIED.);
#2909=EDGE_LOOP('',(#851,#852,#853,#854,#855));
#2910=EDGE_LOOP('',(#856,#857,#858,#859,#860));
#2911=EDGE_LOOP('',(#861,#862,#863,#864));
#2912=EDGE_LOOP('',(#865,#866,#867,#868));
#2913=EDGE_LOOP('',(#869,#870,#871,#872));
#2914=EDGE_LOOP('',(#873,#874,#875,#876));
#2915=EDGE_LOOP('',(#877,#878,#879,#880));
#2916=EDGE_LOOP('',(#881,#882,#883,#884));
#2917=EDGE_LOOP('',(#885,#886,#887,#888));
#2918=EDGE_LOOP('',(#889,#890,#891,#892));
#2919=EDGE_LOOP('',(#893,#894,#895,#896));
#2920=EDGE_LOOP('',(#897,#898,#899,#900));
#2921=EDGE_LOOP('',(#901,#902,#903,#904));
#2922=EDGE_LOOP('',(#905,#906,#907,#908));
#2923=EDGE_LOOP('',(#909,#910,#911,#912));
#2924=EDGE_LOOP('',(#913,#914,#915,#916));
#2925=EDGE_LOOP('',(#917,#918,#919,#920));
#2926=EDGE_LOOP('',(#921,#922,#923,#924));
#2927=EDGE_LOOP('',(#925,#926,#927,#928));
#2928=EDGE_LOOP('',(#929,#930,#931,#932));
#2929=EDGE_LOOP('',(#933,#934,#935,#936));
#2930=EDGE_LOOP('',(#937,#938,#939,#940));
#2931=EDGE_LOOP('',(#941,#942,#943,#944));
#2932=EDGE_LOOP('',(#945,#946,#947,#948));
#2933=EDGE_LOOP('',(#949,#950,#951,#952));
#2934=EDGE_LOOP('',(#953,#954,#955,#956));
#2935=EDGE_LOOP('',(#957,#958,#959,#960));
#2936=EDGE_LOOP('',(#961,#962,#963,#964,#965,#966,#967,#968));
#2937=EDGE_LOOP('',(#969,#970,#971,#972,#973,#974,#975,#976));
#2938=EDGE_LOOP('',(#977,#978,#979,#980));
#2939=EDGE_LOOP('',(#981,#982,#983,#984));
#2940=EDGE_LOOP('',(#985,#986,#987,#988));
#2941=EDGE_LOOP('',(#989,#990,#991,#992));
#2942=EDGE_LOOP('',(#993,#994,#995,#996));
#2943=EDGE_LOOP('',(#997,#998,#999,#1000));
#2944=EDGE_LOOP('',(#1001,#1002,#1003,#1004));
#2945=EDGE_LOOP('',(#1005,#1006,#1007,#1008));
#2946=EDGE_LOOP('',(#1009,#1010,#1011,#1012));
#2947=EDGE_LOOP('',(#1013,#1014,#1015,#1016));
#2948=EDGE_LOOP('',(#1017,#1018,#1019,#1020));
#2949=EDGE_LOOP('',(#1021,#1022,#1023,#1024));
#2950=EDGE_LOOP('',(#1025,#1026,#1027,#1028));
#2951=EDGE_LOOP('',(#1029,#1030,#1031,#1032));
#2952=EDGE_LOOP('',(#1033,#1034,#1035,#1036));
#2953=EDGE_LOOP('',(#1037,#1038,#1039,#1040));
#2954=EDGE_LOOP('',(#1041,#1042,#1043,#1044));
#2955=EDGE_LOOP('',(#1045,#1046,#1047,#1048));
#2956=EDGE_LOOP('',(#1049,#1050,#1051,#1052));
#2957=EDGE_LOOP('',(#1053,#1054,#1055,#1056,#1057,#1058,#1059));
#2958=EDGE_LOOP('',(#1060,#1061,#1062,#1063,#1064,#1065,#1066));
#2959=EDGE_LOOP('',(#1067,#1068,#1069,#1070));
#2960=EDGE_LOOP('',(#1071,#1072,#1073,#1074));
#2961=EDGE_LOOP('',(#1075,#1076,#1077,#1078));
#2962=EDGE_LOOP('',(#1079,#1080,#1081,#1082));
#2963=EDGE_LOOP('',(#1083,#1084,#1085,#1086));
#2964=EDGE_LOOP('',(#1087,#1088,#1089,#1090));
#2965=EDGE_LOOP('',(#1091,#1092,#1093,#1094));
#2966=EDGE_LOOP('',(#1095,#1096,#1097,#1098));
#2967=EDGE_LOOP('',(#1099,#1100,#1101,#1102));
#2968=EDGE_LOOP('',(#1103,#1104,#1105,#1106));
#2969=EDGE_LOOP('',(#1107,#1108,#1109,#1110,#1111,#1112,#1113,#1114,#1115,
#1116));
#2970=EDGE_LOOP('',(#1117,#1118,#1119,#1120,#1121,#1122,#1123,#1124,#1125,
#1126));
#2971=EDGE_LOOP('',(#1127,#1128,#1129,#1130));
#2972=EDGE_LOOP('',(#1131,#1132,#1133,#1134));
#2973=EDGE_LOOP('',(#1135,#1136,#1137,#1138));
#2974=EDGE_LOOP('',(#1139,#1140,#1141,#1142));
#2975=EDGE_LOOP('',(#1143,#1144,#1145,#1146));
#2976=EDGE_LOOP('',(#1147,#1148,#1149,#1150));
#2977=EDGE_LOOP('',(#1151,#1152,#1153,#1154));
#2978=EDGE_LOOP('',(#1155,#1156,#1157,#1158));
#2979=EDGE_LOOP('',(#1159,#1160,#1161,#1162));
#2980=EDGE_LOOP('',(#1163,#1164,#1165,#1166));
#2981=EDGE_LOOP('',(#1167,#1168,#1169,#1170));
#2982=EDGE_LOOP('',(#1171,#1172,#1173,#1174));
#2983=EDGE_LOOP('',(#1175,#1176,#1177,#1178));
#2984=EDGE_LOOP('',(#1179,#1180,#1181,#1182));
#2985=EDGE_LOOP('',(#1183,#1184,#1185,#1186));
#2986=EDGE_LOOP('',(#1187,#1188,#1189,#1190));
#2987=EDGE_LOOP('',(#1191,#1192,#1193,#1194));
#2988=EDGE_LOOP('',(#1195,#1196,#1197,#1198));
#2989=EDGE_LOOP('',(#1199,#1200,#1201,#1202));
#2990=EDGE_LOOP('',(#1203,#1204,#1205,#1206));
#2991=EDGE_LOOP('',(#1207,#1208,#1209,#1210));
#2992=EDGE_LOOP('',(#1211,#1212,#1213,#1214));
#2993=EDGE_LOOP('',(#1215,#1216,#1217,#1218));
#2994=EDGE_LOOP('',(#1219,#1220,#1221,#1222));
#2995=EDGE_LOOP('',(#1223,#1224,#1225,#1226));
#2996=EDGE_LOOP('',(#1227,#1228,#1229,#1230));
#2997=EDGE_LOOP('',(#1231,#1232,#1233,#1234));
#2998=EDGE_LOOP('',(#1235,#1236,#1237,#1238));
#2999=EDGE_LOOP('',(#1239,#1240,#1241,#1242));
#3000=EDGE_LOOP('',(#1243,#1244,#1245,#1246));
#3001=EDGE_LOOP('',(#1247,#1248,#1249,#1250));
#3002=EDGE_LOOP('',(#1251,#1252,#1253,#1254));
#3003=EDGE_LOOP('',(#1255,#1256,#1257,#1258));
#3004=EDGE_LOOP('',(#1259,#1260,#1261,#1262));
#3005=EDGE_LOOP('',(#1263,#1264,#1265,#1266));
#3006=EDGE_LOOP('',(#1267,#1268,#1269,#1270));
#3007=EDGE_LOOP('',(#1271,#1272,#1273,#1274));
#3008=EDGE_LOOP('',(#1275,#1276,#1277,#1278));
#3009=EDGE_LOOP('',(#1279,#1280,#1281,#1282));
#3010=EDGE_LOOP('',(#1283,#1284,#1285,#1286));
#3011=EDGE_LOOP('',(#1287,#1288,#1289,#1290));
#3012=EDGE_LOOP('',(#1291,#1292,#1293,#1294));
#3013=EDGE_LOOP('',(#1295,#1296,#1297,#1298));
#3014=EDGE_LOOP('',(#1299,#1300,#1301,#1302));
#3015=EDGE_LOOP('',(#1303,#1304,#1305,#1306));
#3016=EDGE_LOOP('',(#1307,#1308,#1309,#1310));
#3017=EDGE_LOOP('',(#1311,#1312,#1313,#1314));
#3018=EDGE_LOOP('',(#1315,#1316,#1317,#1318));
#3019=EDGE_LOOP('',(#1319,#1320,#1321,#1322,#1323,#1324,#1325,#1326,#1327,
#1328,#1329,#1330,#1331,#1332,#1333,#1334,#1335,#1336,#1337,#1338,#1339,
#1340,#1341,#1342));
#3020=EDGE_LOOP('',(#1343,#1344,#1345,#1346,#1347,#1348,#1349,#1350,#1351,
#1352,#1353,#1354,#1355,#1356,#1357,#1358,#1359,#1360,#1361,#1362,#1363,
#1364,#1365,#1366));
#3021=EDGE_LOOP('',(#1367,#1368,#1369,#1370));
#3022=EDGE_LOOP('',(#1371,#1372,#1373,#1374));
#3023=EDGE_LOOP('',(#1375,#1376,#1377,#1378));
#3024=EDGE_LOOP('',(#1379,#1380,#1381,#1382));
#3025=EDGE_LOOP('',(#1383,#1384,#1385,#1386));
#3026=EDGE_LOOP('',(#1387,#1388,#1389,#1390,#1391));
#3027=EDGE_LOOP('',(#1392,#1393,#1394,#1395,#1396));
#3028=EDGE_LOOP('',(#1397,#1398,#1399,#1400));
#3029=EDGE_LOOP('',(#1401,#1402,#1403,#1404));
#3030=EDGE_LOOP('',(#1405,#1406,#1407,#1408));
#3031=EDGE_LOOP('',(#1409,#1410,#1411,#1412));
#3032=EDGE_LOOP('',(#1413,#1414,#1415,#1416));
#3033=EDGE_LOOP('',(#1417,#1418,#1419,#1420));
#3034=EDGE_LOOP('',(#1421,#1422,#1423,#1424));
#3035=EDGE_LOOP('',(#1425,#1426,#1427,#1428));
#3036=EDGE_LOOP('',(#1429,#1430,#1431,#1432));
#3037=EDGE_LOOP('',(#1433,#1434,#1435,#1436));
#3038=EDGE_LOOP('',(#1437,#1438,#1439,#1440));
#3039=EDGE_LOOP('',(#1441,#1442,#1443,#1444));
#3040=EDGE_LOOP('',(#1445,#1446,#1447,#1448));
#3041=EDGE_LOOP('',(#1449,#1450,#1451,#1452));
#3042=EDGE_LOOP('',(#1453,#1454,#1455,#1456));
#3043=EDGE_LOOP('',(#1457,#1458,#1459,#1460));
#3044=EDGE_LOOP('',(#1461,#1462,#1463,#1464));
#3045=EDGE_LOOP('',(#1465,#1466,#1467,#1468));
#3046=EDGE_LOOP('',(#1469,#1470,#1471,#1472));
#3047=EDGE_LOOP('',(#1473,#1474,#1475,#1476));
#3048=EDGE_LOOP('',(#1477,#1478,#1479,#1480));
#3049=EDGE_LOOP('',(#1481,#1482,#1483,#1484));
#3050=EDGE_LOOP('',(#1485,#1486,#1487,#1488));
#3051=EDGE_LOOP('',(#1489,#1490,#1491,#1492));
#3052=EDGE_LOOP('',(#1493,#1494,#1495,#1496));
#3053=EDGE_LOOP('',(#1497,#1498,#1499,#1500));
#3054=EDGE_LOOP('',(#1501,#1502,#1503,#1504));
#3055=EDGE_LOOP('',(#1505,#1506,#1507,#1508));
#3056=EDGE_LOOP('',(#1509,#1510,#1511,#1512,#1513,#1514,#1515,#1516,#1517,
#1518));
#3057=EDGE_LOOP('',(#1519,#1520,#1521,#1522,#1523,#1524,#1525,#1526,#1527,
#1528));
#3058=EDGE_LOOP('',(#1529,#1530,#1531,#1532));
#3059=EDGE_LOOP('',(#1533,#1534,#1535,#1536));
#3060=EDGE_LOOP('',(#1537,#1538,#1539,#1540));
#3061=EDGE_LOOP('',(#1541,#1542,#1543,#1544));
#3062=EDGE_LOOP('',(#1545,#1546,#1547,#1548));
#3063=EDGE_LOOP('',(#1549,#1550,#1551,#1552));
#3064=EDGE_LOOP('',(#1553,#1554,#1555,#1556));
#3065=EDGE_LOOP('',(#1557,#1558,#1559,#1560));
#3066=EDGE_LOOP('',(#1561,#1562,#1563,#1564,#1565,#1566,#1567,#1568));
#3067=EDGE_LOOP('',(#1569,#1570,#1571,#1572,#1573,#1574,#1575,#1576));
#3068=EDGE_LOOP('',(#1577,#1578,#1579,#1580));
#3069=EDGE_LOOP('',(#1581,#1582,#1583,#1584));
#3070=EDGE_LOOP('',(#1585,#1586,#1587,#1588));
#3071=EDGE_LOOP('',(#1589,#1590,#1591,#1592));
#3072=EDGE_LOOP('',(#1593,#1594,#1595,#1596));
#3073=EDGE_LOOP('',(#1597,#1598,#1599,#1600));
#3074=EDGE_LOOP('',(#1601,#1602,#1603,#1604,#1605,#1606));
#3075=EDGE_LOOP('',(#1607,#1608,#1609,#1610,#1611,#1612));
#3076=EDGE_LOOP('',(#1613,#1614,#1615,#1616));
#3077=EDGE_LOOP('',(#1617,#1618,#1619,#1620));
#3078=EDGE_LOOP('',(#1621,#1622,#1623,#1624));
#3079=EDGE_LOOP('',(#1625,#1626,#1627,#1628));
#3080=EDGE_LOOP('',(#1629,#1630,#1631,#1632));
#3081=EDGE_LOOP('',(#1633,#1634,#1635,#1636));
#3082=EDGE_LOOP('',(#1637,#1638,#1639,#1640));
#3083=EDGE_LOOP('',(#1641,#1642,#1643,#1644));
#3084=EDGE_LOOP('',(#1645,#1646,#1647,#1648));
#3085=EDGE_LOOP('',(#1649,#1650,#1651,#1652));
#3086=EDGE_LOOP('',(#1653,#1654,#1655,#1656));
#3087=EDGE_LOOP('',(#1657,#1658,#1659,#1660));
#3088=EDGE_LOOP('',(#1661,#1662,#1663,#1664));
#3089=EDGE_LOOP('',(#1665,#1666,#1667,#1668));
#3090=EDGE_LOOP('',(#1669,#1670,#1671,#1672));
#3091=EDGE_LOOP('',(#1673,#1674,#1675,#1676));
#3092=EDGE_LOOP('',(#1677,#1678,#1679,#1680));
#3093=EDGE_LOOP('',(#1681,#1682,#1683,#1684));
#3094=EDGE_LOOP('',(#1685,#1686,#1687,#1688));
#3095=EDGE_LOOP('',(#1689,#1690,#1691,#1692,#1693,#1694,#1695,#1696,#1697,
#1698));
#3096=EDGE_LOOP('',(#1699,#1700,#1701,#1702));
#3097=EDGE_LOOP('',(#1703,#1704,#1705,#1706));
#3098=EDGE_LOOP('',(#1707,#1708,#1709,#1710));
#3099=EDGE_LOOP('',(#1711,#1712,#1713,#1714,#1715,#1716,#1717,#1718,#1719,
#1720));
#3100=EDGE_LOOP('',(#1721,#1722,#1723,#1724));
#3101=EDGE_LOOP('',(#1725,#1726,#1727,#1728));
#3102=EDGE_LOOP('',(#1729,#1730,#1731,#1732));
#3103=EDGE_LOOP('',(#1733,#1734,#1735,#1736));
#3104=EDGE_LOOP('',(#1737,#1738,#1739,#1740));
#3105=EDGE_LOOP('',(#1741,#1742,#1743,#1744,#1745));
#3106=EDGE_LOOP('',(#1746,#1747,#1748,#1749,#1750));
#3107=EDGE_LOOP('',(#1751,#1752,#1753,#1754));
#3108=EDGE_LOOP('',(#1755,#1756,#1757,#1758));
#3109=EDGE_LOOP('',(#1759,#1760,#1761,#1762));
#3110=EDGE_LOOP('',(#1763,#1764,#1765,#1766));
#3111=EDGE_LOOP('',(#1767,#1768,#1769,#1770));
#3112=EDGE_LOOP('',(#1771,#1772,#1773,#1774));
#3113=EDGE_LOOP('',(#1775,#1776,#1777,#1778));
#3114=EDGE_LOOP('',(#1779,#1780,#1781,#1782));
#3115=EDGE_LOOP('',(#1783,#1784,#1785,#1786));
#3116=EDGE_LOOP('',(#1787,#1788,#1789,#1790));
#3117=EDGE_LOOP('',(#1791,#1792,#1793,#1794));
#3118=EDGE_LOOP('',(#1795,#1796,#1797,#1798));
#3119=EDGE_LOOP('',(#1799,#1800,#1801,#1802));
#3120=EDGE_LOOP('',(#1803,#1804,#1805,#1806));
#3121=EDGE_LOOP('',(#1807,#1808,#1809,#1810));
#3122=EDGE_LOOP('',(#1811,#1812,#1813,#1814));
#3123=EDGE_LOOP('',(#1815,#1816,#1817,#1818));
#3124=EDGE_LOOP('',(#1819,#1820,#1821,#1822,#1823));
#3125=EDGE_LOOP('',(#1824,#1825,#1826,#1827,#1828));
#3126=EDGE_LOOP('',(#1829,#1830,#1831,#1832));
#3127=EDGE_LOOP('',(#1833,#1834,#1835,#1836));
#3128=EDGE_LOOP('',(#1837,#1838,#1839,#1840));
#3129=EDGE_LOOP('',(#1841,#1842,#1843,#1844));
#3130=EDGE_LOOP('',(#1845,#1846,#1847,#1848));
#3131=EDGE_LOOP('',(#1849,#1850,#1851,#1852));
#3132=EDGE_LOOP('',(#1853,#1854,#1855,#1856));
#3133=EDGE_LOOP('',(#1857,#1858,#1859,#1860));
#3134=EDGE_LOOP('',(#1861,#1862,#1863,#1864));
#3135=EDGE_LOOP('',(#1865,#1866,#1867,#1868));
#3136=EDGE_LOOP('',(#1869,#1870,#1871,#1872));
#3137=EDGE_LOOP('',(#1873,#1874,#1875,#1876,#1877));
#3138=EDGE_LOOP('',(#1878,#1879,#1880,#1881,#1882));
#3139=FACE_BOUND('',#2909,.T.);
#3140=FACE_BOUND('',#2910,.T.);
#3141=FACE_BOUND('',#2911,.T.);
#3142=FACE_BOUND('',#2912,.T.);
#3143=FACE_BOUND('',#2913,.T.);
#3144=FACE_BOUND('',#2914,.T.);
#3145=FACE_BOUND('',#2915,.T.);
#3146=FACE_BOUND('',#2916,.T.);
#3147=FACE_BOUND('',#2917,.T.);
#3148=FACE_BOUND('',#2918,.T.);
#3149=FACE_BOUND('',#2919,.T.);
#3150=FACE_BOUND('',#2920,.T.);
#3151=FACE_BOUND('',#2921,.T.);
#3152=FACE_BOUND('',#2922,.T.);
#3153=FACE_BOUND('',#2923,.T.);
#3154=FACE_BOUND('',#2924,.T.);
#3155=FACE_BOUND('',#2925,.T.);
#3156=FACE_BOUND('',#2926,.T.);
#3157=FACE_BOUND('',#2927,.T.);
#3158=FACE_BOUND('',#2928,.T.);
#3159=FACE_BOUND('',#2929,.T.);
#3160=FACE_BOUND('',#2930,.T.);
#3161=FACE_BOUND('',#2931,.T.);
#3162=FACE_BOUND('',#2932,.T.);
#3163=FACE_BOUND('',#2933,.T.);
#3164=FACE_BOUND('',#2934,.T.);
#3165=FACE_BOUND('',#2935,.T.);
#3166=FACE_BOUND('',#2936,.T.);
#3167=FACE_BOUND('',#2937,.T.);
#3168=FACE_BOUND('',#2938,.T.);
#3169=FACE_BOUND('',#2939,.T.);
#3170=FACE_BOUND('',#2940,.T.);
#3171=FACE_BOUND('',#2941,.T.);
#3172=FACE_BOUND('',#2942,.T.);
#3173=FACE_BOUND('',#2943,.T.);
#3174=FACE_BOUND('',#2944,.T.);
#3175=FACE_BOUND('',#2945,.T.);
#3176=FACE_BOUND('',#2946,.T.);
#3177=FACE_BOUND('',#2947,.T.);
#3178=FACE_BOUND('',#2948,.T.);
#3179=FACE_BOUND('',#2949,.T.);
#3180=FACE_BOUND('',#2950,.T.);
#3181=FACE_BOUND('',#2951,.T.);
#3182=FACE_BOUND('',#2952,.T.);
#3183=FACE_BOUND('',#2953,.T.);
#3184=FACE_BOUND('',#2954,.T.);
#3185=FACE_BOUND('',#2955,.T.);
#3186=FACE_BOUND('',#2956,.T.);
#3187=FACE_BOUND('',#2957,.T.);
#3188=FACE_BOUND('',#2958,.T.);
#3189=FACE_BOUND('',#2959,.T.);
#3190=FACE_BOUND('',#2960,.T.);
#3191=FACE_BOUND('',#2961,.T.);
#3192=FACE_BOUND('',#2962,.T.);
#3193=FACE_BOUND('',#2963,.T.);
#3194=FACE_BOUND('',#2964,.T.);
#3195=FACE_BOUND('',#2965,.T.);
#3196=FACE_BOUND('',#2966,.T.);
#3197=FACE_BOUND('',#2967,.T.);
#3198=FACE_BOUND('',#2968,.T.);
#3199=FACE_BOUND('',#2969,.T.);
#3200=FACE_BOUND('',#2970,.T.);
#3201=FACE_BOUND('',#2971,.T.);
#3202=FACE_BOUND('',#2972,.T.);
#3203=FACE_BOUND('',#2973,.T.);
#3204=FACE_BOUND('',#2974,.T.);
#3205=FACE_BOUND('',#2975,.T.);
#3206=FACE_BOUND('',#2976,.T.);
#3207=FACE_BOUND('',#2977,.T.);
#3208=FACE_BOUND('',#2978,.T.);
#3209=FACE_BOUND('',#2979,.T.);
#3210=FACE_BOUND('',#2980,.T.);
#3211=FACE_BOUND('',#2981,.T.);
#3212=FACE_BOUND('',#2982,.T.);
#3213=FACE_BOUND('',#2983,.T.);
#3214=FACE_BOUND('',#2984,.T.);
#3215=FACE_BOUND('',#2985,.T.);
#3216=FACE_BOUND('',#2986,.T.);
#3217=FACE_BOUND('',#2987,.T.);
#3218=FACE_BOUND('',#2988,.T.);
#3219=FACE_BOUND('',#2989,.T.);
#3220=FACE_BOUND('',#2990,.T.);
#3221=FACE_BOUND('',#2991,.T.);
#3222=FACE_BOUND('',#2992,.T.);
#3223=FACE_BOUND('',#2993,.T.);
#3224=FACE_BOUND('',#2994,.T.);
#3225=FACE_BOUND('',#2995,.T.);
#3226=FACE_BOUND('',#2996,.T.);
#3227=FACE_BOUND('',#2997,.T.);
#3228=FACE_BOUND('',#2998,.T.);
#3229=FACE_BOUND('',#2999,.T.);
#3230=FACE_BOUND('',#3000,.T.);
#3231=FACE_BOUND('',#3001,.T.);
#3232=FACE_BOUND('',#3002,.T.);
#3233=FACE_BOUND('',#3003,.T.);
#3234=FACE_BOUND('',#3004,.T.);
#3235=FACE_BOUND('',#3005,.T.);
#3236=FACE_BOUND('',#3006,.T.);
#3237=FACE_BOUND('',#3007,.T.);
#3238=FACE_BOUND('',#3008,.T.);
#3239=FACE_BOUND('',#3009,.T.);
#3240=FACE_BOUND('',#3010,.T.);
#3241=FACE_BOUND('',#3011,.T.);
#3242=FACE_BOUND('',#3012,.T.);
#3243=FACE_BOUND('',#3013,.T.);
#3244=FACE_BOUND('',#3014,.T.);
#3245=FACE_BOUND('',#3015,.T.);
#3246=FACE_BOUND('',#3016,.T.);
#3247=FACE_BOUND('',#3017,.T.);
#3248=FACE_BOUND('',#3018,.T.);
#3249=FACE_BOUND('',#3019,.T.);
#3250=FACE_BOUND('',#3020,.T.);
#3251=FACE_BOUND('',#3021,.T.);
#3252=FACE_BOUND('',#3022,.T.);
#3253=FACE_BOUND('',#3023,.T.);
#3254=FACE_BOUND('',#3024,.T.);
#3255=FACE_BOUND('',#3025,.T.);
#3256=FACE_BOUND('',#3026,.T.);
#3257=FACE_BOUND('',#3027,.T.);
#3258=FACE_BOUND('',#3028,.T.);
#3259=FACE_BOUND('',#3029,.T.);
#3260=FACE_BOUND('',#3030,.T.);
#3261=FACE_BOUND('',#3031,.T.);
#3262=FACE_BOUND('',#3032,.T.);
#3263=FACE_BOUND('',#3033,.T.);
#3264=FACE_BOUND('',#3034,.T.);
#3265=FACE_BOUND('',#3035,.T.);
#3266=FACE_BOUND('',#3036,.T.);
#3267=FACE_BOUND('',#3037,.T.);
#3268=FACE_BOUND('',#3038,.T.);
#3269=FACE_BOUND('',#3039,.T.);
#3270=FACE_BOUND('',#3040,.T.);
#3271=FACE_BOUND('',#3041,.T.);
#3272=FACE_BOUND('',#3042,.T.);
#3273=FACE_BOUND('',#3043,.T.);
#3274=FACE_BOUND('',#3044,.T.);
#3275=FACE_BOUND('',#3045,.T.);
#3276=FACE_BOUND('',#3046,.T.);
#3277=FACE_BOUND('',#3047,.T.);
#3278=FACE_BOUND('',#3048,.T.);
#3279=FACE_BOUND('',#3049,.T.);
#3280=FACE_BOUND('',#3050,.T.);
#3281=FACE_BOUND('',#3051,.T.);
#3282=FACE_BOUND('',#3052,.T.);
#3283=FACE_BOUND('',#3053,.T.);
#3284=FACE_BOUND('',#3054,.T.);
#3285=FACE_BOUND('',#3055,.T.);
#3286=FACE_BOUND('',#3056,.T.);
#3287=FACE_BOUND('',#3057,.T.);
#3288=FACE_BOUND('',#3058,.T.);
#3289=FACE_BOUND('',#3059,.T.);
#3290=FACE_BOUND('',#3060,.T.);
#3291=FACE_BOUND('',#3061,.T.);
#3292=FACE_BOUND('',#3062,.T.);
#3293=FACE_BOUND('',#3063,.T.);
#3294=FACE_BOUND('',#3064,.T.);
#3295=FACE_BOUND('',#3065,.T.);
#3296=FACE_BOUND('',#3066,.T.);
#3297=FACE_BOUND('',#3067,.T.);
#3298=FACE_BOUND('',#3068,.T.);
#3299=FACE_BOUND('',#3069,.T.);
#3300=FACE_BOUND('',#3070,.T.);
#3301=FACE_BOUND('',#3071,.T.);
#3302=FACE_BOUND('',#3072,.T.);
#3303=FACE_BOUND('',#3073,.T.);
#3304=FACE_BOUND('',#3074,.T.);
#3305=FACE_BOUND('',#3075,.T.);
#3306=FACE_BOUND('',#3076,.T.);
#3307=FACE_BOUND('',#3077,.T.);
#3308=FACE_BOUND('',#3078,.T.);
#3309=FACE_BOUND('',#3079,.T.);
#3310=FACE_BOUND('',#3080,.T.);
#3311=FACE_BOUND('',#3081,.T.);
#3312=FACE_BOUND('',#3082,.T.);
#3313=FACE_BOUND('',#3083,.T.);
#3314=FACE_BOUND('',#3084,.T.);
#3315=FACE_BOUND('',#3085,.T.);
#3316=FACE_BOUND('',#3086,.T.);
#3317=FACE_BOUND('',#3087,.T.);
#3318=FACE_BOUND('',#3088,.T.);
#3319=FACE_BOUND('',#3089,.T.);
#3320=FACE_BOUND('',#3090,.T.);
#3321=FACE_BOUND('',#3091,.T.);
#3322=FACE_BOUND('',#3092,.T.);
#3323=FACE_BOUND('',#3093,.T.);
#3324=FACE_BOUND('',#3094,.T.);
#3325=FACE_BOUND('',#3095,.T.);
#3326=FACE_BOUND('',#3096,.T.);
#3327=FACE_BOUND('',#3097,.T.);
#3328=FACE_BOUND('',#3098,.T.);
#3329=FACE_BOUND('',#3099,.T.);
#3330=FACE_BOUND('',#3100,.T.);
#3331=FACE_BOUND('',#3101,.T.);
#3332=FACE_BOUND('',#3102,.T.);
#3333=FACE_BOUND('',#3103,.T.);
#3334=FACE_BOUND('',#3104,.T.);
#3335=FACE_BOUND('',#3105,.T.);
#3336=FACE_BOUND('',#3106,.T.);
#3337=FACE_BOUND('',#3107,.T.);
#3338=FACE_BOUND('',#3108,.T.);
#3339=FACE_BOUND('',#3109,.T.);
#3340=FACE_BOUND('',#3110,.T.);
#3341=FACE_BOUND('',#3111,.T.);
#3342=FACE_BOUND('',#3112,.T.);
#3343=FACE_BOUND('',#3113,.T.);
#3344=FACE_BOUND('',#3114,.T.);
#3345=FACE_BOUND('',#3115,.T.);
#3346=FACE_BOUND('',#3116,.T.);
#3347=FACE_BOUND('',#3117,.T.);
#3348=FACE_BOUND('',#3118,.T.);
#3349=FACE_BOUND('',#3119,.T.);
#3350=FACE_BOUND('',#3120,.T.);
#3351=FACE_BOUND('',#3121,.T.);
#3352=FACE_BOUND('',#3122,.T.);
#3353=FACE_BOUND('',#3123,.T.);
#3354=FACE_BOUND('',#3124,.T.);
#3355=FACE_BOUND('',#3125,.T.);
#3356=FACE_BOUND('',#3126,.T.);
#3357=FACE_BOUND('',#3127,.T.);
#3358=FACE_BOUND('',#3128,.T.);
#3359=FACE_BOUND('',#3129,.T.);
#3360=FACE_BOUND('',#3130,.T.);
#3361=FACE_BOUND('',#3131,.T.);
#3362=FACE_BOUND('',#3132,.T.);
#3363=FACE_BOUND('',#3133,.T.);
#3364=FACE_BOUND('',#3134,.T.);
#3365=FACE_BOUND('',#3135,.T.);
#3366=FACE_BOUND('',#3136,.T.);
#3367=FACE_BOUND('',#3137,.T.);
#3368=FACE_BOUND('',#3138,.T.);
#3369=PLANE('',#4074);
#3370=PLANE('',#4075);
#3371=PLANE('',#4076);
#3372=PLANE('',#4077);
#3373=PLANE('',#4079);
#3374=PLANE('',#4080);
#3375=PLANE('',#4081);
#3376=PLANE('',#4082);
#3377=PLANE('',#4084);
#3378=PLANE('',#4085);
#3379=PLANE('',#4086);
#3380=PLANE('',#4087);
#3381=PLANE('',#4088);
#3382=PLANE('',#4090);
#3383=PLANE('',#4091);
#3384=PLANE('',#4092);
#3385=PLANE('',#4093);
#3386=PLANE('',#4094);
#3387=PLANE('',#4096);
#3388=PLANE('',#4097);
#3389=PLANE('',#4098);
#3390=PLANE('',#4099);
#3391=PLANE('',#4101);
#3392=PLANE('',#4102);
#3393=PLANE('',#4103);
#3394=PLANE('',#4104);
#3395=PLANE('',#4106);
#3396=PLANE('',#4107);
#3397=PLANE('',#4108);
#3398=PLANE('',#4109);
#3399=PLANE('',#4111);
#3400=PLANE('',#4112);
#3401=PLANE('',#4113);
#3402=PLANE('',#4114);
#3403=PLANE('',#4115);
#3404=PLANE('',#4116);
#3405=PLANE('',#4117);
#3406=PLANE('',#4119);
#3407=PLANE('',#4120);
#3408=PLANE('',#4121);
#3409=PLANE('',#4122);
#3410=PLANE('',#4123);
#3411=PLANE('',#4125);
#3412=PLANE('',#4126);
#3413=PLANE('',#4127);
#3414=PLANE('',#4128);
#3415=PLANE('',#4130);
#3416=PLANE('',#4131);
#3417=PLANE('',#4132);
#3418=PLANE('',#4133);
#3419=PLANE('',#4135);
#3420=PLANE('',#4136);
#3421=PLANE('',#4137);
#3422=PLANE('',#4138);
#3423=PLANE('',#4139);
#3424=PLANE('',#4141);
#3425=PLANE('',#4142);
#3426=PLANE('',#4143);
#3427=PLANE('',#4144);
#3428=PLANE('',#4145);
#3429=PLANE('',#4146);
#3430=PLANE('',#4147);
#3431=PLANE('',#4148);
#3432=PLANE('',#4149);
#3433=PLANE('',#4150);
#3434=PLANE('',#4151);
#3435=PLANE('',#4152);
#3436=PLANE('',#4153);
#3437=PLANE('',#4155);
#3438=PLANE('',#4156);
#3439=PLANE('',#4157);
#3440=PLANE('',#4158);
#3441=PLANE('',#4159);
#3442=PLANE('',#4161);
#3443=PLANE('',#4162);
#3444=PLANE('',#4163);
#3445=PLANE('',#4164);
#3446=PLANE('',#4166);
#3447=PLANE('',#4167);
#3448=PLANE('',#4168);
#3449=PLANE('',#4169);
#3450=PLANE('',#4170);
#3451=PLANE('',#4172);
#3452=PLANE('',#4173);
#3453=PLANE('',#4174);
#3454=PLANE('',#4175);
#3455=PLANE('',#4176);
#3456=PLANE('',#4178);
#3457=PLANE('',#4179);
#3458=PLANE('',#4180);
#3459=PLANE('',#4181);
#3460=PLANE('',#4183);
#3461=PLANE('',#4184);
#3462=PLANE('',#4185);
#3463=PLANE('',#4186);
#3464=PLANE('',#4187);
#3465=PLANE('',#4188);
#3466=PLANE('',#4189);
#3467=PLANE('',#4191);
#3468=PLANE('',#4192);
#3469=PLANE('',#4193);
#3470=PLANE('',#4194);
#3471=PLANE('',#4195);
#3472=PLANE('',#4197);
#3473=PLANE('',#4198);
#3474=PLANE('',#4199);
#3475=PLANE('',#4200);
#3476=PLANE('',#4201);
#3477=PLANE('',#4203);
#3478=PLANE('',#4204);
#3479=PLANE('',#4205);
#3480=PLANE('',#4206);
#3481=PLANE('',#4208);
#3482=PLANE('',#4209);
#3483=PLANE('',#4210);
#3484=PLANE('',#4211);
#3485=PLANE('',#4213);
#3486=PLANE('',#4214);
#3487=PLANE('',#4215);
#3488=PLANE('',#4216);
#3489=PLANE('',#4217);
#3490=PLANE('',#4218);
#3491=PLANE('',#4219);
#3492=PLANE('',#4221);
#3493=PLANE('',#4222);
#3494=PLANE('',#4223);
#3495=PLANE('',#4224);
#3496=PLANE('',#4226);
#3497=PLANE('',#4227);
#3498=PLANE('',#4228);
#3499=PLANE('',#4229);
#3500=PLANE('',#4231);
#3501=PLANE('',#4232);
#3502=PLANE('',#4233);
#3503=PLANE('',#4234);
#3504=PLANE('',#4236);
#3505=PLANE('',#4237);
#3506=PLANE('',#4238);
#3507=PLANE('',#4239);
#3508=PLANE('',#4241);
#3509=PLANE('',#4242);
#3510=PLANE('',#4243);
#3511=PLANE('',#4244);
#3512=PLANE('',#4246);
#3513=PLANE('',#4247);
#3514=PLANE('',#4248);
#3515=PLANE('',#4249);
#3516=ADVANCED_FACE('',(#3139),#3369,.F.);
#3517=ADVANCED_FACE('',(#3140),#3370,.T.);
#3518=ADVANCED_FACE('',(#3141),#3371,.T.);
#3519=ADVANCED_FACE('',(#3142),#69,.F.);
#3520=ADVANCED_FACE('',(#3143),#3372,.T.);
#3521=ADVANCED_FACE('',(#3144),#70,.F.);
#3522=ADVANCED_FACE('',(#3145),#71,.F.);
#3523=ADVANCED_FACE('',(#3146),#3373,.F.);
#3524=ADVANCED_FACE('',(#3147),#72,.F.);
#3525=ADVANCED_FACE('',(#3148),#3374,.F.);
#3526=ADVANCED_FACE('',(#3149),#73,.T.);
#3527=ADVANCED_FACE('',(#3150),#3375,.T.);
#3528=ADVANCED_FACE('',(#3151),#3376,.F.);
#3529=ADVANCED_FACE('',(#3152),#3377,.F.);
#3530=ADVANCED_FACE('',(#3153),#3378,.F.);
#3531=ADVANCED_FACE('',(#3154),#74,.F.);
#3532=ADVANCED_FACE('',(#3155),#3379,.F.);
#3533=ADVANCED_FACE('',(#3156),#3380,.T.);
#3534=ADVANCED_FACE('',(#3157),#3381,.F.);
#3535=ADVANCED_FACE('',(#3158),#75,.T.);
#3536=ADVANCED_FACE('',(#3159),#3382,.T.);
#3537=ADVANCED_FACE('',(#3160),#76,.T.);
#3538=ADVANCED_FACE('',(#3161),#3383,.T.);
#3539=ADVANCED_FACE('',(#3162),#77,.T.);
#3540=ADVANCED_FACE('',(#3163),#78,.T.);
#3541=ADVANCED_FACE('',(#3164),#3384,.T.);
#3542=ADVANCED_FACE('',(#3165),#79,.T.);
#3543=ADVANCED_FACE('',(#3166),#3385,.T.);
#3544=ADVANCED_FACE('',(#3167),#3386,.F.);
#3545=ADVANCED_FACE('',(#3168),#3387,.T.);
#3546=ADVANCED_FACE('',(#3169),#80,.F.);
#3547=ADVANCED_FACE('',(#3170),#3388,.T.);
#3548=ADVANCED_FACE('',(#3171),#81,.T.);
#3549=ADVANCED_FACE('',(#3172),#3389,.T.);
#3550=ADVANCED_FACE('',(#3173),#3390,.F.);
#3551=ADVANCED_FACE('',(#3174),#82,.T.);
#3552=ADVANCED_FACE('',(#3175),#3391,.T.);
#3553=ADVANCED_FACE('',(#3176),#83,.T.);
#3554=ADVANCED_FACE('',(#3177),#3392,.F.);
#3555=ADVANCED_FACE('',(#3178),#3393,.T.);
#3556=ADVANCED_FACE('',(#3179),#3394,.F.);
#3557=ADVANCED_FACE('',(#3180),#84,.T.);
#3558=ADVANCED_FACE('',(#3181),#85,.F.);
#3559=ADVANCED_FACE('',(#3182),#86,.F.);
#3560=ADVANCED_FACE('',(#3183),#3395,.F.);
#3561=ADVANCED_FACE('',(#3184),#87,.T.);
#3562=ADVANCED_FACE('',(#3185),#88,.T.);
#3563=ADVANCED_FACE('',(#3186),#3396,.T.);
#3564=ADVANCED_FACE('',(#3187),#3397,.T.);
#3565=ADVANCED_FACE('',(#3188),#3398,.F.);
#3566=ADVANCED_FACE('',(#3189),#89,.T.);
#3567=ADVANCED_FACE('',(#3190),#3399,.F.);
#3568=ADVANCED_FACE('',(#3191),#90,.F.);
#3569=ADVANCED_FACE('',(#3192),#3400,.F.);
#3570=ADVANCED_FACE('',(#3193),#91,.F.);
#3571=ADVANCED_FACE('',(#3194),#3401,.F.);
#3572=ADVANCED_FACE('',(#3195),#92,.T.);
#3573=ADVANCED_FACE('',(#3196),#3402,.F.);
#3574=ADVANCED_FACE('',(#3197),#93,.T.);
#3575=ADVANCED_FACE('',(#3198),#3403,.F.);
#3576=ADVANCED_FACE('',(#3199),#3404,.T.);
#3577=ADVANCED_FACE('',(#3200),#3405,.F.);
#3578=ADVANCED_FACE('',(#3201),#3406,.T.);
#3579=ADVANCED_FACE('',(#3202),#3407,.T.);
#3580=ADVANCED_FACE('',(#3203),#3408,.T.);
#3581=ADVANCED_FACE('',(#3204),#94,.F.);
#3582=ADVANCED_FACE('',(#3205),#3409,.T.);
#3583=ADVANCED_FACE('',(#3206),#3410,.F.);
#3584=ADVANCED_FACE('',(#3207),#95,.T.);
#3585=ADVANCED_FACE('',(#3208),#3411,.F.);
#3586=ADVANCED_FACE('',(#3209),#96,.T.);
#3587=ADVANCED_FACE('',(#3210),#3412,.F.);
#3588=ADVANCED_FACE('',(#3211),#3413,.T.);
#3589=ADVANCED_FACE('',(#3212),#3414,.F.);
#3590=ADVANCED_FACE('',(#3213),#97,.F.);
#3591=ADVANCED_FACE('',(#3214),#3415,.F.);
#3592=ADVANCED_FACE('',(#3215),#98,.T.);
#3593=ADVANCED_FACE('',(#3216),#3416,.F.);
#3594=ADVANCED_FACE('',(#3217),#3417,.T.);
#3595=ADVANCED_FACE('',(#3218),#3418,.F.);
#3596=ADVANCED_FACE('',(#3219),#3419,.T.);
#3597=ADVANCED_FACE('',(#3220),#99,.F.);
#3598=ADVANCED_FACE('',(#3221),#3420,.T.);
#3599=ADVANCED_FACE('',(#3222),#3421,.T.);
#3600=ADVANCED_FACE('',(#3223),#3422,.T.);
#3601=ADVANCED_FACE('',(#3224),#3423,.F.);
#3602=ADVANCED_FACE('',(#3225),#100,.F.);
#3603=ADVANCED_FACE('',(#3226),#3424,.F.);
#3604=ADVANCED_FACE('',(#3227),#3425,.F.);
#3605=ADVANCED_FACE('',(#3228),#3426,.F.);
#3606=ADVANCED_FACE('',(#3229),#101,.F.);
#3607=ADVANCED_FACE('',(#3230),#3427,.F.);
#3608=ADVANCED_FACE('',(#3231),#3428,.F.);
#3609=ADVANCED_FACE('',(#3232),#3429,.F.);
#3610=ADVANCED_FACE('',(#3233),#102,.F.);
#3611=ADVANCED_FACE('',(#3234),#3430,.T.);
#3612=ADVANCED_FACE('',(#3235),#3431,.T.);
#3613=ADVANCED_FACE('',(#3236),#3432,.T.);
#3614=ADVANCED_FACE('',(#3237),#103,.F.);
#3615=ADVANCED_FACE('',(#3238),#104,.F.);
#3616=ADVANCED_FACE('',(#3239),#3433,.T.);
#3617=ADVANCED_FACE('',(#3240),#3434,.T.);
#3618=ADVANCED_FACE('',(#3241),#3435,.T.);
#3619=ADVANCED_FACE('',(#3242),#105,.F.);
#3620=ADVANCED_FACE('',(#3243),#106,.F.);
#3621=ADVANCED_FACE('',(#3244),#3436,.T.);
#3622=ADVANCED_FACE('',(#3245),#10,.F.);
#3623=ADVANCED_FACE('',(#3246),#3437,.F.);
#3624=ADVANCED_FACE('',(#3247),#3438,.F.);
#3625=ADVANCED_FACE('',(#3248),#3439,.F.);
#3626=ADVANCED_FACE('',(#3249),#3440,.T.);
#3627=ADVANCED_FACE('',(#3250),#3441,.F.);
#3628=ADVANCED_FACE('',(#3251),#107,.F.);
#3629=ADVANCED_FACE('',(#3252),#3442,.F.);
#3630=ADVANCED_FACE('',(#3253),#108,.T.);
#3631=ADVANCED_FACE('',(#3254),#3443,.T.);
#3632=ADVANCED_FACE('',(#3255),#109,.T.);
#3633=ADVANCED_FACE('',(#3256),#3444,.T.);
#3634=ADVANCED_FACE('',(#3257),#3445,.F.);
#3635=ADVANCED_FACE('',(#3258),#3446,.T.);
#3636=ADVANCED_FACE('',(#3259),#110,.F.);
#3637=ADVANCED_FACE('',(#3260),#3447,.T.);
#3638=ADVANCED_FACE('',(#3261),#3448,.T.);
#3639=ADVANCED_FACE('',(#3262),#3449,.T.);
#3640=ADVANCED_FACE('',(#3263),#3450,.F.);
#3641=ADVANCED_FACE('',(#3264),#111,.F.);
#3642=ADVANCED_FACE('',(#3265),#3451,.F.);
#3643=ADVANCED_FACE('',(#3266),#3452,.F.);
#3644=ADVANCED_FACE('',(#3267),#3453,.F.);
#3645=ADVANCED_FACE('',(#3268),#3454,.T.);
#3646=ADVANCED_FACE('',(#3269),#3455,.F.);
#3647=ADVANCED_FACE('',(#3270),#3456,.F.);
#3648=ADVANCED_FACE('',(#3271),#3457,.T.);
#3649=ADVANCED_FACE('',(#3272),#3458,.T.);
#3650=ADVANCED_FACE('',(#3273),#112,.F.);
#3651=ADVANCED_FACE('',(#3274),#3459,.T.);
#3652=ADVANCED_FACE('',(#3275),#113,.F.);
#3653=ADVANCED_FACE('',(#3276),#114,.T.);
#3654=ADVANCED_FACE('',(#3277),#3460,.F.);
#3655=ADVANCED_FACE('',(#3278),#115,.F.);
#3656=ADVANCED_FACE('',(#3279),#3461,.F.);
#3657=ADVANCED_FACE('',(#3280),#116,.F.);
#3658=ADVANCED_FACE('',(#3281),#3462,.F.);
#3659=ADVANCED_FACE('',(#3282),#117,.T.);
#3660=ADVANCED_FACE('',(#3283),#3463,.F.);
#3661=ADVANCED_FACE('',(#3284),#118,.T.);
#3662=ADVANCED_FACE('',(#3285),#3464,.F.);
#3663=ADVANCED_FACE('',(#3286),#3465,.T.);
#3664=ADVANCED_FACE('',(#3287),#3466,.F.);
#3665=ADVANCED_FACE('',(#3288),#119,.F.);
#3666=ADVANCED_FACE('',(#3289),#3467,.F.);
#3667=ADVANCED_FACE('',(#3290),#120,.F.);
#3668=ADVANCED_FACE('',(#3291),#3468,.F.);
#3669=ADVANCED_FACE('',(#3292),#121,.F.);
#3670=ADVANCED_FACE('',(#3293),#122,.F.);
#3671=ADVANCED_FACE('',(#3294),#3469,.F.);
#3672=ADVANCED_FACE('',(#3295),#123,.F.);
#3673=ADVANCED_FACE('',(#3296),#3470,.T.);
#3674=ADVANCED_FACE('',(#3297),#3471,.T.);
#3675=ADVANCED_FACE('',(#3298),#124,.T.);
#3676=ADVANCED_FACE('',(#3299),#3472,.T.);
#3677=ADVANCED_FACE('',(#3300),#125,.T.);
#3678=ADVANCED_FACE('',(#3301),#3473,.T.);
#3679=ADVANCED_FACE('',(#3302),#126,.T.);
#3680=ADVANCED_FACE('',(#3303),#3474,.T.);
#3681=ADVANCED_FACE('',(#3304),#3475,.T.);
#3682=ADVANCED_FACE('',(#3305),#3476,.F.);
#3683=ADVANCED_FACE('',(#3306),#3477,.F.);
#3684=ADVANCED_FACE('',(#3307),#3478,.T.);
#3685=ADVANCED_FACE('',(#3308),#127,.F.);
#3686=ADVANCED_FACE('',(#3309),#128,.F.);
#3687=ADVANCED_FACE('',(#3310),#3479,.T.);
#3688=ADVANCED_FACE('',(#3311),#3480,.T.);
#3689=ADVANCED_FACE('',(#3312),#129,.T.);
#3690=ADVANCED_FACE('',(#3313),#3481,.F.);
#3691=ADVANCED_FACE('',(#3314),#130,.T.);
#3692=ADVANCED_FACE('',(#3315),#3482,.T.);
#3693=ADVANCED_FACE('',(#3316),#3483,.T.);
#3694=ADVANCED_FACE('',(#3317),#3484,.F.);
#3695=ADVANCED_FACE('',(#3318),#3485,.T.);
#3696=ADVANCED_FACE('',(#3319),#131,.T.);
#3697=ADVANCED_FACE('',(#3320),#3486,.T.);
#3698=ADVANCED_FACE('',(#3321),#132,.T.);
#3699=ADVANCED_FACE('',(#3322),#3487,.T.);
#3700=ADVANCED_FACE('',(#3323),#133,.F.);
#3701=ADVANCED_FACE('',(#3324),#3488,.T.);
#3702=ADVANCED_FACE('',(#3325),#3489,.T.);
#3703=ADVANCED_FACE('',(#3326),#134,.F.);
#3704=ADVANCED_FACE('',(#3327),#135,.F.);
#3705=ADVANCED_FACE('',(#3328),#3490,.T.);
#3706=ADVANCED_FACE('',(#3329),#3491,.T.);
#3707=ADVANCED_FACE('',(#3330),#136,.T.);
#3708=ADVANCED_FACE('',(#3331),#3492,.F.);
#3709=ADVANCED_FACE('',(#3332),#137,.T.);
#3710=ADVANCED_FACE('',(#3333),#3493,.F.);
#3711=ADVANCED_FACE('',(#3334),#138,.T.);
#3712=ADVANCED_FACE('',(#3335),#3494,.T.);
#3713=ADVANCED_FACE('',(#3336),#3495,.F.);
#3714=ADVANCED_FACE('',(#3337),#3496,.T.);
#3715=ADVANCED_FACE('',(#3338),#3497,.T.);
#3716=ADVANCED_FACE('',(#3339),#139,.T.);
#3717=ADVANCED_FACE('',(#3340),#140,.F.);
#3718=ADVANCED_FACE('',(#3341),#3498,.T.);
#3719=ADVANCED_FACE('',(#3342),#3499,.T.);
#3720=ADVANCED_FACE('',(#3343),#141,.T.);
#3721=ADVANCED_FACE('',(#3344),#3500,.T.);
#3722=ADVANCED_FACE('',(#3345),#142,.T.);
#3723=ADVANCED_FACE('',(#3346),#3501,.F.);
#3724=ADVANCED_FACE('',(#3347),#3502,.T.);
#3725=ADVANCED_FACE('',(#3348),#3503,.F.);
#3726=ADVANCED_FACE('',(#3349),#143,.T.);
#3727=ADVANCED_FACE('',(#3350),#3504,.T.);
#3728=ADVANCED_FACE('',(#3351),#144,.F.);
#3729=ADVANCED_FACE('',(#3352),#3505,.F.);
#3730=ADVANCED_FACE('',(#3353),#145,.F.);
#3731=ADVANCED_FACE('',(#3354),#3506,.T.);
#3732=ADVANCED_FACE('',(#3355),#3507,.T.);
#3733=ADVANCED_FACE('',(#3356),#146,.T.);
#3734=ADVANCED_FACE('',(#3357),#3508,.T.);
#3735=ADVANCED_FACE('',(#3358),#147,.T.);
#3736=ADVANCED_FACE('',(#3359),#3509,.T.);
#3737=ADVANCED_FACE('',(#3360),#3510,.T.);
#3738=ADVANCED_FACE('',(#3361),#3511,.F.);
#3739=ADVANCED_FACE('',(#3362),#3512,.T.);
#3740=ADVANCED_FACE('',(#3363),#148,.F.);
#3741=ADVANCED_FACE('',(#3364),#149,.F.);
#3742=ADVANCED_FACE('',(#3365),#3513,.T.);
#3743=ADVANCED_FACE('',(#3366),#150,.T.);
#3744=ADVANCED_FACE('',(#3367),#3514,.T.);
#3745=ADVANCED_FACE('',(#3368),#3515,.F.);
#3746=CLOSED_SHELL('',(#3516,#3517,#3518,#3519,#3520,#3521,#3522));
#3747=CLOSED_SHELL('',(#3523,#3524,#3525,#3526,#3527,#3528));
#3748=CLOSED_SHELL('',(#3529,#3530,#3531,#3532,#3533,#3534));
#3749=CLOSED_SHELL('',(#3535,#3536,#3537,#3538,#3539,#3540,#3541,#3542,
#3543,#3544));
#3750=CLOSED_SHELL('',(#3545,#3546,#3547,#3548,#3549,#3550));
#3751=CLOSED_SHELL('',(#3551,#3552,#3553,#3554,#3555,#3556));
#3752=CLOSED_SHELL('',(#3557,#3558,#3559,#3560,#3561,#3562,#3563,#3564,
#3565));
#3753=CLOSED_SHELL('',(#3566,#3567,#3568,#3569,#3570,#3571,#3572,#3573,
#3574,#3575,#3576,#3577));
#3754=CLOSED_SHELL('',(#3578,#3579,#3580,#3581,#3582,#3583));
#3755=CLOSED_SHELL('',(#3584,#3585,#3586,#3587,#3588,#3589));
#3756=CLOSED_SHELL('',(#3590,#3591,#3592,#3593,#3594,#3595));
#3757=CLOSED_SHELL('',(#3596,#3597,#3598,#3599,#3600,#3601));
#3758=CLOSED_SHELL('',(#3602,#3603,#3604,#3605,#3606,#3607,#3608,#3609,
#3610,#3611,#3612,#3613,#3614,#3615,#3616,#3617,#3618,#3619,#3620,#3621,
#3622,#3623,#3624,#3625,#3626,#3627));
#3759=CLOSED_SHELL('',(#3628,#3629,#3630,#3631,#3632,#3633,#3634));
#3760=CLOSED_SHELL('',(#3635,#3636,#3637,#3638,#3639,#3640));
#3761=CLOSED_SHELL('',(#3641,#3642,#3643,#3644,#3645,#3646));
#3762=CLOSED_SHELL('',(#3647,#3648,#3649,#3650,#3651,#3652));
#3763=CLOSED_SHELL('',(#3653,#3654,#3655,#3656,#3657,#3658,#3659,#3660,
#3661,#3662,#3663,#3664));
#3764=CLOSED_SHELL('',(#3665,#3666,#3667,#3668,#3669,#3670,#3671,#3672,
#3673,#3674));
#3765=CLOSED_SHELL('',(#3675,#3676,#3677,#3678,#3679,#3680,#3681,#3682));
#3766=CLOSED_SHELL('',(#3683,#3684,#3685,#3686,#3687,#3688));
#3767=CLOSED_SHELL('',(#3689,#3690,#3691,#3692,#3693,#3694));
#3768=CLOSED_SHELL('',(#3695,#3696,#3697,#3698,#3699,#3700,#3701,#3702,
#3703,#3704,#3705,#3706));
#3769=CLOSED_SHELL('',(#3707,#3708,#3709,#3710,#3711,#3712,#3713));
#3770=CLOSED_SHELL('',(#3714,#3715,#3716,#3717,#3718,#3719));
#3771=CLOSED_SHELL('',(#3720,#3721,#3722,#3723,#3724,#3725));
#3772=CLOSED_SHELL('',(#3726,#3727,#3728,#3729,#3730,#3731,#3732));
#3773=CLOSED_SHELL('',(#3733,#3734,#3735,#3736,#3737,#3738));
#3774=CLOSED_SHELL('',(#3739,#3740,#3741,#3742,#3743,#3744,#3745));
#3775=STYLED_ITEM('',(#3804),#3986);
#3776=STYLED_ITEM('',(#3805),#3987);
#3777=STYLED_ITEM('',(#3806),#3988);
#3778=STYLED_ITEM('',(#3807),#3989);
#3779=STYLED_ITEM('',(#3808),#3990);
#3780=STYLED_ITEM('',(#3809),#3991);
#3781=STYLED_ITEM('',(#3810),#3992);
#3782=STYLED_ITEM('',(#3811),#3993);
#3783=STYLED_ITEM('',(#3812),#3994);
#3784=STYLED_ITEM('',(#3813),#3995);
#3785=STYLED_ITEM('',(#3814),#3996);
#3786=STYLED_ITEM('',(#3815),#3997);
#3787=STYLED_ITEM('',(#3816),#3998);
#3788=STYLED_ITEM('',(#3817),#3999);
#3789=STYLED_ITEM('',(#3818),#4000);
#3790=STYLED_ITEM('',(#3819),#4001);
#3791=STYLED_ITEM('',(#3820),#4002);
#3792=STYLED_ITEM('',(#3821),#4003);
#3793=STYLED_ITEM('',(#3822),#4004);
#3794=STYLED_ITEM('',(#3823),#4005);
#3795=STYLED_ITEM('',(#3824),#4006);
#3796=STYLED_ITEM('',(#3825),#4007);
#3797=STYLED_ITEM('',(#3826),#4008);
#3798=STYLED_ITEM('',(#3827),#4009);
#3799=STYLED_ITEM('',(#3828),#4010);
#3800=STYLED_ITEM('',(#3829),#4011);
#3801=STYLED_ITEM('',(#3830),#4012);
#3802=STYLED_ITEM('',(#3831),#4013);
#3803=STYLED_ITEM('',(#3832),#4014);
#3804=PRESENTATION_STYLE_ASSIGNMENT((#3833));
#3805=PRESENTATION_STYLE_ASSIGNMENT((#3834));
#3806=PRESENTATION_STYLE_ASSIGNMENT((#3835));
#3807=PRESENTATION_STYLE_ASSIGNMENT((#3836));
#3808=PRESENTATION_STYLE_ASSIGNMENT((#3837));
#3809=PRESENTATION_STYLE_ASSIGNMENT((#3838));
#3810=PRESENTATION_STYLE_ASSIGNMENT((#3839));
#3811=PRESENTATION_STYLE_ASSIGNMENT((#3840));
#3812=PRESENTATION_STYLE_ASSIGNMENT((#3841));
#3813=PRESENTATION_STYLE_ASSIGNMENT((#3842));
#3814=PRESENTATION_STYLE_ASSIGNMENT((#3843));
#3815=PRESENTATION_STYLE_ASSIGNMENT((#3844));
#3816=PRESENTATION_STYLE_ASSIGNMENT((#3845));
#3817=PRESENTATION_STYLE_ASSIGNMENT((#3846));
#3818=PRESENTATION_STYLE_ASSIGNMENT((#3847));
#3819=PRESENTATION_STYLE_ASSIGNMENT((#3848));
#3820=PRESENTATION_STYLE_ASSIGNMENT((#3849));
#3821=PRESENTATION_STYLE_ASSIGNMENT((#3850));
#3822=PRESENTATION_STYLE_ASSIGNMENT((#3851));
#3823=PRESENTATION_STYLE_ASSIGNMENT((#3852));
#3824=PRESENTATION_STYLE_ASSIGNMENT((#3853));
#3825=PRESENTATION_STYLE_ASSIGNMENT((#3854));
#3826=PRESENTATION_STYLE_ASSIGNMENT((#3855));
#3827=PRESENTATION_STYLE_ASSIGNMENT((#3856));
#3828=PRESENTATION_STYLE_ASSIGNMENT((#3857));
#3829=PRESENTATION_STYLE_ASSIGNMENT((#3858));
#3830=PRESENTATION_STYLE_ASSIGNMENT((#3859));
#3831=PRESENTATION_STYLE_ASSIGNMENT((#3860));
#3832=PRESENTATION_STYLE_ASSIGNMENT((#3861));
#3833=SURFACE_STYLE_USAGE(.BOTH.,#3862);
#3834=SURFACE_STYLE_USAGE(.BOTH.,#3863);
#3835=SURFACE_STYLE_USAGE(.BOTH.,#3864);
#3836=SURFACE_STYLE_USAGE(.BOTH.,#3865);
#3837=SURFACE_STYLE_USAGE(.BOTH.,#3866);
#3838=SURFACE_STYLE_USAGE(.BOTH.,#3867);
#3839=SURFACE_STYLE_USAGE(.BOTH.,#3868);
#3840=SURFACE_STYLE_USAGE(.BOTH.,#3869);
#3841=SURFACE_STYLE_USAGE(.BOTH.,#3870);
#3842=SURFACE_STYLE_USAGE(.BOTH.,#3871);
#3843=SURFACE_STYLE_USAGE(.BOTH.,#3872);
#3844=SURFACE_STYLE_USAGE(.BOTH.,#3873);
#3845=SURFACE_STYLE_USAGE(.BOTH.,#3874);
#3846=SURFACE_STYLE_USAGE(.BOTH.,#3875);
#3847=SURFACE_STYLE_USAGE(.BOTH.,#3876);
#3848=SURFACE_STYLE_USAGE(.BOTH.,#3877);
#3849=SURFACE_STYLE_USAGE(.BOTH.,#3878);
#3850=SURFACE_STYLE_USAGE(.BOTH.,#3879);
#3851=SURFACE_STYLE_USAGE(.BOTH.,#3880);
#3852=SURFACE_STYLE_USAGE(.BOTH.,#3881);
#3853=SURFACE_STYLE_USAGE(.BOTH.,#3882);
#3854=SURFACE_STYLE_USAGE(.BOTH.,#3883);
#3855=SURFACE_STYLE_USAGE(.BOTH.,#3884);
#3856=SURFACE_STYLE_USAGE(.BOTH.,#3885);
#3857=SURFACE_STYLE_USAGE(.BOTH.,#3886);
#3858=SURFACE_STYLE_USAGE(.BOTH.,#3887);
#3859=SURFACE_STYLE_USAGE(.BOTH.,#3888);
#3860=SURFACE_STYLE_USAGE(.BOTH.,#3889);
#3861=SURFACE_STYLE_USAGE(.BOTH.,#3890);
#3862=SURFACE_SIDE_STYLE('',(#3891));
#3863=SURFACE_SIDE_STYLE('',(#3892));
#3864=SURFACE_SIDE_STYLE('',(#3893));
#3865=SURFACE_SIDE_STYLE('',(#3894));
#3866=SURFACE_SIDE_STYLE('',(#3895));
#3867=SURFACE_SIDE_STYLE('',(#3896));
#3868=SURFACE_SIDE_STYLE('',(#3897));
#3869=SURFACE_SIDE_STYLE('',(#3898));
#3870=SURFACE_SIDE_STYLE('',(#3899));
#3871=SURFACE_SIDE_STYLE('',(#3900));
#3872=SURFACE_SIDE_STYLE('',(#3901));
#3873=SURFACE_SIDE_STYLE('',(#3902));
#3874=SURFACE_SIDE_STYLE('',(#3903));
#3875=SURFACE_SIDE_STYLE('',(#3904));
#3876=SURFACE_SIDE_STYLE('',(#3905));
#3877=SURFACE_SIDE_STYLE('',(#3906));
#3878=SURFACE_SIDE_STYLE('',(#3907));
#3879=SURFACE_SIDE_STYLE('',(#3908));
#3880=SURFACE_SIDE_STYLE('',(#3909));
#3881=SURFACE_SIDE_STYLE('',(#3910));
#3882=SURFACE_SIDE_STYLE('',(#3911));
#3883=SURFACE_SIDE_STYLE('',(#3912));
#3884=SURFACE_SIDE_STYLE('',(#3913));
#3885=SURFACE_SIDE_STYLE('',(#3914));
#3886=SURFACE_SIDE_STYLE('',(#3915));
#3887=SURFACE_SIDE_STYLE('',(#3916));
#3888=SURFACE_SIDE_STYLE('',(#3917));
#3889=SURFACE_SIDE_STYLE('',(#3918));
#3890=SURFACE_SIDE_STYLE('',(#3919));
#3891=SURFACE_STYLE_FILL_AREA(#3920);
#3892=SURFACE_STYLE_FILL_AREA(#3921);
#3893=SURFACE_STYLE_FILL_AREA(#3922);
#3894=SURFACE_STYLE_FILL_AREA(#3923);
#3895=SURFACE_STYLE_FILL_AREA(#3924);
#3896=SURFACE_STYLE_FILL_AREA(#3925);
#3897=SURFACE_STYLE_FILL_AREA(#3926);
#3898=SURFACE_STYLE_FILL_AREA(#3927);
#3899=SURFACE_STYLE_FILL_AREA(#3928);
#3900=SURFACE_STYLE_FILL_AREA(#3929);
#3901=SURFACE_STYLE_FILL_AREA(#3930);
#3902=SURFACE_STYLE_FILL_AREA(#3931);
#3903=SURFACE_STYLE_FILL_AREA(#3932);
#3904=SURFACE_STYLE_FILL_AREA(#3933);
#3905=SURFACE_STYLE_FILL_AREA(#3934);
#3906=SURFACE_STYLE_FILL_AREA(#3935);
#3907=SURFACE_STYLE_FILL_AREA(#3936);
#3908=SURFACE_STYLE_FILL_AREA(#3937);
#3909=SURFACE_STYLE_FILL_AREA(#3938);
#3910=SURFACE_STYLE_FILL_AREA(#3939);
#3911=SURFACE_STYLE_FILL_AREA(#3940);
#3912=SURFACE_STYLE_FILL_AREA(#3941);
#3913=SURFACE_STYLE_FILL_AREA(#3942);
#3914=SURFACE_STYLE_FILL_AREA(#3943);
#3915=SURFACE_STYLE_FILL_AREA(#3944);
#3916=SURFACE_STYLE_FILL_AREA(#3945);
#3917=SURFACE_STYLE_FILL_AREA(#3946);
#3918=SURFACE_STYLE_FILL_AREA(#3947);
#3919=SURFACE_STYLE_FILL_AREA(#3948);
#3920=FILL_AREA_STYLE('',(#3949));
#3921=FILL_AREA_STYLE('',(#3950));
#3922=FILL_AREA_STYLE('',(#3951));
#3923=FILL_AREA_STYLE('',(#3952));
#3924=FILL_AREA_STYLE('',(#3953));
#3925=FILL_AREA_STYLE('',(#3954));
#3926=FILL_AREA_STYLE('',(#3955));
#3927=FILL_AREA_STYLE('',(#3956));
#3928=FILL_AREA_STYLE('',(#3957));
#3929=FILL_AREA_STYLE('',(#3958));
#3930=FILL_AREA_STYLE('',(#3959));
#3931=FILL_AREA_STYLE('',(#3960));
#3932=FILL_AREA_STYLE('',(#3961));
#3933=FILL_AREA_STYLE('',(#3962));
#3934=FILL_AREA_STYLE('',(#3963));
#3935=FILL_AREA_STYLE('',(#3964));
#3936=FILL_AREA_STYLE('',(#3965));
#3937=FILL_AREA_STYLE('',(#3966));
#3938=FILL_AREA_STYLE('',(#3967));
#3939=FILL_AREA_STYLE('',(#3968));
#3940=FILL_AREA_STYLE('',(#3969));
#3941=FILL_AREA_STYLE('',(#3970));
#3942=FILL_AREA_STYLE('',(#3971));
#3943=FILL_AREA_STYLE('',(#3972));
#3944=FILL_AREA_STYLE('',(#3973));
#3945=FILL_AREA_STYLE('',(#3974));
#3946=FILL_AREA_STYLE('',(#3975));
#3947=FILL_AREA_STYLE('',(#3976));
#3948=FILL_AREA_STYLE('',(#3977));
#3949=FILL_AREA_STYLE_COLOUR('',#3978);
#3950=FILL_AREA_STYLE_COLOUR('',#3979);
#3951=FILL_AREA_STYLE_COLOUR('',#3980);
#3952=FILL_AREA_STYLE_COLOUR('',#3981);
#3953=FILL_AREA_STYLE_COLOUR('',#3980);
#3954=FILL_AREA_STYLE_COLOUR('',#3982);
#3955=FILL_AREA_STYLE_COLOUR('',#3978);
#3956=FILL_AREA_STYLE_COLOUR('',#3983);
#3957=FILL_AREA_STYLE_COLOUR('',#3979);
#3958=FILL_AREA_STYLE_COLOUR('',#3984);
#3959=FILL_AREA_STYLE_COLOUR('',#3985);
#3960=FILL_AREA_STYLE_COLOUR('',#3983);
#3961=FILL_AREA_STYLE_COLOUR('',#3981);
#3962=FILL_AREA_STYLE_COLOUR('',#3979);
#3963=FILL_AREA_STYLE_COLOUR('',#3985);
#3964=FILL_AREA_STYLE_COLOUR('',#3982);
#3965=FILL_AREA_STYLE_COLOUR('',#3984);
#3966=FILL_AREA_STYLE_COLOUR('',#3980);
#3967=FILL_AREA_STYLE_COLOUR('',#3985);
#3968=FILL_AREA_STYLE_COLOUR('',#3978);
#3969=FILL_AREA_STYLE_COLOUR('',#3979);
#3970=FILL_AREA_STYLE_COLOUR('',#3984);
#3971=FILL_AREA_STYLE_COLOUR('',#3980);
#3972=FILL_AREA_STYLE_COLOUR('',#3981);
#3973=FILL_AREA_STYLE_COLOUR('',#3978);
#3974=FILL_AREA_STYLE_COLOUR('',#3982);
#3975=FILL_AREA_STYLE_COLOUR('',#3984);
#3976=FILL_AREA_STYLE_COLOUR('',#3983);
#3977=FILL_AREA_STYLE_COLOUR('',#3985);
#3978=COLOUR_RGB('',0.647058823529412,0.647058823529412,0.647058823529412);
#3979=COLOUR_RGB('',0.980392156862745,0.713725490196078,0.00392156862745098);
#3980=COLOUR_RGB('',0.615686274509804,0.811764705882353,0.929411764705882);
#3981=COLOUR_RGB('',0.917647058823529,0.917647058823529,0.917647058823529);
#3982=COLOUR_RGB('',0.768627450980392,0.886274509803922,0.952941176470588);
#3983=COLOUR_RGB('',0.972549019607843,0.529411764705882,0.00392156862745098);
#3984=COLOUR_RGB('',0.231372549019608,0.380392156862745,0.705882352941177);
#3985=COLOUR_RGB('',0.498039215686275,0.498039215686275,0.498039215686275);
#3986=MANIFOLD_SOLID_BREP('Part 28',#3746);
#3987=MANIFOLD_SOLID_BREP('Part 18',#3747);
#3988=MANIFOLD_SOLID_BREP('Part 27',#3748);
#3989=MANIFOLD_SOLID_BREP('Part 6',#3749);
#3990=MANIFOLD_SOLID_BREP('Part 19',#3750);
#3991=MANIFOLD_SOLID_BREP('Part 7',#3751);
#3992=MANIFOLD_SOLID_BREP('Part 20',#3752);
#3993=MANIFOLD_SOLID_BREP('Part 8',#3753);
#3994=MANIFOLD_SOLID_BREP('Part 26',#3754);
#3995=MANIFOLD_SOLID_BREP('Part 21',#3755);
#3996=MANIFOLD_SOLID_BREP('Part 9',#3756);
#3997=MANIFOLD_SOLID_BREP('Part 24',#3757);
#3998=MANIFOLD_SOLID_BREP('Part 22',#3758);
#3999=MANIFOLD_SOLID_BREP('Part 10',#3759);
#4000=MANIFOLD_SOLID_BREP('Part 25',#3760);
#4001=MANIFOLD_SOLID_BREP('Part 23',#3761);
#4002=MANIFOLD_SOLID_BREP('Part 29',#3762);
#4003=MANIFOLD_SOLID_BREP('Part 11',#3763);
#4004=MANIFOLD_SOLID_BREP('Part 1',#3764);
#4005=MANIFOLD_SOLID_BREP('Part 12',#3765);
#4006=MANIFOLD_SOLID_BREP('Part 2',#3766);
#4007=MANIFOLD_SOLID_BREP('Part 13',#3767);
#4008=MANIFOLD_SOLID_BREP('Part 3',#3768);
#4009=MANIFOLD_SOLID_BREP('Part 14',#3769);
#4010=MANIFOLD_SOLID_BREP('Part 4',#3770);
#4011=MANIFOLD_SOLID_BREP('Part 15',#3771);
#4012=MANIFOLD_SOLID_BREP('Part 5',#3772);
#4013=MANIFOLD_SOLID_BREP('Part 16',#3773);
#4014=MANIFOLD_SOLID_BREP('Part 17',#3774);
#4015=SHAPE_DEFINITION_REPRESENTATION(#9365,#4044);
#4016=SHAPE_DEFINITION_REPRESENTATION(#9366,#4045);
#4017=SHAPE_DEFINITION_REPRESENTATION(#9367,#4046);
#4018=SHAPE_DEFINITION_REPRESENTATION(#9368,#4047);
#4019=SHAPE_DEFINITION_REPRESENTATION(#9369,#4048);
#4020=SHAPE_DEFINITION_REPRESENTATION(#9370,#4049);
#4021=SHAPE_DEFINITION_REPRESENTATION(#9371,#4050);
#4022=SHAPE_DEFINITION_REPRESENTATION(#9372,#4051);
#4023=SHAPE_DEFINITION_REPRESENTATION(#9373,#4052);
#4024=SHAPE_DEFINITION_REPRESENTATION(#9374,#4053);
#4025=SHAPE_DEFINITION_REPRESENTATION(#9375,#4054);
#4026=SHAPE_DEFINITION_REPRESENTATION(#9376,#4055);
#4027=SHAPE_DEFINITION_REPRESENTATION(#9377,#4056);
#4028=SHAPE_DEFINITION_REPRESENTATION(#9378,#4057);
#4029=SHAPE_DEFINITION_REPRESENTATION(#9379,#4058);
#4030=SHAPE_DEFINITION_REPRESENTATION(#9380,#4059);
#4031=SHAPE_DEFINITION_REPRESENTATION(#9381,#4060);
#4032=SHAPE_DEFINITION_REPRESENTATION(#9382,#4061);
#4033=SHAPE_DEFINITION_REPRESENTATION(#9383,#4062);
#4034=SHAPE_DEFINITION_REPRESENTATION(#9384,#4063);
#4035=SHAPE_DEFINITION_REPRESENTATION(#9385,#4064);
#4036=SHAPE_DEFINITION_REPRESENTATION(#9386,#4065);
#4037=SHAPE_DEFINITION_REPRESENTATION(#9387,#4066);
#4038=SHAPE_DEFINITION_REPRESENTATION(#9388,#4067);
#4039=SHAPE_DEFINITION_REPRESENTATION(#9389,#4068);
#4040=SHAPE_DEFINITION_REPRESENTATION(#9390,#4069);
#4041=SHAPE_DEFINITION_REPRESENTATION(#9391,#4070);
#4042=SHAPE_DEFINITION_REPRESENTATION(#9392,#4071);
#4043=SHAPE_DEFINITION_REPRESENTATION(#9393,#4072);
#4044=SHAPE_REPRESENTATION('Part 28',(#4073),#9220);
#4045=SHAPE_REPRESENTATION('Part 18',(#4078),#9221);
#4046=SHAPE_REPRESENTATION('Part 27',(#4083),#9222);
#4047=SHAPE_REPRESENTATION('Part 6',(#4089),#9223);
#4048=SHAPE_REPRESENTATION('Part 19',(#4095),#9224);
#4049=SHAPE_REPRESENTATION('Part 7',(#4100),#9225);
#4050=SHAPE_REPRESENTATION('Part 20',(#4105),#9226);
#4051=SHAPE_REPRESENTATION('Part 8',(#4110),#9227);
#4052=SHAPE_REPRESENTATION('Part 26',(#4118),#9228);
#4053=SHAPE_REPRESENTATION('Part 21',(#4124),#9229);
#4054=SHAPE_REPRESENTATION('Part 9',(#4129),#9230);
#4055=SHAPE_REPRESENTATION('Part 24',(#4134),#9231);
#4056=SHAPE_REPRESENTATION('Part 22',(#4140),#9232);
#4057=SHAPE_REPRESENTATION('Part 10',(#4160),#9233);
#4058=SHAPE_REPRESENTATION('Part 25',(#4165),#9234);
#4059=SHAPE_REPRESENTATION('Part 23',(#4171),#9235);
#4060=SHAPE_REPRESENTATION('Part 29',(#4177),#9236);
#4061=SHAPE_REPRESENTATION('Part 11',(#4182),#9237);
#4062=SHAPE_REPRESENTATION('Part 1',(#4190),#9238);
#4063=SHAPE_REPRESENTATION('Part 12',(#4196),#9239);
#4064=SHAPE_REPRESENTATION('Part 2',(#4202),#9240);
#4065=SHAPE_REPRESENTATION('Part 13',(#4207),#9241);
#4066=SHAPE_REPRESENTATION('Part 3',(#4212),#9242);
#4067=SHAPE_REPRESENTATION('Part 14',(#4220),#9243);
#4068=SHAPE_REPRESENTATION('Part 4',(#4225),#9244);
#4069=SHAPE_REPRESENTATION('Part 15',(#4230),#9245);
#4070=SHAPE_REPRESENTATION('Part 5',(#4235),#9246);
#4071=SHAPE_REPRESENTATION('Part 16',(#4240),#9247);
#4072=SHAPE_REPRESENTATION('Part 17',(#4245),#9248);
#4073=AXIS2_PLACEMENT_3D('',#4954,#4250,#4251);
#4074=AXIS2_PLACEMENT_3D('',#4955,#4252,#4253);
#4075=AXIS2_PLACEMENT_3D('',#4979,#4256,#4257);
#4076=AXIS2_PLACEMENT_3D('',#5003,#4260,#4261);
#4077=AXIS2_PLACEMENT_3D('',#5027,#4265,#4266);
#4078=AXIS2_PLACEMENT_3D('',#5052,#4269,#4270);
#4079=AXIS2_PLACEMENT_3D('',#5053,#4271,#4272);
#4080=AXIS2_PLACEMENT_3D('',#5107,#4278,#4279);
#4081=AXIS2_PLACEMENT_3D('',#5129,#4283,#4284);
#4082=AXIS2_PLACEMENT_3D('',#5130,#4285,#4286);
#4083=AXIS2_PLACEMENT_3D('',#5131,#4287,#4288);
#4084=AXIS2_PLACEMENT_3D('',#5132,#4289,#4290);
#4085=AXIS2_PLACEMENT_3D('',#5141,#4295,#4296);
#4086=AXIS2_PLACEMENT_3D('',#5182,#4301,#4302);
#4087=AXIS2_PLACEMENT_3D('',#5185,#4305,#4306);
#4088=AXIS2_PLACEMENT_3D('',#5186,#4307,#4308);
#4089=AXIS2_PLACEMENT_3D('',#5187,#4309,#4310);
#4090=AXIS2_PLACEMENT_3D('',#5256,#4313,#4314);
#4091=AXIS2_PLACEMENT_3D('',#5293,#4319,#4320);
#4092=AXIS2_PLACEMENT_3D('',#5381,#4326,#4327);
#4093=AXIS2_PLACEMENT_3D('',#5413,#4331,#4332);
#4094=AXIS2_PLACEMENT_3D('',#5414,#4333,#4334);
#4095=AXIS2_PLACEMENT_3D('',#5415,#4335,#4336);
#4096=AXIS2_PLACEMENT_3D('',#5416,#4337,#4338);
#4097=AXIS2_PLACEMENT_3D('',#5498,#4344,#4345);
#4098=AXIS2_PLACEMENT_3D('',#5554,#4349,#4350);
#4099=AXIS2_PLACEMENT_3D('',#5555,#4351,#4352);
#4100=AXIS2_PLACEMENT_3D('',#5556,#4353,#4354);
#4101=AXIS2_PLACEMENT_3D('',#5611,#4357,#4358);
#4102=AXIS2_PLACEMENT_3D('',#5646,#4363,#4364);
#4103=AXIS2_PLACEMENT_3D('',#5649,#4367,#4368);
#4104=AXIS2_PLACEMENT_3D('',#5650,#4369,#4370);
#4105=AXIS2_PLACEMENT_3D('',#5651,#4371,#4372);
#4106=AXIS2_PLACEMENT_3D('',#5788,#4377,#4378);
#4107=AXIS2_PLACEMENT_3D('',#5886,#4384,#4385);
#4108=AXIS2_PLACEMENT_3D('',#5889,#4388,#4389);
#4109=AXIS2_PLACEMENT_3D('',#5890,#4390,#4391);
#4110=AXIS2_PLACEMENT_3D('',#5891,#4392,#4393);
#4111=AXIS2_PLACEMENT_3D('',#5920,#4396,#4397);
#4112=AXIS2_PLACEMENT_3D('',#5981,#4402,#4403);
#4113=AXIS2_PLACEMENT_3D('',#6024,#4408,#4409);
#4114=AXIS2_PLACEMENT_3D('',#6067,#4414,#4415);
#4115=AXIS2_PLACEMENT_3D('',#6128,#4420,#4421);
#4116=AXIS2_PLACEMENT_3D('',#6131,#4424,#4425);
#4117=AXIS2_PLACEMENT_3D('',#6132,#4426,#4427);
#4118=AXIS2_PLACEMENT_3D('',#6133,#4428,#4429);
#4119=AXIS2_PLACEMENT_3D('',#6134,#4430,#4431);
#4120=AXIS2_PLACEMENT_3D('',#6143,#4436,#4437);
#4121=AXIS2_PLACEMENT_3D('',#6149,#4441,#4442);
#4122=AXIS2_PLACEMENT_3D('',#6195,#4446,#4447);
#4123=AXIS2_PLACEMENT_3D('',#6196,#4448,#4449);
#4124=AXIS2_PLACEMENT_3D('',#6197,#4450,#4451);
#4125=AXIS2_PLACEMENT_3D('',#6390,#4454,#4455);
#4126=AXIS2_PLACEMENT_3D('',#6421,#4460,#4461);
#4127=AXIS2_PLACEMENT_3D('',#6424,#4464,#4465);
#4128=AXIS2_PLACEMENT_3D('',#6425,#4466,#4467);
#4129=AXIS2_PLACEMENT_3D('',#6426,#4468,#4469);
#4130=AXIS2_PLACEMENT_3D('',#6475,#4472,#4473);
#4131=AXIS2_PLACEMENT_3D('',#6500,#4478,#4479);
#4132=AXIS2_PLACEMENT_3D('',#6503,#4482,#4483);
#4133=AXIS2_PLACEMENT_3D('',#6504,#4484,#4485);
#4134=AXIS2_PLACEMENT_3D('',#6505,#4486,#4487);
#4135=AXIS2_PLACEMENT_3D('',#6506,#4488,#4489);
#4136=AXIS2_PLACEMENT_3D('',#6554,#4495,#4496);
#4137=AXIS2_PLACEMENT_3D('',#6560,#4500,#4501);
#4138=AXIS2_PLACEMENT_3D('',#6563,#4504,#4505);
#4139=AXIS2_PLACEMENT_3D('',#6564,#4506,#4507);
#4140=AXIS2_PLACEMENT_3D('',#6565,#4508,#4509);
#4141=AXIS2_PLACEMENT_3D('',#6588,#4512,#4513);
#4142=AXIS2_PLACEMENT_3D('',#6594,#4517,#4518);
#4143=AXIS2_PLACEMENT_3D('',#6600,#4522,#4523);
#4144=AXIS2_PLACEMENT_3D('',#6631,#4528,#4529);
#4145=AXIS2_PLACEMENT_3D('',#6637,#4533,#4534);
#4146=AXIS2_PLACEMENT_3D('',#6643,#4538,#4539);
#4147=AXIS2_PLACEMENT_3D('',#6678,#4544,#4545);
#4148=AXIS2_PLACEMENT_3D('',#6684,#4549,#4550);
#4149=AXIS2_PLACEMENT_3D('',#6690,#4554,#4555);
#4150=AXIS2_PLACEMENT_3D('',#6778,#4561,#4562);
#4151=AXIS2_PLACEMENT_3D('',#6784,#4566,#4567);
#4152=AXIS2_PLACEMENT_3D('',#6790,#4571,#4572);
#4153=AXIS2_PLACEMENT_3D('',#6888,#4578,#4579);
#4154=AXIS2_PLACEMENT_3D('',#6894,#4583,#4584);
#4155=AXIS2_PLACEMENT_3D('',#6918,#4586,#4587);
#4156=AXIS2_PLACEMENT_3D('',#6924,#4591,#4592);
#4157=AXIS2_PLACEMENT_3D('',#6930,#4596,#4597);
#4158=AXIS2_PLACEMENT_3D('',#6933,#4600,#4601);
#4159=AXIS2_PLACEMENT_3D('',#6934,#4602,#4603);
#4160=AXIS2_PLACEMENT_3D('',#6935,#4604,#4605);
#4161=AXIS2_PLACEMENT_3D('',#7006,#4608,#4609);
#4162=AXIS2_PLACEMENT_3D('',#7073,#4614,#4615);
#4163=AXIS2_PLACEMENT_3D('',#7105,#4619,#4620);
#4164=AXIS2_PLACEMENT_3D('',#7106,#4621,#4622);
#4165=AXIS2_PLACEMENT_3D('',#7107,#4623,#4624);
#4166=AXIS2_PLACEMENT_3D('',#7108,#4625,#4626);
#4167=AXIS2_PLACEMENT_3D('',#7170,#4632,#4633);
#4168=AXIS2_PLACEMENT_3D('',#7176,#4637,#4638);
#4169=AXIS2_PLACEMENT_3D('',#7179,#4641,#4642);
#4170=AXIS2_PLACEMENT_3D('',#7180,#4643,#4644);
#4171=AXIS2_PLACEMENT_3D('',#7181,#4645,#4646);
#4172=AXIS2_PLACEMENT_3D('',#7210,#4649,#4650);
#4173=AXIS2_PLACEMENT_3D('',#7216,#4654,#4655);
#4174=AXIS2_PLACEMENT_3D('',#7222,#4659,#4660);
#4175=AXIS2_PLACEMENT_3D('',#7225,#4663,#4664);
#4176=AXIS2_PLACEMENT_3D('',#7226,#4665,#4666);
#4177=AXIS2_PLACEMENT_3D('',#7227,#4667,#4668);
#4178=AXIS2_PLACEMENT_3D('',#7228,#4669,#4670);
#4179=AXIS2_PLACEMENT_3D('',#7276,#4673,#4674);
#4180=AXIS2_PLACEMENT_3D('',#7324,#4677,#4678);
#4181=AXIS2_PLACEMENT_3D('',#7340,#4682,#4683);
#4182=AXIS2_PLACEMENT_3D('',#7456,#4685,#4686);
#4183=AXIS2_PLACEMENT_3D('',#7485,#4689,#4690);
#4184=AXIS2_PLACEMENT_3D('',#7546,#4695,#4696);
#4185=AXIS2_PLACEMENT_3D('',#7589,#4701,#4702);
#4186=AXIS2_PLACEMENT_3D('',#7632,#4707,#4708);
#4187=AXIS2_PLACEMENT_3D('',#7693,#4713,#4714);
#4188=AXIS2_PLACEMENT_3D('',#7696,#4717,#4718);
#4189=AXIS2_PLACEMENT_3D('',#7697,#4719,#4720);
#4190=AXIS2_PLACEMENT_3D('',#7698,#4721,#4722);
#4191=AXIS2_PLACEMENT_3D('',#7767,#4725,#4726);
#4192=AXIS2_PLACEMENT_3D('',#7804,#4731,#4732);
#4193=AXIS2_PLACEMENT_3D('',#7892,#4738,#4739);
#4194=AXIS2_PLACEMENT_3D('',#7924,#4743,#4744);
#4195=AXIS2_PLACEMENT_3D('',#7925,#4745,#4746);
#4196=AXIS2_PLACEMENT_3D('',#7926,#4747,#4748);
#4197=AXIS2_PLACEMENT_3D('',#7995,#4751,#4752);
#4198=AXIS2_PLACEMENT_3D('',#8032,#4757,#4758);
#4199=AXIS2_PLACEMENT_3D('',#8101,#4763,#4764);
#4200=AXIS2_PLACEMENT_3D('',#8104,#4767,#4768);
#4201=AXIS2_PLACEMENT_3D('',#8105,#4769,#4770);
#4202=AXIS2_PLACEMENT_3D('',#8106,#4771,#4772);
#4203=AXIS2_PLACEMENT_3D('',#8107,#4773,#4774);
#4204=AXIS2_PLACEMENT_3D('',#8116,#4779,#4780);
#4205=AXIS2_PLACEMENT_3D('',#8198,#4784,#4785);
#4206=AXIS2_PLACEMENT_3D('',#8200,#4787,#4788);
#4207=AXIS2_PLACEMENT_3D('',#8201,#4789,#4790);
#4208=AXIS2_PLACEMENT_3D('',#8234,#4793,#4794);
#4209=AXIS2_PLACEMENT_3D('',#8259,#4799,#4800);
#4210=AXIS2_PLACEMENT_3D('',#8262,#4803,#4804);
#4211=AXIS2_PLACEMENT_3D('',#8263,#4805,#4806);
#4212=AXIS2_PLACEMENT_3D('',#8264,#4807,#4808);
#4213=AXIS2_PLACEMENT_3D('',#8265,#4809,#4810);
#4214=AXIS2_PLACEMENT_3D('',#8329,#4816,#4817);
#4215=AXIS2_PLACEMENT_3D('',#8372,#4822,#4823);
#4216=AXIS2_PLACEMENT_3D('',#8415,#4828,#4829);
#4217=AXIS2_PLACEMENT_3D('',#8421,#4833,#4834);
#4218=AXIS2_PLACEMENT_3D('',#8503,#4838,#4839);
#4219=AXIS2_PLACEMENT_3D('',#8505,#4841,#4842);
#4220=AXIS2_PLACEMENT_3D('',#8506,#4843,#4844);
#4221=AXIS2_PLACEMENT_3D('',#8529,#4847,#4848);
#4222=AXIS2_PLACEMENT_3D('',#8570,#4853,#4854);
#4223=AXIS2_PLACEMENT_3D('',#8602,#4858,#4859);
#4224=AXIS2_PLACEMENT_3D('',#8603,#4860,#4861);
#4225=AXIS2_PLACEMENT_3D('',#8604,#4862,#4863);
#4226=AXIS2_PLACEMENT_3D('',#8605,#4864,#4865);
#4227=AXIS2_PLACEMENT_3D('',#8614,#4870,#4871);
#4228=AXIS2_PLACEMENT_3D('',#8680,#4875,#4876);
#4229=AXIS2_PLACEMENT_3D('',#8682,#4878,#4879);
#4230=AXIS2_PLACEMENT_3D('',#8683,#4880,#4881);
#4231=AXIS2_PLACEMENT_3D('',#8738,#4884,#4885);
#4232=AXIS2_PLACEMENT_3D('',#8773,#4890,#4891);
#4233=AXIS2_PLACEMENT_3D('',#8776,#4894,#4895);
#4234=AXIS2_PLACEMENT_3D('',#8777,#4896,#4897);
#4235=AXIS2_PLACEMENT_3D('',#8778,#4898,#4899);
#4236=AXIS2_PLACEMENT_3D('',#8849,#4902,#4903);
#4237=AXIS2_PLACEMENT_3D('',#8916,#4908,#4909);
#4238=AXIS2_PLACEMENT_3D('',#8948,#4913,#4914);
#4239=AXIS2_PLACEMENT_3D('',#8949,#4915,#4916);
#4240=AXIS2_PLACEMENT_3D('',#8950,#4917,#4918);
#4241=AXIS2_PLACEMENT_3D('',#9027,#4921,#4922);
#4242=AXIS2_PLACEMENT_3D('',#9076,#4927,#4928);
#4243=AXIS2_PLACEMENT_3D('',#9079,#4931,#4932);
#4244=AXIS2_PLACEMENT_3D('',#9080,#4933,#4934);
#4245=AXIS2_PLACEMENT_3D('',#9081,#4935,#4936);
#4246=AXIS2_PLACEMENT_3D('',#9082,#4937,#4938);
#4247=AXIS2_PLACEMENT_3D('',#9147,#4945,#4946);
#4248=AXIS2_PLACEMENT_3D('',#9189,#4950,#4951);
#4249=AXIS2_PLACEMENT_3D('',#9190,#4952,#4953);
#4250=DIRECTION('',(0.,0.,1.));
#4251=DIRECTION('',(1.,0.,0.));
#4252=DIRECTION('',(3.491481338843E-15,0.,1.));
#4253=DIRECTION('',(1.,0.,-3.491481338843E-15));
#4254=DIRECTION('',(-1.,0.,3.491481338843E-15));
#4255=DIRECTION('',(1.,0.,-3.491481338843E-15));
#4256=DIRECTION('',(-3.491481338843E-15,0.,1.));
#4257=DIRECTION('',(1.,0.,3.491481338843E-15));
#4258=DIRECTION('',(-1.,0.,-3.491481338843E-15));
#4259=DIRECTION('',(1.,0.,3.491481338843E-15));
#4260=DIRECTION('',(0.,1.,0.));
#4261=DIRECTION('',(0.,0.,1.));
#4262=DIRECTION('',(-3.491481338843E-15,0.,1.));
#4263=DIRECTION('',(-3.491481338843E-15,0.,1.));
#4264=DIRECTION('',(-3.491481338843E-15,0.,1.));
#4265=DIRECTION('',(0.,-1.,0.));
#4266=DIRECTION('',(0.,0.,-1.));
#4267=DIRECTION('',(-3.491481338843E-15,0.,1.));
#4268=DIRECTION('',(-3.491481338843E-15,0.,1.));
#4269=DIRECTION('',(0.,0.,1.));
#4270=DIRECTION('',(1.,0.,0.));
#4271=DIRECTION('',(0.,-1.,0.));
#4272=DIRECTION('',(0.,0.,-1.));
#4273=DIRECTION('',(-1.,0.,-3.491481338843E-15));
#4274=DIRECTION('',(3.491481338843E-15,0.,-1.));
#4275=DIRECTION('',(-1.,0.,-3.491481338843E-15));
#4276=DIRECTION('',(3.491481338843E-15,0.,-1.));
#4277=DIRECTION('',(3.491481338843E-15,0.,-1.));
#4278=DIRECTION('',(0.,1.,0.));
#4279=DIRECTION('',(0.,0.,1.));
#4280=DIRECTION('',(1.,0.,3.491481338843E-15));
#4281=DIRECTION('',(3.491481338843E-15,0.,-1.));
#4282=DIRECTION('',(1.,0.,3.491481338843E-15));
#4283=DIRECTION('',(-3.491481338843E-15,0.,1.));
#4284=DIRECTION('',(1.,0.,3.491481338843E-15));
#4285=DIRECTION('',(-3.491481338843E-15,0.,1.));
#4286=DIRECTION('',(1.,0.,3.491481338843E-15));
#4287=DIRECTION('',(0.,0.,1.));
#4288=DIRECTION('',(1.,0.,0.));
#4289=DIRECTION('',(1.,0.,3.491481338843E-15));
#4290=DIRECTION('',(3.491481338843E-15,0.,-1.));
#4291=DIRECTION('',(0.,-1.,0.));
#4292=DIRECTION('',(3.491481338843E-15,0.,-1.));
#4293=DIRECTION('',(0.,-1.,0.));
#4294=DIRECTION('',(3.491481338843E-15,0.,-1.));
#4295=DIRECTION('',(0.,1.,0.));
#4296=DIRECTION('',(0.,0.,1.));
#4297=DIRECTION('',(1.,0.,3.491481338843E-15));
#4298=DIRECTION('',(3.491481338843E-15,0.,-1.));
#4299=DIRECTION('',(1.,0.,3.491481338843E-15));
#4300=DIRECTION('',(3.491481338843E-15,0.,-1.));
#4301=DIRECTION('',(0.,-1.,0.));
#4302=DIRECTION('',(0.,0.,-1.));
#4303=DIRECTION('',(-1.,0.,-3.491481338843E-15));
#4304=DIRECTION('',(-1.,0.,-3.491481338843E-15));
#4305=DIRECTION('',(-3.491481338843E-15,0.,1.));
#4306=DIRECTION('',(1.,0.,3.491481338843E-15));
#4307=DIRECTION('',(-3.491481338843E-15,0.,1.));
#4308=DIRECTION('',(1.,0.,3.491481338843E-15));
#4309=DIRECTION('',(0.,0.,1.));
#4310=DIRECTION('',(1.,0.,0.));
#4311=DIRECTION('',(3.491481338843E-15,0.,-1.));
#4312=DIRECTION('',(3.491481338843E-15,0.,-1.));
#4313=DIRECTION('',(-0.998848418455839,0.0479774629203015,-3.48746054536759E-15));
#4314=DIRECTION('',(-0.0479774629203015,-0.998848418455839,7.97468578811678E-22));
#4315=DIRECTION('',(0.0479774629203015,0.998848418455839,1.67512416471265E-16));
#4316=DIRECTION('',(3.491481338843E-15,0.,-1.));
#4317=DIRECTION('',(-0.0479774629203015,-0.998848418455839,7.97468578811678E-22));
#4318=DIRECTION('',(3.491481338843E-15,0.,-1.));
#4319=DIRECTION('',(-1.,0.,-3.491481338843E-15));
#4320=DIRECTION('',(-3.491481338843E-15,0.,1.));
#4321=DIRECTION('',(0.,1.,0.));
#4322=DIRECTION('',(3.491481338843E-15,0.,-1.));
#4323=DIRECTION('',(0.,1.,0.));
#4324=DIRECTION('',(3.491481338843E-15,0.,-1.));
#4325=DIRECTION('',(3.491481338843E-15,0.,-1.));
#4326=DIRECTION('',(0.,-1.,0.));
#4327=DIRECTION('',(0.,0.,-1.));
#4328=DIRECTION('',(-1.,0.,-3.491481338843E-15));
#4329=DIRECTION('',(3.491481338843E-15,0.,-1.));
#4330=DIRECTION('',(-1.,0.,-3.491481338843E-15));
#4331=DIRECTION('',(-3.491481338843E-15,0.,1.));
#4332=DIRECTION('',(1.,0.,3.491481338843E-15));
#4333=DIRECTION('',(-3.491481338843E-15,0.,1.));
#4334=DIRECTION('',(1.,0.,3.491481338843E-15));
#4335=DIRECTION('',(0.,0.,1.));
#4336=DIRECTION('',(1.,0.,0.));
#4337=DIRECTION('',(0.,1.,0.));
#4338=DIRECTION('',(0.,0.,1.));
#4339=DIRECTION('',(1.,0.,3.491481338843E-15));
#4340=DIRECTION('',(3.491481338843E-15,0.,-1.));
#4341=DIRECTION('',(1.,0.,3.491481338843E-15));
#4342=DIRECTION('',(3.491481338843E-15,0.,-1.));
#4343=DIRECTION('',(3.491481338843E-15,0.,-1.));
#4344=DIRECTION('',(0.,-1.,0.));
#4345=DIRECTION('',(0.,0.,-1.));
#4346=DIRECTION('',(-1.,0.,-3.491481338843E-15));
#4347=DIRECTION('',(3.491481338843E-15,0.,-1.));
#4348=DIRECTION('',(-1.,0.,-3.491481338843E-15));
#4349=DIRECTION('',(-3.491481338843E-15,0.,1.));
#4350=DIRECTION('',(1.,0.,3.491481338843E-15));
#4351=DIRECTION('',(-3.491481338843E-15,0.,1.));
#4352=DIRECTION('',(1.,0.,3.491481338843E-15));
#4353=DIRECTION('',(0.,0.,1.));
#4354=DIRECTION('',(1.,0.,0.));
#4355=DIRECTION('',(3.491481338843E-15,0.,-1.));
#4356=DIRECTION('',(3.491481338843E-15,0.,-1.));
#4357=DIRECTION('',(0.,1.,0.));
#4358=DIRECTION('',(0.,0.,1.));
#4359=DIRECTION('',(1.,0.,3.491481338843E-15));
#4360=DIRECTION('',(3.491481338843E-15,0.,-1.));
#4361=DIRECTION('',(1.,0.,3.491481338843E-15));
#4362=DIRECTION('',(3.491481338843E-15,0.,-1.));
#4363=DIRECTION('',(0.,1.,0.));
#4364=DIRECTION('',(0.,0.,1.));
#4365=DIRECTION('',(1.,0.,3.491481338843E-15));
#4366=DIRECTION('',(1.,0.,3.491481338843E-15));
#4367=DIRECTION('',(-3.491481338843E-15,0.,1.));
#4368=DIRECTION('',(1.,0.,3.491481338843E-15));
#4369=DIRECTION('',(-3.491481338843E-15,0.,1.));
#4370=DIRECTION('',(1.,0.,3.491481338843E-15));
#4371=DIRECTION('',(0.,0.,1.));
#4372=DIRECTION('',(1.,0.,0.));
#4373=DIRECTION('',(3.491481338843E-15,0.,-1.));
#4374=DIRECTION('',(3.491481338843E-15,0.,-1.));
#4375=DIRECTION('',(3.491481338843E-15,0.,-1.));
#4376=DIRECTION('',(3.491481338843E-15,0.,-1.));
#4377=DIRECTION('',(0.,1.,0.));
#4378=DIRECTION('',(0.,0.,1.));
#4379=DIRECTION('',(1.,0.,3.491481338843E-15));
#4380=DIRECTION('',(3.491481338843E-15,0.,-1.));
#4381=DIRECTION('',(1.,0.,3.491481338843E-15));
#4382=DIRECTION('',(3.491481338843E-15,0.,-1.));
#4383=DIRECTION('',(3.491481338843E-15,0.,-1.));
#4384=DIRECTION('',(1.,0.,3.491481338843E-15));
#4385=DIRECTION('',(3.491481338843E-15,0.,-1.));
#4386=DIRECTION('',(0.,-1.,0.));
#4387=DIRECTION('',(0.,-1.,0.));
#4388=DIRECTION('',(-3.491481338843E-15,0.,1.));
#4389=DIRECTION('',(1.,0.,3.491481338843E-15));
#4390=DIRECTION('',(-3.491481338843E-15,0.,1.));
#4391=DIRECTION('',(1.,0.,3.491481338843E-15));
#4392=DIRECTION('',(0.,0.,1.));
#4393=DIRECTION('',(1.,0.,0.));
#4394=DIRECTION('',(3.491481338843E-15,0.,-1.));
#4395=DIRECTION('',(3.491481338843E-15,0.,-1.));
#4396=DIRECTION('',(0.,-1.,0.));
#4397=DIRECTION('',(0.,0.,-1.));
#4398=DIRECTION('',(-1.,0.,-3.491481338843E-15));
#4399=DIRECTION('',(3.491481338843E-15,0.,-1.));
#4400=DIRECTION('',(-1.,0.,-3.491481338843E-15));
#4401=DIRECTION('',(3.491481338843E-15,0.,-1.));
#4402=DIRECTION('',(0.152544599484067,0.988296587653851,5.32606622439899E-16));
#4403=DIRECTION('',(-0.988296587653851,0.152544599484067,0.));
#4404=DIRECTION('',(0.988296587653851,-0.152544599484067,3.45061909303564E-15));
#4405=DIRECTION('',(3.491481338843E-15,0.,-1.));
#4406=DIRECTION('',(0.988296587653851,-0.152544599484067,3.45061909303564E-15));
#4407=DIRECTION('',(3.491481338843E-15,0.,-1.));
#4408=DIRECTION('',(0.,1.,0.));
#4409=DIRECTION('',(0.,0.,1.));
#4410=DIRECTION('',(1.,0.,3.491481338843E-15));
#4411=DIRECTION('',(3.491481338843E-15,0.,-1.));
#4412=DIRECTION('',(1.,0.,3.491481338843E-15));
#4413=DIRECTION('',(3.491481338843E-15,0.,-1.));
#4414=DIRECTION('',(-0.152544599484007,0.98829658765386,-5.32606622439691E-16));
#4415=DIRECTION('',(-0.98829658765386,-0.152544599484007,0.));
#4416=DIRECTION('',(0.98829658765386,0.152544599484007,3.45061909303567E-15));
#4417=DIRECTION('',(3.491481338843E-15,0.,-1.));
#4418=DIRECTION('',(0.98829658765386,0.152544599484007,3.45061909303567E-15));
#4419=DIRECTION('',(3.491481338843E-15,0.,-1.));
#4420=DIRECTION('',(0.,-1.,0.));
#4421=DIRECTION('',(0.,0.,-1.));
#4422=DIRECTION('',(-1.,0.,-3.491481338843E-15));
#4423=DIRECTION('',(-1.,0.,-3.491481338843E-15));
#4424=DIRECTION('',(-3.491481338843E-15,0.,1.));
#4425=DIRECTION('',(1.,0.,3.491481338843E-15));
#4426=DIRECTION('',(-3.491481338843E-15,0.,1.));
#4427=DIRECTION('',(1.,0.,3.491481338843E-15));
#4428=DIRECTION('',(0.,0.,1.));
#4429=DIRECTION('',(1.,0.,0.));
#4430=DIRECTION('',(0.,1.,0.));
#4431=DIRECTION('',(0.,0.,1.));
#4432=DIRECTION('',(1.,0.,3.491481338843E-15));
#4433=DIRECTION('',(3.491481338843E-15,0.,-1.));
#4434=DIRECTION('',(1.,0.,3.491481338843E-15));
#4435=DIRECTION('',(3.491481338843E-15,0.,-1.));
#4436=DIRECTION('',(-1.,0.,-3.491481338843E-15));
#4437=DIRECTION('',(-3.491481338843E-15,0.,1.));
#4438=DIRECTION('',(0.,1.,0.));
#4439=DIRECTION('',(3.491481338843E-15,0.,-1.));
#4440=DIRECTION('',(0.,1.,0.));
#4441=DIRECTION('',(0.,-1.,0.));
#4442=DIRECTION('',(0.,0.,-1.));
#4443=DIRECTION('',(-1.,0.,-3.491481338843E-15));
#4444=DIRECTION('',(3.491481338843E-15,0.,-1.));
#4445=DIRECTION('',(-1.,0.,-3.491481338843E-15));
#4446=DIRECTION('',(-3.491481338843E-15,0.,1.));
#4447=DIRECTION('',(1.,0.,3.491481338843E-15));
#4448=DIRECTION('',(-3.491481338843E-15,0.,1.));
#4449=DIRECTION('',(1.,0.,3.491481338843E-15));
#4450=DIRECTION('',(0.,0.,1.));
#4451=DIRECTION('',(1.,0.,0.));
#4452=DIRECTION('',(3.491481338843E-15,0.,-1.));
#4453=DIRECTION('',(3.491481338843E-15,0.,-1.));
#4454=DIRECTION('',(1.,0.,3.491481338843E-15));
#4455=DIRECTION('',(3.491481338843E-15,0.,-1.));
#4456=DIRECTION('',(0.,-1.,0.));
#4457=DIRECTION('',(3.491481338843E-15,0.,-1.));
#4458=DIRECTION('',(0.,-1.,0.));
#4459=DIRECTION('',(3.491481338843E-15,0.,-1.));
#4460=DIRECTION('',(-1.,0.,-3.491481338843E-15));
#4461=DIRECTION('',(-3.491481338843E-15,0.,1.));
#4462=DIRECTION('',(0.,1.,0.));
#4463=DIRECTION('',(0.,1.,0.));
#4464=DIRECTION('',(-3.491481338843E-15,0.,1.));
#4465=DIRECTION('',(1.,0.,3.491481338843E-15));
#4466=DIRECTION('',(-3.491481338843E-15,0.,1.));
#4467=DIRECTION('',(1.,0.,3.491481338843E-15));
#4468=DIRECTION('',(0.,0.,1.));
#4469=DIRECTION('',(1.,0.,0.));
#4470=DIRECTION('',(3.491481338843E-15,0.,-1.));
#4471=DIRECTION('',(3.491481338843E-15,0.,-1.));
#4472=DIRECTION('',(0.,1.,0.));
#4473=DIRECTION('',(0.,0.,1.));
#4474=DIRECTION('',(1.,0.,3.491481338843E-15));
#4475=DIRECTION('',(3.491481338843E-15,0.,-1.));
#4476=DIRECTION('',(1.,0.,3.491481338843E-15));
#4477=DIRECTION('',(3.491481338843E-15,0.,-1.));
#4478=DIRECTION('',(0.,-1.,0.));
#4479=DIRECTION('',(0.,0.,-1.));
#4480=DIRECTION('',(-1.,0.,-3.491481338843E-15));
#4481=DIRECTION('',(-1.,0.,-3.491481338843E-15));
#4482=DIRECTION('',(-3.491481338843E-15,0.,1.));
#4483=DIRECTION('',(1.,0.,3.491481338843E-15));
#4484=DIRECTION('',(-3.491481338843E-15,0.,1.));
#4485=DIRECTION('',(1.,0.,3.491481338843E-15));
#4486=DIRECTION('',(0.,0.,1.));
#4487=DIRECTION('',(1.,0.,0.));
#4488=DIRECTION('',(0.,1.,0.));
#4489=DIRECTION('',(0.,0.,1.));
#4490=DIRECTION('',(1.,0.,3.491481338843E-15));
#4491=DIRECTION('',(3.491481338843E-15,0.,-1.));
#4492=DIRECTION('',(1.,0.,3.491481338843E-15));
#4493=DIRECTION('',(3.491481338843E-15,0.,-1.));
#4494=DIRECTION('',(3.491481338843E-15,0.,-1.));
#4495=DIRECTION('',(0.,-1.,0.));
#4496=DIRECTION('',(0.,0.,-1.));
#4497=DIRECTION('',(-1.,0.,-3.491481338843E-15));
#4498=DIRECTION('',(3.491481338843E-15,0.,-1.));
#4499=DIRECTION('',(-1.,0.,-3.491481338843E-15));
#4500=DIRECTION('',(1.,0.,3.491481338843E-15));
#4501=DIRECTION('',(3.491481338843E-15,0.,-1.));
#4502=DIRECTION('',(0.,-1.,0.));
#4503=DIRECTION('',(0.,-1.,0.));
#4504=DIRECTION('',(-3.491481338843E-15,0.,1.));
#4505=DIRECTION('',(1.,0.,3.491481338843E-15));
#4506=DIRECTION('',(-3.491481338843E-15,0.,1.));
#4507=DIRECTION('',(1.,0.,3.491481338843E-15));
#4508=DIRECTION('',(0.,0.,1.));
#4509=DIRECTION('',(1.,0.,0.));
#4510=DIRECTION('',(3.491481338843E-15,0.,-1.));
#4511=DIRECTION('',(3.491481338843E-15,0.,-1.));
#4512=DIRECTION('',(0.,1.,0.));
#4513=DIRECTION('',(0.,0.,1.));
#4514=DIRECTION('',(1.,0.,3.491481338843E-15));
#4515=DIRECTION('',(3.491481338843E-15,0.,-1.));
#4516=DIRECTION('',(1.,0.,3.491481338843E-15));
#4517=DIRECTION('',(1.,0.,3.491481338843E-15));
#4518=DIRECTION('',(3.491481338843E-15,0.,-1.));
#4519=DIRECTION('',(0.,-1.,0.));
#4520=DIRECTION('',(3.491481338843E-15,0.,-1.));
#4521=DIRECTION('',(0.,-1.,0.));
#4522=DIRECTION('',(0.,-1.,0.));
#4523=DIRECTION('',(0.,0.,-1.));
#4524=DIRECTION('',(-1.,0.,-3.491481338843E-15));
#4525=DIRECTION('',(3.491481338843E-15,0.,-1.));
#4526=DIRECTION('',(-1.,0.,-3.491481338843E-15));
#4527=DIRECTION('',(3.491481338843E-15,0.,-1.));
#4528=DIRECTION('',(0.,-1.,0.));
#4529=DIRECTION('',(0.,0.,-1.));
#4530=DIRECTION('',(-1.,0.,-3.491481338843E-15));
#4531=DIRECTION('',(3.491481338843E-15,0.,-1.));
#4532=DIRECTION('',(-1.,0.,-3.491481338843E-15));
#4533=DIRECTION('',(-1.,0.,-3.491481338843E-15));
#4534=DIRECTION('',(-3.491481338843E-15,0.,1.));
#4535=DIRECTION('',(0.,1.,0.));
#4536=DIRECTION('',(3.491481338843E-15,0.,-1.));
#4537=DIRECTION('',(0.,1.,0.));
#4538=DIRECTION('',(0.,1.,0.));
#4539=DIRECTION('',(0.,0.,1.));
#4540=DIRECTION('',(1.,0.,3.491481338843E-15));
#4541=DIRECTION('',(3.491481338843E-15,0.,-1.));
#4542=DIRECTION('',(1.,0.,3.491481338843E-15));
#4543=DIRECTION('',(3.491481338843E-15,0.,-1.));
#4544=DIRECTION('',(0.,1.,0.));
#4545=DIRECTION('',(0.,0.,1.));
#4546=DIRECTION('',(1.,0.,3.491481338843E-15));
#4547=DIRECTION('',(3.491481338843E-15,0.,-1.));
#4548=DIRECTION('',(1.,0.,3.491481338843E-15));
#4549=DIRECTION('',(1.,0.,3.491481338843E-15));
#4550=DIRECTION('',(3.491481338843E-15,0.,-1.));
#4551=DIRECTION('',(0.,-1.,0.));
#4552=DIRECTION('',(3.491481338843E-15,0.,-1.));
#4553=DIRECTION('',(0.,-1.,0.));
#4554=DIRECTION('',(0.,-1.,0.));
#4555=DIRECTION('',(0.,0.,-1.));
#4556=DIRECTION('',(-1.,0.,-3.491481338843E-15));
#4557=DIRECTION('',(3.491481338843E-15,0.,-1.));
#4558=DIRECTION('',(-1.,0.,-3.491481338843E-15));
#4559=DIRECTION('',(3.491481338843E-15,0.,-1.));
#4560=DIRECTION('',(3.491481338843E-15,0.,-1.));
#4561=DIRECTION('',(-1.,0.,-3.491481338843E-15));
#4562=DIRECTION('',(-3.491481338843E-15,0.,1.));
#4563=DIRECTION('',(0.,1.,0.));
#4564=DIRECTION('',(3.491481338843E-15,0.,-1.));
#4565=DIRECTION('',(0.,1.,0.));
#4566=DIRECTION('',(0.,1.,0.));
#4567=DIRECTION('',(0.,0.,1.));
#4568=DIRECTION('',(1.,0.,3.491481338843E-15));
#4569=DIRECTION('',(3.491481338843E-15,0.,-1.));
#4570=DIRECTION('',(1.,0.,3.491481338843E-15));
#4571=DIRECTION('',(1.,0.,3.491481338843E-15));
#4572=DIRECTION('',(3.491481338843E-15,0.,-1.));
#4573=DIRECTION('',(0.,-1.,0.));
#4574=DIRECTION('',(3.491481338843E-15,0.,-1.));
#4575=DIRECTION('',(0.,-1.,0.));
#4576=DIRECTION('',(3.491481338843E-15,0.,-1.));
#4577=DIRECTION('',(3.491481338843E-15,0.,-1.));
#4578=DIRECTION('',(0.,1.,0.));
#4579=DIRECTION('',(0.,0.,1.));
#4580=DIRECTION('',(1.,0.,3.491481338843E-15));
#4581=DIRECTION('',(3.491481338843E-15,0.,-1.));
#4582=DIRECTION('',(1.,0.,3.491481338843E-15));
#4583=DIRECTION('',(3.49148133884282E-15,1.0223776139941E-27,-1.));
#4584=DIRECTION('',(-1.,0.,-3.49148133884282E-15));
#4585=DIRECTION('',(3.491481338843E-15,0.,-1.));
#4586=DIRECTION('',(0.,1.,0.));
#4587=DIRECTION('',(0.,0.,1.));
#4588=DIRECTION('',(1.,0.,3.491481338843E-15));
#4589=DIRECTION('',(3.491481338843E-15,0.,-1.));
#4590=DIRECTION('',(1.,0.,3.491481338843E-15));
#4591=DIRECTION('',(1.,0.,3.491481338843E-15));
#4592=DIRECTION('',(3.491481338843E-15,0.,-1.));
#4593=DIRECTION('',(0.,-1.,0.));
#4594=DIRECTION('',(3.491481338843E-15,0.,-1.));
#4595=DIRECTION('',(0.,-1.,0.));
#4596=DIRECTION('',(0.,-1.,0.));
#4597=DIRECTION('',(0.,0.,-1.));
#4598=DIRECTION('',(-1.,0.,-3.491481338843E-15));
#4599=DIRECTION('',(-1.,0.,-3.491481338843E-15));
#4600=DIRECTION('',(-3.491481338843E-15,0.,1.));
#4601=DIRECTION('',(1.,0.,3.491481338843E-15));
#4602=DIRECTION('',(-3.491481338843E-15,0.,1.));
#4603=DIRECTION('',(1.,0.,3.491481338843E-15));
#4604=DIRECTION('',(0.,0.,1.));
#4605=DIRECTION('',(1.,0.,0.));
#4606=DIRECTION('',(3.491481338843E-15,0.,-1.));
#4607=DIRECTION('',(3.491481338843E-15,0.,-1.));
#4608=DIRECTION('',(0.,1.,0.));
#4609=DIRECTION('',(0.,0.,1.));
#4610=DIRECTION('',(1.,0.,3.491481338843E-15));
#4611=DIRECTION('',(3.491481338843E-15,0.,-1.));
#4612=DIRECTION('',(1.,0.,3.491481338843E-15));
#4613=DIRECTION('',(3.491481338843E-15,0.,-1.));
#4614=DIRECTION('',(1.,0.,3.491481338843E-15));
#4615=DIRECTION('',(3.491481338843E-15,0.,-1.));
#4616=DIRECTION('',(0.,-1.,0.));
#4617=DIRECTION('',(3.491481338843E-15,0.,-1.));
#4618=DIRECTION('',(0.,-1.,0.));
#4619=DIRECTION('',(-3.491481338843E-15,0.,1.));
#4620=DIRECTION('',(1.,0.,3.491481338843E-15));
#4621=DIRECTION('',(-3.491481338843E-15,0.,1.));
#4622=DIRECTION('',(1.,0.,3.491481338843E-15));
#4623=DIRECTION('',(0.,0.,1.));
#4624=DIRECTION('',(1.,0.,0.));
#4625=DIRECTION('',(0.,1.,0.));
#4626=DIRECTION('',(0.,0.,1.));
#4627=DIRECTION('',(1.,0.,3.491481338843E-15));
#4628=DIRECTION('',(3.491481338843E-15,0.,-1.));
#4629=DIRECTION('',(1.,0.,3.491481338843E-15));
#4630=DIRECTION('',(3.491481338843E-15,0.,-1.));
#4631=DIRECTION('',(3.491481338843E-15,0.,-1.));
#4632=DIRECTION('',(0.,-1.,0.));
#4633=DIRECTION('',(0.,0.,-1.));
#4634=DIRECTION('',(-1.,0.,-3.491481338843E-15));
#4635=DIRECTION('',(3.491481338843E-15,0.,-1.));
#4636=DIRECTION('',(-1.,0.,-3.491481338843E-15));
#4637=DIRECTION('',(1.,0.,3.491481338843E-15));
#4638=DIRECTION('',(3.491481338843E-15,0.,-1.));
#4639=DIRECTION('',(0.,-1.,0.));
#4640=DIRECTION('',(0.,-1.,0.));
#4641=DIRECTION('',(-3.491481338843E-15,0.,1.));
#4642=DIRECTION('',(1.,0.,3.491481338843E-15));
#4643=DIRECTION('',(-3.491481338843E-15,0.,1.));
#4644=DIRECTION('',(1.,0.,3.491481338843E-15));
#4645=DIRECTION('',(0.,0.,1.));
#4646=DIRECTION('',(1.,0.,0.));
#4647=DIRECTION('',(3.491481338843E-15,0.,-1.));
#4648=DIRECTION('',(3.491481338843E-15,0.,-1.));
#4649=DIRECTION('',(1.,0.,3.491481338843E-15));
#4650=DIRECTION('',(3.491481338843E-15,0.,-1.));
#4651=DIRECTION('',(0.,-1.,0.));
#4652=DIRECTION('',(3.491481338843E-15,0.,-1.));
#4653=DIRECTION('',(0.,-1.,0.));
#4654=DIRECTION('',(0.,1.,0.));
#4655=DIRECTION('',(0.,0.,1.));
#4656=DIRECTION('',(1.,0.,3.491481338843E-15));
#4657=DIRECTION('',(3.491481338843E-15,0.,-1.));
#4658=DIRECTION('',(1.,0.,3.491481338843E-15));
#4659=DIRECTION('',(-1.,0.,-3.491481338843E-15));
#4660=DIRECTION('',(-3.491481338843E-15,0.,1.));
#4661=DIRECTION('',(0.,1.,0.));
#4662=DIRECTION('',(0.,1.,0.));
#4663=DIRECTION('',(-3.491481338843E-15,0.,1.));
#4664=DIRECTION('',(1.,0.,3.491481338843E-15));
#4665=DIRECTION('',(-3.491481338843E-15,0.,1.));
#4666=DIRECTION('',(1.,0.,3.491481338843E-15));
#4667=DIRECTION('',(0.,0.,1.));
#4668=DIRECTION('',(1.,0.,0.));
#4669=DIRECTION('',(0.,3.491481338843E-15,1.));
#4670=DIRECTION('',(0.,1.,-3.491481338843E-15));
#4671=DIRECTION('',(-1.21904419394889E-29,-1.,3.491481338843E-15));
#4672=DIRECTION('',(1.21904419394889E-29,1.,-3.491481338843E-15));
#4673=DIRECTION('',(-3.491481338843E-15,0.,1.));
#4674=DIRECTION('',(1.,0.,3.491481338843E-15));
#4675=DIRECTION('',(0.,-1.,0.));
#4676=DIRECTION('',(0.,1.,0.));
#4677=DIRECTION('',(-1.,0.,-3.491481338843E-15));
#4678=DIRECTION('',(-3.491481338843E-15,0.,1.));
#4679=DIRECTION('',(-3.491481338843E-15,0.,1.));
#4680=DIRECTION('',(-3.491481338843E-15,0.,1.));
#4681=DIRECTION('',(-3.491481338843E-15,0.,1.));
#4682=DIRECTION('',(1.,0.,3.491481338843E-15));
#4683=DIRECTION('',(3.491481338843E-15,0.,-1.));
#4684=DIRECTION('',(-3.491481338843E-15,0.,1.));
#4685=DIRECTION('',(0.,0.,1.));
#4686=DIRECTION('',(1.,0.,0.));
#4687=DIRECTION('',(3.491481338843E-15,0.,-1.));
#4688=DIRECTION('',(3.491481338843E-15,0.,-1.));
#4689=DIRECTION('',(0.,-1.,0.));
#4690=DIRECTION('',(0.,0.,-1.));
#4691=DIRECTION('',(-1.,0.,-3.491481338843E-15));
#4692=DIRECTION('',(3.491481338843E-15,0.,-1.));
#4693=DIRECTION('',(-1.,0.,-3.491481338843E-15));
#4694=DIRECTION('',(3.491481338843E-15,0.,-1.));
#4695=DIRECTION('',(0.152544599484067,0.988296587653851,5.32606622439899E-16));
#4696=DIRECTION('',(-0.988296587653851,0.152544599484067,0.));
#4697=DIRECTION('',(0.988296587653851,-0.152544599484067,3.45061909303564E-15));
#4698=DIRECTION('',(3.491481338843E-15,0.,-1.));
#4699=DIRECTION('',(0.988296587653851,-0.152544599484067,3.45061909303564E-15));
#4700=DIRECTION('',(3.491481338843E-15,0.,-1.));
#4701=DIRECTION('',(0.,1.,0.));
#4702=DIRECTION('',(0.,0.,1.));
#4703=DIRECTION('',(1.,0.,3.491481338843E-15));
#4704=DIRECTION('',(3.491481338843E-15,0.,-1.));
#4705=DIRECTION('',(1.,0.,3.491481338843E-15));
#4706=DIRECTION('',(3.491481338843E-15,0.,-1.));
#4707=DIRECTION('',(-0.152544599484007,0.98829658765386,-5.32606622439691E-16));
#4708=DIRECTION('',(-0.98829658765386,-0.152544599484007,0.));
#4709=DIRECTION('',(0.98829658765386,0.152544599484007,3.45061909303567E-15));
#4710=DIRECTION('',(3.491481338843E-15,0.,-1.));
#4711=DIRECTION('',(0.98829658765386,0.152544599484007,3.45061909303567E-15));
#4712=DIRECTION('',(3.491481338843E-15,0.,-1.));
#4713=DIRECTION('',(0.,-1.,0.));
#4714=DIRECTION('',(0.,0.,-1.));
#4715=DIRECTION('',(-1.,0.,-3.491481338843E-15));
#4716=DIRECTION('',(-1.,0.,-3.491481338843E-15));
#4717=DIRECTION('',(-3.491481338843E-15,0.,1.));
#4718=DIRECTION('',(1.,0.,3.491481338843E-15));
#4719=DIRECTION('',(-3.491481338843E-15,0.,1.));
#4720=DIRECTION('',(1.,0.,3.491481338843E-15));
#4721=DIRECTION('',(0.,0.,1.));
#4722=DIRECTION('',(1.,0.,0.));
#4723=DIRECTION('',(-3.491481338843E-15,0.,1.));
#4724=DIRECTION('',(-3.491481338843E-15,0.,1.));
#4725=DIRECTION('',(0.998848418455839,-0.0479774629203015,3.48746054537914E-15));
#4726=DIRECTION('',(-0.0479774629203015,-0.998848418455839,1.81764969764632E-15));
#4727=DIRECTION('',(0.0479774629203015,0.998848418455839,0.));
#4728=DIRECTION('',(-3.491481338843E-15,0.,1.));
#4729=DIRECTION('',(-0.0479774629203015,-0.998848418455839,1.81764969764632E-15));
#4730=DIRECTION('',(-3.491481338843E-15,0.,1.));
#4731=DIRECTION('',(1.,0.,3.491481338843E-15));
#4732=DIRECTION('',(3.491481338843E-15,0.,-1.));
#4733=DIRECTION('',(0.,1.,0.));
#4734=DIRECTION('',(-3.491481338843E-15,0.,1.));
#4735=DIRECTION('',(0.,1.,0.));
#4736=DIRECTION('',(-3.491481338843E-15,0.,1.));
#4737=DIRECTION('',(-3.491481338843E-15,0.,1.));
#4738=DIRECTION('',(0.,1.,0.));
#4739=DIRECTION('',(0.,0.,1.));
#4740=DIRECTION('',(-1.,0.,0.));
#4741=DIRECTION('',(-3.491481338843E-15,0.,1.));
#4742=DIRECTION('',(-1.,0.,-3.491481338843E-15));
#4743=DIRECTION('',(-3.491481338843E-15,0.,1.));
#4744=DIRECTION('',(1.,0.,3.491481338843E-15));
#4745=DIRECTION('',(0.,0.,-1.));
#4746=DIRECTION('',(-1.,0.,0.));
#4747=DIRECTION('',(0.,0.,1.));
#4748=DIRECTION('',(1.,0.,0.));
#4749=DIRECTION('',(3.491481338843E-15,0.,-1.));
#4750=DIRECTION('',(3.491481338843E-15,0.,-1.));
#4751=DIRECTION('',(-0.998848418455822,0.0479774629206547,-3.48746054538341E-15));
#4752=DIRECTION('',(-0.0479774629206547,-0.998848418455822,1.19493724040846E-15));
#4753=DIRECTION('',(0.0479774629206547,0.998848418455822,1.67512416472498E-16));
#4754=DIRECTION('',(3.491481338843E-15,0.,-1.));
#4755=DIRECTION('',(-0.0479774629206547,-0.998848418455822,1.19493724040846E-15));
#4756=DIRECTION('',(3.491481338843E-15,0.,-1.));
#4757=DIRECTION('',(-1.,0.,-3.491481338843E-15));
#4758=DIRECTION('',(-3.491481338843E-15,0.,1.));
#4759=DIRECTION('',(0.,1.,0.));
#4760=DIRECTION('',(3.491481338843E-15,0.,-1.));
#4761=DIRECTION('',(0.,1.,0.));
#4762=DIRECTION('',(3.491481338843E-15,0.,-1.));
#4763=DIRECTION('',(0.,-1.,0.));
#4764=DIRECTION('',(0.,0.,-1.));
#4765=DIRECTION('',(-1.,0.,-3.491481338843E-15));
#4766=DIRECTION('',(-1.,0.,-3.491481338843E-15));
#4767=DIRECTION('',(-3.491481338843E-15,0.,1.));
#4768=DIRECTION('',(1.,0.,3.491481338843E-15));
#4769=DIRECTION('',(-3.491481338843E-15,0.,1.));
#4770=DIRECTION('',(1.,0.,3.491481338843E-15));
#4771=DIRECTION('',(0.,0.,1.));
#4772=DIRECTION('',(1.,0.,0.));
#4773=DIRECTION('',(0.,-1.,0.));
#4774=DIRECTION('',(0.,0.,-1.));
#4775=DIRECTION('',(1.,0.,0.));
#4776=DIRECTION('',(-3.491481338843E-15,0.,1.));
#4777=DIRECTION('',(1.,0.,3.491481338843E-15));
#4778=DIRECTION('',(-3.491481338843E-15,0.,1.));
#4779=DIRECTION('',(-3.491481338843E-15,0.,1.));
#4780=DIRECTION('',(1.,0.,3.491481338843E-15));
#4781=DIRECTION('',(1.,0.,3.491481338843E-15));
#4782=DIRECTION('',(-3.491481338843E-15,0.,1.));
#4783=DIRECTION('',(-3.491481338843E-15,0.,1.));
#4784=DIRECTION('',(0.,-1.,0.));
#4785=DIRECTION('',(0.,0.,-1.));
#4786=DIRECTION('',(1.,0.,0.));
#4787=DIRECTION('',(0.,0.,-1.));
#4788=DIRECTION('',(-1.,0.,0.));
#4789=DIRECTION('',(0.,0.,1.));
#4790=DIRECTION('',(1.,0.,0.));
#4791=DIRECTION('',(3.491481338843E-15,0.,-1.));
#4792=DIRECTION('',(3.491481338843E-15,0.,-1.));
#4793=DIRECTION('',(0.,-1.,0.));
#4794=DIRECTION('',(0.,0.,-1.));
#4795=DIRECTION('',(-1.,0.,-3.491481338843E-15));
#4796=DIRECTION('',(3.491481338843E-15,0.,-1.));
#4797=DIRECTION('',(-1.,0.,-3.491481338843E-15));
#4798=DIRECTION('',(3.491481338843E-15,0.,-1.));
#4799=DIRECTION('',(0.,-1.,0.));
#4800=DIRECTION('',(0.,0.,-1.));
#4801=DIRECTION('',(-1.,0.,-3.491481338843E-15));
#4802=DIRECTION('',(-1.,0.,-3.491481338843E-15));
#4803=DIRECTION('',(-3.491481338843E-15,0.,1.));
#4804=DIRECTION('',(1.,0.,3.491481338843E-15));
#4805=DIRECTION('',(-3.491481338843E-15,0.,1.));
#4806=DIRECTION('',(1.,0.,3.491481338843E-15));
#4807=DIRECTION('',(0.,0.,1.));
#4808=DIRECTION('',(1.,0.,0.));
#4809=DIRECTION('',(0.,1.,0.));
#4810=DIRECTION('',(0.,0.,1.));
#4811=DIRECTION('',(-3.491481338843E-15,0.,1.));
#4812=DIRECTION('',(-1.,0.,0.));
#4813=DIRECTION('',(-3.491481338843E-15,0.,1.));
#4814=DIRECTION('',(-1.,0.,-3.491481338843E-15));
#4815=DIRECTION('',(-3.491481338843E-15,0.,1.));
#4816=DIRECTION('',(-0.152544599484067,-0.988296587653851,-5.32606622439899E-16));
#4817=DIRECTION('',(0.988296587653851,-0.152544599484067,0.));
#4818=DIRECTION('',(0.988296587653851,-0.152544599484067,0.));
#4819=DIRECTION('',(-3.491481338843E-15,0.,1.));
#4820=DIRECTION('',(0.988296587653851,-0.152544599484067,3.45061909303564E-15));
#4821=DIRECTION('',(-3.491481338843E-15,0.,1.));
#4822=DIRECTION('',(0.,-1.,0.));
#4823=DIRECTION('',(0.,0.,-1.));
#4824=DIRECTION('',(1.,0.,0.));
#4825=DIRECTION('',(-3.491481338843E-15,0.,1.));
#4826=DIRECTION('',(1.,0.,3.491481338843E-15));
#4827=DIRECTION('',(-3.491481338843E-15,0.,1.));
#4828=DIRECTION('',(0.152544599484007,-0.98829658765386,5.32606622439691E-16));
#4829=DIRECTION('',(0.98829658765386,0.152544599484007,0.));
#4830=DIRECTION('',(0.98829658765386,0.152544599484007,0.));
#4831=DIRECTION('',(-3.491481338843E-15,0.,1.));
#4832=DIRECTION('',(0.98829658765386,0.152544599484007,3.45061909303567E-15));
#4833=DIRECTION('',(-3.491481338843E-15,0.,1.));
#4834=DIRECTION('',(1.,0.,3.491481338843E-15));
#4835=DIRECTION('',(-1.,0.,-3.491481338843E-15));
#4836=DIRECTION('',(-3.491481338843E-15,0.,1.));
#4837=DIRECTION('',(-3.491481338843E-15,0.,1.));
#4838=DIRECTION('',(0.,1.,0.));
#4839=DIRECTION('',(0.,0.,1.));
#4840=DIRECTION('',(-1.,0.,0.));
#4841=DIRECTION('',(0.,0.,-1.));
#4842=DIRECTION('',(-1.,0.,0.));
#4843=DIRECTION('',(0.,0.,1.));
#4844=DIRECTION('',(1.,0.,0.));
#4845=DIRECTION('',(3.491481338843E-15,0.,-1.));
#4846=DIRECTION('',(3.491481338843E-15,0.,-1.));
#4847=DIRECTION('',(0.,-1.,0.));
#4848=DIRECTION('',(0.,0.,-1.));
#4849=DIRECTION('',(-1.,0.,-3.491481338843E-15));
#4850=DIRECTION('',(3.491481338843E-15,0.,-1.));
#4851=DIRECTION('',(-1.,0.,-3.491481338843E-15));
#4852=DIRECTION('',(3.491481338843E-15,0.,-1.));
#4853=DIRECTION('',(0.,1.,0.));
#4854=DIRECTION('',(0.,0.,1.));
#4855=DIRECTION('',(1.,0.,3.491481338843E-15));
#4856=DIRECTION('',(3.491481338843E-15,0.,-1.));
#4857=DIRECTION('',(1.,0.,3.491481338843E-15));
#4858=DIRECTION('',(-3.491481338843E-15,0.,1.));
#4859=DIRECTION('',(1.,0.,3.491481338843E-15));
#4860=DIRECTION('',(-3.491481338843E-15,0.,1.));
#4861=DIRECTION('',(1.,0.,3.491481338843E-15));
#4862=DIRECTION('',(0.,0.,1.));
#4863=DIRECTION('',(1.,0.,0.));
#4864=DIRECTION('',(0.,-1.,0.));
#4865=DIRECTION('',(0.,0.,-1.));
#4866=DIRECTION('',(-3.491481338843E-15,0.,1.));
#4867=DIRECTION('',(1.,0.,0.));
#4868=DIRECTION('',(-3.491481338843E-15,0.,1.));
#4869=DIRECTION('',(1.,0.,3.491481338843E-15));
#4870=DIRECTION('',(-3.491481338843E-15,0.,1.));
#4871=DIRECTION('',(1.,0.,3.491481338843E-15));
#4872=DIRECTION('',(-1.,0.,-3.491481338843E-15));
#4873=DIRECTION('',(-3.491481338843E-15,0.,1.));
#4874=DIRECTION('',(-3.491481338843E-15,0.,1.));
#4875=DIRECTION('',(0.,1.,0.));
#4876=DIRECTION('',(0.,0.,1.));
#4877=DIRECTION('',(-1.,0.,0.));
#4878=DIRECTION('',(0.,0.,-1.));
#4879=DIRECTION('',(-1.,0.,0.));
#4880=DIRECTION('',(0.,0.,1.));
#4881=DIRECTION('',(1.,0.,0.));
#4882=DIRECTION('',(3.491481338843E-15,0.,-1.));
#4883=DIRECTION('',(3.491481338843E-15,0.,-1.));
#4884=DIRECTION('',(0.,1.,0.));
#4885=DIRECTION('',(0.,0.,1.));
#4886=DIRECTION('',(1.,0.,3.491481338843E-15));
#4887=DIRECTION('',(3.491481338843E-15,0.,-1.));
#4888=DIRECTION('',(1.,0.,3.491481338843E-15));
#4889=DIRECTION('',(3.491481338843E-15,0.,-1.));
#4890=DIRECTION('',(0.,1.,0.));
#4891=DIRECTION('',(0.,0.,1.));
#4892=DIRECTION('',(1.,0.,3.491481338843E-15));
#4893=DIRECTION('',(1.,0.,3.491481338843E-15));
#4894=DIRECTION('',(-3.491481338843E-15,0.,1.));
#4895=DIRECTION('',(1.,0.,3.491481338843E-15));
#4896=DIRECTION('',(-3.491481338843E-15,0.,1.));
#4897=DIRECTION('',(1.,0.,3.491481338843E-15));
#4898=DIRECTION('',(0.,0.,1.));
#4899=DIRECTION('',(1.,0.,0.));
#4900=DIRECTION('',(-3.491481338843E-15,0.,1.));
#4901=DIRECTION('',(-3.491481338843E-15,0.,1.));
#4902=DIRECTION('',(0.,-1.,0.));
#4903=DIRECTION('',(0.,0.,-1.));
#4904=DIRECTION('',(1.,0.,0.));
#4905=DIRECTION('',(-3.491481338843E-15,0.,1.));
#4906=DIRECTION('',(1.,0.,3.491481338843E-15));
#4907=DIRECTION('',(-3.491481338843E-15,0.,1.));
#4908=DIRECTION('',(-1.,0.,-3.491481338843E-15));
#4909=DIRECTION('',(-3.491481338843E-15,0.,1.));
#4910=DIRECTION('',(0.,-1.,0.));
#4911=DIRECTION('',(-3.491481338843E-15,0.,1.));
#4912=DIRECTION('',(0.,-1.,0.));
#4913=DIRECTION('',(-3.491481338843E-15,0.,1.));
#4914=DIRECTION('',(1.,0.,3.491481338843E-15));
#4915=DIRECTION('',(0.,0.,-1.));
#4916=DIRECTION('',(-1.,0.,0.));
#4917=DIRECTION('',(0.,0.,1.));
#4918=DIRECTION('',(1.,0.,0.));
#4919=DIRECTION('',(3.491481338843E-15,0.,-1.));
#4920=DIRECTION('',(3.491481338843E-15,0.,-1.));
#4921=DIRECTION('',(0.,1.,0.));
#4922=DIRECTION('',(0.,0.,1.));
#4923=DIRECTION('',(1.,0.,3.491481338843E-15));
#4924=DIRECTION('',(3.491481338843E-15,0.,-1.));
#4925=DIRECTION('',(1.,0.,3.491481338843E-15));
#4926=DIRECTION('',(3.491481338843E-15,0.,-1.));
#4927=DIRECTION('',(0.,-1.,0.));
#4928=DIRECTION('',(0.,0.,-1.));
#4929=DIRECTION('',(-1.,0.,-3.491481338843E-15));
#4930=DIRECTION('',(-1.,0.,-3.491481338843E-15));
#4931=DIRECTION('',(-3.491481338843E-15,0.,1.));
#4932=DIRECTION('',(1.,0.,3.491481338843E-15));
#4933=DIRECTION('',(-3.491481338843E-15,0.,1.));
#4934=DIRECTION('',(1.,0.,3.491481338843E-15));
#4935=DIRECTION('',(0.,0.,1.));
#4936=DIRECTION('',(1.,0.,0.));
#4937=DIRECTION('',(0.,1.,0.));
#4938=DIRECTION('',(0.,0.,1.));
#4939=DIRECTION('',(1.,0.,3.491481338843E-15));
#4940=DIRECTION('',(3.491481338843E-15,0.,-1.));
#4941=DIRECTION('',(1.,0.,3.491481338843E-15));
#4942=DIRECTION('',(3.491481338843E-15,0.,-1.));
#4943=DIRECTION('',(3.491481338843E-15,0.,-1.));
#4944=DIRECTION('',(3.491481338843E-15,0.,-1.));
#4945=DIRECTION('',(0.,-1.,0.));
#4946=DIRECTION('',(0.,0.,-1.));
#4947=DIRECTION('',(-1.,0.,-3.491481338843E-15));
#4948=DIRECTION('',(3.491481338843E-15,0.,-1.));
#4949=DIRECTION('',(-1.,0.,-3.491481338843E-15));
#4950=DIRECTION('',(-3.491481338843E-15,0.,1.));
#4951=DIRECTION('',(1.,0.,3.491481338843E-15));
#4952=DIRECTION('',(-3.491481338843E-15,0.,1.));
#4953=DIRECTION('',(1.,0.,3.491481338843E-15));
#4954=CARTESIAN_POINT('',(0.,0.,0.));
#4955=CARTESIAN_POINT('',(0.061317274575808,0.102075382270765,0.005860050749776));
#4956=CARTESIAN_POINT('',(0.0696188694571584,0.109219151943799,0.00586005074977608));
#4957=CARTESIAN_POINT('',(0.0696851946681601,0.108412490750276,0.00586005074977608));
#4958=CARTESIAN_POINT('',(0.0702282104711402,0.106445828972483,0.00586005074977608));
#4959=CARTESIAN_POINT('',(0.0705046448712074,0.102945518779235,0.00586005074977608));
#4960=CARTESIAN_POINT('',(0.0701321749250235,0.100809184562224,0.00586005074977608));
#4961=CARTESIAN_POINT('',(0.0697926237605604,0.0998189205357286,0.00586005074977608));
#4962=CARTESIAN_POINT('',(0.0697926237573,0.0998189205262208,0.00586005074977602));
#4963=CARTESIAN_POINT('',(0.0696188694571584,0.109219151943799,0.00586005074977608));
#4964=CARTESIAN_POINT('',(0.0672410078820061,0.0998189205262208,0.00586005074977602));
#4965=CARTESIAN_POINT('',(0.0646893919913244,0.0998189205128598,0.00586005074977602));
#4966=CARTESIAN_POINT('',(0.0646893919913244,0.0998189205128598,0.00586005074977602));
#4967=CARTESIAN_POINT('',(0.0652777144435499,0.100277214166213,0.00586005074977602));
#4968=CARTESIAN_POINT('',(0.0675674441266582,0.102844854199177,0.00586005074977602));
#4969=CARTESIAN_POINT('',(0.0613299420388381,0.107786846615752,0.00586005074977602));
#4970=CARTESIAN_POINT('',(0.0623797833994872,0.110579743098078,0.00586005074977602));
#4971=CARTESIAN_POINT('',(0.0624724787290889,0.110758920527264,0.00586005074977602));
#4972=CARTESIAN_POINT('',(0.0624724787290889,0.110758920527264,0.00586005074977602));
#4973=CARTESIAN_POINT('',(0.0680471670556918,0.110758920526218,0.00586005074977602));
#4974=CARTESIAN_POINT('',(0.0736218553822858,0.110758920526218,0.00586005074977602));
#4975=CARTESIAN_POINT('',(0.0736218553812768,0.110758920525427,0.00586005074977608));
#4976=CARTESIAN_POINT('',(0.0727853157649834,0.110103262037016,0.00586005074977608));
#4977=CARTESIAN_POINT('',(0.0716542816406209,0.109581040868586,0.00586005074977602));
#4978=CARTESIAN_POINT('',(0.0696188694571584,0.109219151943799,0.00586005074977602));
#4979=CARTESIAN_POINT('',(0.051191918354837,0.106515864840706,0.00920005075200004));
#4980=CARTESIAN_POINT('',(0.0736218553812768,0.110758920525427,0.00920005075200012));
#4981=CARTESIAN_POINT('',(0.0727853157649834,0.110103262037016,0.00920005075200012));
#4982=CARTESIAN_POINT('',(0.0716542816406209,0.109581040868586,0.00920005075200012));
#4983=CARTESIAN_POINT('',(0.0696188694571584,0.109219151943799,0.00920005075200011));
#4984=CARTESIAN_POINT('',(0.0736218553822858,0.110758920526218,0.00920005075200012));
#4985=CARTESIAN_POINT('',(0.0696188694571584,0.109219151943799,0.00920005075200011));
#4986=CARTESIAN_POINT('',(0.0680471670556898,0.110758920526218,0.0092000507520001));
#4987=CARTESIAN_POINT('',(0.0624724787290889,0.110758920527264,0.00920005075200009));
#4988=CARTESIAN_POINT('',(0.0646893919913244,0.0998189205128598,0.00920005075200009));
#4989=CARTESIAN_POINT('',(0.0652777144435499,0.100277214166213,0.00920005075200009));
#4990=CARTESIAN_POINT('',(0.0675674441266582,0.102844854199177,0.0092000507520001));
#4991=CARTESIAN_POINT('',(0.0613299420388381,0.107786846615752,0.00920005075200008));
#4992=CARTESIAN_POINT('',(0.0623797833994872,0.110579743098078,0.00920005075200008));
#4993=CARTESIAN_POINT('',(0.0624724787290889,0.110758920527264,0.00920005075200009));
#4994=CARTESIAN_POINT('',(0.0646893919913244,0.0998189205128598,0.00920005075200009));
#4995=CARTESIAN_POINT('',(0.067241007882004,0.0998189205262208,0.0092000507520001));
#4996=CARTESIAN_POINT('',(0.0697926237573,0.0998189205262208,0.00920005075200011));
#4997=CARTESIAN_POINT('',(0.0696188694571584,0.109219151943799,0.00920005075200011));
#4998=CARTESIAN_POINT('',(0.0696851946681601,0.108412490750276,0.00920005075200011));
#4999=CARTESIAN_POINT('',(0.0702282104711402,0.106445828972483,0.00920005075200011));
#5000=CARTESIAN_POINT('',(0.0705046448712074,0.102945518779235,0.00920005075200011));
#5001=CARTESIAN_POINT('',(0.0701321749250235,0.100809184562224,0.00920005075200011));
#5002=CARTESIAN_POINT('',(0.0697926237605604,0.0998189205357286,0.00920005075200011));
#5003=CARTESIAN_POINT('',(0.0680471670556908,0.110758920526218,-0.283509689189317));
#5004=CARTESIAN_POINT('',(0.0624724787290899,0.110758920527264,-0.283509689189317));
#5005=CARTESIAN_POINT('',(0.0736218553822868,0.110758920526218,-0.283509689189317));
#5006=CARTESIAN_POINT('',(0.0646893919913244,0.0998189205128598,0.00586005074977603));
#5007=CARTESIAN_POINT('',(0.0646893919913244,0.0998189205128598,0.00920005075200009));
#5008=CARTESIAN_POINT('',(0.065090196945313,0.100131141074817,0.00586005074977603));
#5009=CARTESIAN_POINT('',(0.065090196945313,0.100131141074817,0.00920005075200009));
#5010=CARTESIAN_POINT('',(0.0657665485030894,0.100790323500884,0.00586005074977602));
#5011=CARTESIAN_POINT('',(0.0657665485030894,0.100790323500884,0.00920005075200009));
#5012=CARTESIAN_POINT('',(0.0660165255416253,0.101976985318465,0.00586005074977603));
#5013=CARTESIAN_POINT('',(0.0660165255416253,0.101976985318465,0.00920005075200009));
#5014=CARTESIAN_POINT('',(0.065514893801649,0.10336032158127,0.00586005074977602));
#5015=CARTESIAN_POINT('',(0.065514893801649,0.10336032158127,0.00920005075200009));
#5016=CARTESIAN_POINT('',(0.0642935215271096,0.105363200459824,0.00586005074977603));
#5017=CARTESIAN_POINT('',(0.0642935215271096,0.105363200459824,0.00920005075200009));
#5018=CARTESIAN_POINT('',(0.0627844341899003,0.107479828973701,0.00586005074977602));
#5019=CARTESIAN_POINT('',(0.0627844341899003,0.107479828973701,0.00920005075200009));
#5020=CARTESIAN_POINT('',(0.0621093824977327,0.109451829291197,0.00586005074977603));
#5021=CARTESIAN_POINT('',(0.0621093824977327,0.109451829291197,0.00920005075200009));
#5022=CARTESIAN_POINT('',(0.0622573088983774,0.110343003379432,0.00586005074977602));
#5023=CARTESIAN_POINT('',(0.0622573088983774,0.110343003379432,0.00920005075200009));
#5024=CARTESIAN_POINT('',(0.0624724787290889,0.110758920527264,0.00586005074977602));
#5025=CARTESIAN_POINT('',(0.0624724787290889,0.110758920527264,0.00920005075200009));
#5026=CARTESIAN_POINT('',(0.0646893919913254,0.0998189205128598,-0.283509689189317));
#5027=CARTESIAN_POINT('',(0.067241007882005,0.0998189205262208,-0.283509689189317));
#5028=CARTESIAN_POINT('',(0.0697926237573011,0.0998189205262208,-0.283509689189317));
#5029=CARTESIAN_POINT('',(0.0696188694571584,0.109219151943799,0.00586005074977602));
#5030=CARTESIAN_POINT('',(0.0696188694571584,0.109219151943799,0.00920005075200009));
#5031=CARTESIAN_POINT('',(0.0696707245377742,0.108588479525452,0.00586005074977602));
#5032=CARTESIAN_POINT('',(0.0696707245377742,0.108588479525452,0.00920005075200009));
#5033=CARTESIAN_POINT('',(0.070011183581753,0.107201144872391,0.00586005074977602));
#5034=CARTESIAN_POINT('',(0.070011183581753,0.107201144872391,0.00920005075200009));
#5035=CARTESIAN_POINT('',(0.0703972230723436,0.104725519426829,0.00586005074977602));
#5036=CARTESIAN_POINT('',(0.0703972230723436,0.104725519426829,0.00920005075200009));
#5037=CARTESIAN_POINT('',(0.0703901239261483,0.102176337233678,0.00586005074977602));
#5038=CARTESIAN_POINT('',(0.0703901239261483,0.102176337233678,0.00920005075200009));
#5039=CARTESIAN_POINT('',(0.0700643811156446,0.100611471293436,0.00586005074977602));
#5040=CARTESIAN_POINT('',(0.0700643811156446,0.100611471293436,0.00920005075200009));
#5041=CARTESIAN_POINT('',(0.0697926237605604,0.0998189205357286,0.00586005074977602));
#5042=CARTESIAN_POINT('',(0.0697926237605604,0.0998189205357286,0.00920005075200009));
#5043=CARTESIAN_POINT('',(0.0696188694571594,0.109219151943799,-0.283509689189317));
#5044=CARTESIAN_POINT('',(0.0736218553812768,0.110758920525427,0.00586005074977608));
#5045=CARTESIAN_POINT('',(0.0736218553812768,0.110758920525427,0.00920005075200014));
#5046=CARTESIAN_POINT('',(0.0727853157649834,0.110103262037016,0.00586005074977608));
#5047=CARTESIAN_POINT('',(0.0727853157649834,0.110103262037016,0.00920005075200014));
#5048=CARTESIAN_POINT('',(0.0716542816406209,0.109581040868586,0.00586005074977608));
#5049=CARTESIAN_POINT('',(0.0716542816406208,0.109581040868586,0.00920005075200014));
#5050=CARTESIAN_POINT('',(0.0696188694571584,0.109219151943799,0.00586005074977608));
#5051=CARTESIAN_POINT('',(0.0696188694571584,0.109219151943799,0.00920005075200014));
#5052=CARTESIAN_POINT('',(0.,0.,0.));
#5053=CARTESIAN_POINT('',(0.0380554436676406,0.0969892710469197,0.014200050752));
#5054=CARTESIAN_POINT('',(0.0380554436676406,0.0969892710469197,0.009200050752));
#5055=CARTESIAN_POINT('',(0.0420337615053907,0.0969892710299771,0.00920005075200001));
#5056=CARTESIAN_POINT('',(0.0340771258299093,0.0969892710469197,0.00920005075199998));
#5057=CARTESIAN_POINT('',(0.0340771258299093,0.0969892710469197,0.014200050752));
#5058=CARTESIAN_POINT('',(0.0340771258299093,0.0969892710469197,0.014200050752));
#5059=CARTESIAN_POINT('',(0.0380554436676406,0.0969892710469197,0.014200050752));
#5060=CARTESIAN_POINT('',(0.0420337615053907,0.0969892710299771,0.014200050752));
#5061=CARTESIAN_POINT('',(0.0420337615053907,0.0969892710299771,0.014200050752));
#5062=CARTESIAN_POINT('',(0.0340771258303664,0.0969892710463129,0.014200050752));
#5063=CARTESIAN_POINT('',(0.0340771258303665,0.0969892710463129,0.00920005075199997));
#5064=CARTESIAN_POINT('',(0.0343302857708471,0.0966530807075708,0.014200050752));
#5065=CARTESIAN_POINT('',(0.0343302857708471,0.0966530807075708,0.00920005075199998));
#5066=CARTESIAN_POINT('',(0.0348814437567205,0.0960135113475339,0.014200050752));
#5067=CARTESIAN_POINT('',(0.0348814437567205,0.0960135113475339,0.00920005075199999));
#5068=CARTESIAN_POINT('',(0.035900551855499,0.0951956693500522,0.014200050752));
#5069=CARTESIAN_POINT('',(0.0359005518554991,0.0951956693500522,0.00920005075199999));
#5070=CARTESIAN_POINT('',(0.0366272379782697,0.094711403583395,0.014200050752));
#5071=CARTESIAN_POINT('',(0.0366272379782697,0.094711403583395,0.00920005075199998));
#5072=CARTESIAN_POINT('',(0.0369151916951277,0.0944886620414404,0.014200050752));
#5073=CARTESIAN_POINT('',(0.0369151916951277,0.0944886620414404,0.00920005075199999));
#5074=CARTESIAN_POINT('',(0.0369196298455842,0.0944328390032497,0.014200050752));
#5075=CARTESIAN_POINT('',(0.0369196298455842,0.0944328390032497,0.00920005075199998));
#5076=CARTESIAN_POINT('',(0.0367336674365009,0.0944106418002946,0.014200050752));
#5077=CARTESIAN_POINT('',(0.0367336674365009,0.0944106418002946,0.00920005075199999));
#5078=CARTESIAN_POINT('',(0.0363748996776922,0.0941830347316343,0.014200050752));
#5079=CARTESIAN_POINT('',(0.0363748996776922,0.0941830347316343,0.00920005075199999));
#5080=CARTESIAN_POINT('',(0.0357696876718865,0.0935821148071027,0.014200050752));
#5081=CARTESIAN_POINT('',(0.0357696876718865,0.0935821148071027,0.00920005075199998));
#5082=CARTESIAN_POINT('',(0.0349780632587393,0.092501097290853,0.014200050752));
#5083=CARTESIAN_POINT('',(0.0349780632587393,0.092501097290853,0.00920005075199999));
#5084=CARTESIAN_POINT('',(0.0345379718482695,0.0916429465214042,0.014200050752));
#5085=CARTESIAN_POINT('',(0.0345379718482695,0.0916429465214042,0.00920005075199999));
#5086=CARTESIAN_POINT('',(0.0343615606715971,0.0912017170776562,0.014200050752));
#5087=CARTESIAN_POINT('',(0.0343615606715971,0.0912017170776562,0.00920005075199999));
#5088=CARTESIAN_POINT('',(0.0340771258303664,0.0969892710463129,0.00920005075199998));
#5089=CARTESIAN_POINT('',(0.0343931768454004,0.0965695628665656,0.00920005075199998));
#5090=CARTESIAN_POINT('',(0.0354593326581752,0.0953860314943445,0.00920005075199999));
#5091=CARTESIAN_POINT('',(0.0371858044618003,0.0944084237997647,0.00920005075199999));
#5092=CARTESIAN_POINT('',(0.0365010912495713,0.0944601864245277,0.00920005075199999));
#5093=CARTESIAN_POINT('',(0.0351112899408738,0.0929122760597569,0.00920005075199999));
#5094=CARTESIAN_POINT('',(0.0344371120607637,0.0913906818476054,0.00920005075199998));
#5095=CARTESIAN_POINT('',(0.0343615606715971,0.0912017170776562,0.00920005075199998));
#5096=CARTESIAN_POINT('',(0.03436156066926,0.0912017170718108,0.00920005075199998));
#5097=CARTESIAN_POINT('',(0.03436156066926,0.0912017170718108,0.014200050752));
#5098=CARTESIAN_POINT('',(0.03436156066926,0.0912017170718108,0.014200050752));
#5099=CARTESIAN_POINT('',(0.0340771258303664,0.0969892710463129,0.014200050752));
#5100=CARTESIAN_POINT('',(0.0343931768454004,0.0965695628665656,0.014200050752));
#5101=CARTESIAN_POINT('',(0.0354593326581752,0.0953860314943445,0.014200050752));
#5102=CARTESIAN_POINT('',(0.0371858044618002,0.0944084237997647,0.014200050752));
#5103=CARTESIAN_POINT('',(0.0365010912495713,0.0944601864245277,0.014200050752));
#5104=CARTESIAN_POINT('',(0.0351112899408738,0.0929122760597569,0.014200050752));
#5105=CARTESIAN_POINT('',(0.0344371120607637,0.0913906818476054,0.014200050752));
#5106=CARTESIAN_POINT('',(0.0343615606715971,0.0912017170776562,0.014200050752));
#5107=CARTESIAN_POINT('',(0.0369325688076095,0.0912017170718108,0.014200050752));
#5108=CARTESIAN_POINT('',(0.0369325688076095,0.0912017170718108,0.00920005075199999));
#5109=CARTESIAN_POINT('',(0.0395035769459446,0.0912017170526497,0.009200050752));
#5110=CARTESIAN_POINT('',(0.0395035769459445,0.0912017170526497,0.014200050752));
#5111=CARTESIAN_POINT('',(0.0395035769459445,0.0912017170526497,0.014200050752));
#5112=CARTESIAN_POINT('',(0.0369325688076095,0.0912017170718108,0.014200050752));
#5113=CARTESIAN_POINT('',(0.0420337615053907,0.0969892710299771,0.014200050752));
#5114=CARTESIAN_POINT('',(0.0420337615053907,0.0969892710299771,0.00920005075200001));
#5115=CARTESIAN_POINT('',(0.0424858154534539,0.0952340552583904,0.014200050752));
#5116=CARTESIAN_POINT('',(0.042485815453454,0.0952340552583904,0.00920005075200001));
#5117=CARTESIAN_POINT('',(0.0406579529664744,0.0932599891890676,0.014200050752));
#5118=CARTESIAN_POINT('',(0.0406579529664744,0.0932599891890676,0.00920005075200001));
#5119=CARTESIAN_POINT('',(0.0395035769459445,0.0912017170526497,0.014200050752));
#5120=CARTESIAN_POINT('',(0.0395035769459446,0.0912017170526497,0.00920005075200001));
#5121=CARTESIAN_POINT('',(0.0420337615053907,0.0969892710299771,0.00920005075200001));
#5122=CARTESIAN_POINT('',(0.042485815453454,0.0952340552583904,0.00920005075200001));
#5123=CARTESIAN_POINT('',(0.0406579529664745,0.0932599891890676,0.00920005075200001));
#5124=CARTESIAN_POINT('',(0.0395035769459446,0.0912017170526497,0.009200050752));
#5125=CARTESIAN_POINT('',(0.0420337615053907,0.0969892710299771,0.014200050752));
#5126=CARTESIAN_POINT('',(0.042485815453454,0.0952340552583904,0.014200050752));
#5127=CARTESIAN_POINT('',(0.0406579529664744,0.0932599891890676,0.014200050752));
#5128=CARTESIAN_POINT('',(0.0395035769459445,0.0912017170526497,0.014200050752));
#5129=CARTESIAN_POINT('',(0.051191918354837,0.106515864840706,0.014200050752));
#5130=CARTESIAN_POINT('',(0.051191918354837,0.106515864840706,0.00920005075200004));
#5131=CARTESIAN_POINT('',(0.,0.,0.));
#5132=CARTESIAN_POINT('',(0.0601864731515112,0.105288920526219,0.0142000507520001));
#5133=CARTESIAN_POINT('',(0.0601864731515112,0.105288920526219,0.00920005075200007));
#5134=CARTESIAN_POINT('',(0.0601864731515112,0.110758920526218,0.00920005075200007));
#5135=CARTESIAN_POINT('',(0.0601864731515112,0.0998189205262208,0.00920005075200007));
#5136=CARTESIAN_POINT('',(0.0601864731515112,0.0998189205262208,0.0142000507520001));
#5137=CARTESIAN_POINT('',(0.0601864731515112,0.0998189205262208,0.0142000507520001));
#5138=CARTESIAN_POINT('',(0.0601864731515112,0.105288920526219,0.0142000507520001));
#5139=CARTESIAN_POINT('',(0.0601864731515112,0.110758920526218,0.0142000507520001));
#5140=CARTESIAN_POINT('',(0.0601864731515112,0.110758920526218,0.0142000507520001));
#5141=CARTESIAN_POINT('',(0.0624379325791096,0.0998189205262208,0.0142000507520001));
#5142=CARTESIAN_POINT('',(0.0624379325791096,0.0998189205262208,0.00920005075200008));
#5143=CARTESIAN_POINT('',(0.0646893919913244,0.0998189205128598,0.00920005075200009));
#5144=CARTESIAN_POINT('',(0.0646893919913244,0.0998189205128598,0.0142000507520001));
#5145=CARTESIAN_POINT('',(0.0646893919913244,0.0998189205128598,0.0142000507520001));
#5146=CARTESIAN_POINT('',(0.0624379325791096,0.0998189205262208,0.0142000507520001));
#5147=CARTESIAN_POINT('',(0.0646893919913244,0.0998189205128598,0.0142000507520001));
#5148=CARTESIAN_POINT('',(0.0646893919913244,0.0998189205128598,0.00920005075200009));
#5149=CARTESIAN_POINT('',(0.0650901969453131,0.100131141074817,0.0142000507520001));
#5150=CARTESIAN_POINT('',(0.0650901969453131,0.100131141074817,0.00920005075200009));
#5151=CARTESIAN_POINT('',(0.0657665485030894,0.100790323500884,0.0142000507520001));
#5152=CARTESIAN_POINT('',(0.0657665485030894,0.100790323500884,0.00920005075200009));
#5153=CARTESIAN_POINT('',(0.0660165255416253,0.101976985318465,0.0142000507520001));
#5154=CARTESIAN_POINT('',(0.0660165255416253,0.101976985318465,0.00920005075200009));
#5155=CARTESIAN_POINT('',(0.065514893801649,0.10336032158127,0.0142000507520001));
#5156=CARTESIAN_POINT('',(0.065514893801649,0.10336032158127,0.00920005075200008));
#5157=CARTESIAN_POINT('',(0.0642935215271096,0.105363200459824,0.0142000507520001));
#5158=CARTESIAN_POINT('',(0.0642935215271096,0.105363200459824,0.00920005075200008));
#5159=CARTESIAN_POINT('',(0.0627844341899002,0.107479828973701,0.0142000507520001));
#5160=CARTESIAN_POINT('',(0.0627844341899002,0.107479828973701,0.00920005075200007));
#5161=CARTESIAN_POINT('',(0.0621093824977327,0.109451829291197,0.0142000507520001));
#5162=CARTESIAN_POINT('',(0.0621093824977327,0.109451829291197,0.00920005075200008));
#5163=CARTESIAN_POINT('',(0.0622573088983774,0.110343003379432,0.0142000507520001));
#5164=CARTESIAN_POINT('',(0.0622573088983774,0.110343003379432,0.00920005075200007));
#5165=CARTESIAN_POINT('',(0.0624724787290889,0.110758920527264,0.0142000507520001));
#5166=CARTESIAN_POINT('',(0.0624724787290889,0.110758920527264,0.00920005075200007));
#5167=CARTESIAN_POINT('',(0.0646893919913244,0.0998189205128598,0.00920005075200009));
#5168=CARTESIAN_POINT('',(0.0652777144435499,0.100277214166213,0.00920005075200009));
#5169=CARTESIAN_POINT('',(0.0675674441266582,0.102844854199177,0.0092000507520001));
#5170=CARTESIAN_POINT('',(0.0613299420388381,0.107786846615752,0.00920005075200008));
#5171=CARTESIAN_POINT('',(0.0623797833994872,0.110579743098078,0.00920005075200008));
#5172=CARTESIAN_POINT('',(0.0624724787290889,0.110758920527264,0.00920005075200008));
#5173=CARTESIAN_POINT('',(0.0624724787290889,0.110758920527264,0.00920005075200008));
#5174=CARTESIAN_POINT('',(0.0624724787290889,0.110758920527264,0.0142000507520001));
#5175=CARTESIAN_POINT('',(0.0624724787290889,0.110758920527264,0.0142000507520001));
#5176=CARTESIAN_POINT('',(0.0646893919913244,0.0998189205128598,0.0142000507520001));
#5177=CARTESIAN_POINT('',(0.0652777144435499,0.100277214166213,0.0142000507520001));
#5178=CARTESIAN_POINT('',(0.0675674441266582,0.102844854199177,0.0142000507520001));
#5179=CARTESIAN_POINT('',(0.0613299420388381,0.107786846615752,0.0142000507520001));
#5180=CARTESIAN_POINT('',(0.0623797833994872,0.110579743098078,0.0142000507520001));
#5181=CARTESIAN_POINT('',(0.0624724787290889,0.110758920527264,0.0142000507520001));
#5182=CARTESIAN_POINT('',(0.0613294759403025,0.110758920526218,0.0142000507520001));
#5183=CARTESIAN_POINT('',(0.0613294759403025,0.110758920526218,0.00920005075200008));
#5184=CARTESIAN_POINT('',(0.0613294759403025,0.110758920526218,0.0142000507520001));
#5185=CARTESIAN_POINT('',(0.051191918354837,0.106515864840706,0.014200050752));
#5186=CARTESIAN_POINT('',(0.051191918354837,0.106515864840706,0.00920005075200004));
#5187=CARTESIAN_POINT('',(0.,0.,0.));
#5188=CARTESIAN_POINT('',(0.0604938435700853,0.121721166206687,0.00920005075200007));
#5189=CARTESIAN_POINT('',(0.0604938435700853,0.121721166206687,0.00820005075200007));
#5190=CARTESIAN_POINT('',(0.0607498026339993,0.12207001531385,0.00920005075200008));
#5191=CARTESIAN_POINT('',(0.0607498026339993,0.12207001531385,0.00820005075200008));
#5192=CARTESIAN_POINT('',(0.0612914278813731,0.122714790344809,0.00920005075200008));
#5193=CARTESIAN_POINT('',(0.0612914278813731,0.122714790344809,0.00820005075200008));
#5194=CARTESIAN_POINT('',(0.0622395529444576,0.123533242168471,0.00920005075200008));
#5195=CARTESIAN_POINT('',(0.0622395529444576,0.123533242168471,0.00820005075200008));
#5196=CARTESIAN_POINT('',(0.0633412408566161,0.124209002792529,0.00920005075200009));
#5197=CARTESIAN_POINT('',(0.0633412408566161,0.124209002792529,0.00820005075200009));
#5198=CARTESIAN_POINT('',(0.0644358609109627,0.124736444417196,0.00920005075200009));
#5199=CARTESIAN_POINT('',(0.0644358609109627,0.124736444417196,0.00820005075200009));
#5200=CARTESIAN_POINT('',(0.0655548090170125,0.12510556175145,0.0092000507520001));
#5201=CARTESIAN_POINT('',(0.0655548090170125,0.12510556175145,0.0082000507520001));
#5202=CARTESIAN_POINT('',(0.0670313544708404,0.125298173763552,0.0092000507520001));
#5203=CARTESIAN_POINT('',(0.0670313544708404,0.125298173763552,0.0082000507520001));
#5204=CARTESIAN_POINT('',(0.0687003172024264,0.125299559516186,0.0092000507520001));
#5205=CARTESIAN_POINT('',(0.0687003172024264,0.125299559516186,0.0082000507520001));
#5206=CARTESIAN_POINT('',(0.0701647120594667,0.125098571197545,0.00920005075200011));
#5207=CARTESIAN_POINT('',(0.0701647120594667,0.125098571197545,0.00820005075200011));
#5208=CARTESIAN_POINT('',(0.0713550951591551,0.124668596150914,0.00920005075200012));
#5209=CARTESIAN_POINT('',(0.0713550951591551,0.124668596150914,0.00820005075200012));
#5210=CARTESIAN_POINT('',(0.0724994216455015,0.123950502620446,0.00920005075200012));
#5211=CARTESIAN_POINT('',(0.0724994216455015,0.123950502620446,0.00820005075200012));
#5212=CARTESIAN_POINT('',(0.0735805524734174,0.122970810225007,0.00920005075200012));
#5213=CARTESIAN_POINT('',(0.0735805524734174,0.122970810225007,0.00820005075200012));
#5214=CARTESIAN_POINT('',(0.0744790799255648,0.12179204420637,0.00920005075200012));
#5215=CARTESIAN_POINT('',(0.0744790799255648,0.12179204420637,0.00820005075200013));
#5216=CARTESIAN_POINT('',(0.0751853299023858,0.120503439856958,0.00920005075200012));
#5217=CARTESIAN_POINT('',(0.0751853299023858,0.120503439856958,0.00820005075200012));
#5218=CARTESIAN_POINT('',(0.0757408146340207,0.119257599714777,0.00920005075200013));
#5219=CARTESIAN_POINT('',(0.0757408146340207,0.119257599714777,0.00820005075200013));
#5220=CARTESIAN_POINT('',(0.0761275168625506,0.117996181635102,0.00920005075200013));
#5221=CARTESIAN_POINT('',(0.0761275168625506,0.117996181635102,0.00820005075200013));
#5222=CARTESIAN_POINT('',(0.0762450732180866,0.116988560844701,0.00920005075200013));
#5223=CARTESIAN_POINT('',(0.0762450732180866,0.116988560844701,0.00820005075200013));
#5224=CARTESIAN_POINT('',(0.076258827688538,0.116459233680136,0.00920005075200013));
#5225=CARTESIAN_POINT('',(0.076258827688538,0.116459233680136,0.00820005075200013));
#5226=CARTESIAN_POINT('',(0.0604938435700853,0.121721166206687,0.00820005075200008));
#5227=CARTESIAN_POINT('',(0.0609484016049621,0.122340687790317,0.00820005075200008));
#5228=CARTESIAN_POINT('',(0.0619526262442253,0.123412155278437,0.00820005075200008));
#5229=CARTESIAN_POINT('',(0.0639598153283167,0.124565966574888,0.00820005075200009));
#5230=CARTESIAN_POINT('',(0.0659738598686806,0.125300636289893,0.0082000507520001));
#5231=CARTESIAN_POINT('',(0.069466642766269,0.125357873822538,0.00820005075200011));
#5232=CARTESIAN_POINT('',(0.0718183556735786,0.124554073721107,0.00820005075200012));
#5233=CARTESIAN_POINT('',(0.0740370737416473,0.122650643742436,0.00820005075200012));
#5234=CARTESIAN_POINT('',(0.0754679948524629,0.120023999692342,0.00820005075200013));
#5235=CARTESIAN_POINT('',(0.0761312454991995,0.118172245181575,0.00820005075200013));
#5236=CARTESIAN_POINT('',(0.0762493584872147,0.116823646509032,0.00820005075200013));
#5237=CARTESIAN_POINT('',(0.076258827688538,0.116459233680136,0.00820005075200013));
#5238=CARTESIAN_POINT('',(0.0604938435700853,0.121721166206687,0.00820005075200008));
#5239=CARTESIAN_POINT('',(0.076258827688538,0.116459233680136,0.00820005075200013));
#5240=CARTESIAN_POINT('',(0.0604938435700853,0.121721166206687,0.00920005075200007));
#5241=CARTESIAN_POINT('',(0.0604938435700853,0.121721166206687,0.00920005075200007));
#5242=CARTESIAN_POINT('',(0.0604938435700853,0.121721166206687,0.00920005075200007));
#5243=CARTESIAN_POINT('',(0.0609484016049621,0.122340687790317,0.00920005075200008));
#5244=CARTESIAN_POINT('',(0.0619526262442253,0.123412155278437,0.00920005075200008));
#5245=CARTESIAN_POINT('',(0.0639598153283167,0.124565966574888,0.00920005075200009));
#5246=CARTESIAN_POINT('',(0.0659738598686806,0.125300636289893,0.0092000507520001));
#5247=CARTESIAN_POINT('',(0.069466642766269,0.125357873822538,0.00920005075200011));
#5248=CARTESIAN_POINT('',(0.0718183556735786,0.124554073721107,0.00920005075200012));
#5249=CARTESIAN_POINT('',(0.0740370737416473,0.122650643742436,0.00920005075200012));
#5250=CARTESIAN_POINT('',(0.0754679948524629,0.120023999692342,0.00920005075200013));
#5251=CARTESIAN_POINT('',(0.0761312454991995,0.118172245181575,0.00920005075200013));
#5252=CARTESIAN_POINT('',(0.0762493584872147,0.116823646509032,0.00920005075200013));
#5253=CARTESIAN_POINT('',(0.076258827688538,0.116459233680136,0.00920005075200013));
#5254=CARTESIAN_POINT('',(0.076258827688538,0.116459233680136,0.00920005075200013));
#5255=CARTESIAN_POINT('',(0.076258827688538,0.116459233680136,0.00920005075200013));
#5256=CARTESIAN_POINT('',(0.060491496146353,0.121670363049141,0.00920005075477093));
#5257=CARTESIAN_POINT('',(0.060491496146353,0.121670363049141,0.00820005075200007));
#5258=CARTESIAN_POINT('',(0.0604887940985187,0.121615836434617,0.00820005075200008));
#5259=CARTESIAN_POINT('',(0.0604887940985187,0.121615836434617,0.00920005075200007));
#5260=CARTESIAN_POINT('',(0.0604887940985187,0.121615836434617,0.00920005075200007));
#5261=CARTESIAN_POINT('',(0.060491496146353,0.121670363049141,0.00920005075200007));
#5262=CARTESIAN_POINT('',(0.0563971018485717,0.123732381442829,0.00920005075200006));
#5263=CARTESIAN_POINT('',(0.0563971018485717,0.123732381442829,0.00820005075200006));
#5264=CARTESIAN_POINT('',(0.0568138000059108,0.123556075964959,0.00920005075200006));
#5265=CARTESIAN_POINT('',(0.0568138000059108,0.123556075964959,0.00820005075200006));
#5266=CARTESIAN_POINT('',(0.0577293941205056,0.12310545163637,0.00920005075200006));
#5267=CARTESIAN_POINT('',(0.0577293941205056,0.12310545163637,0.00820005075200007));
#5268=CARTESIAN_POINT('',(0.0591409285799617,0.122221244088124,0.00920005075200007));
#5269=CARTESIAN_POINT('',(0.0591409285799617,0.122221244088124,0.00820005075200007));
#5270=CARTESIAN_POINT('',(0.0600395144446389,0.121668624226939,0.00920005075200007));
#5271=CARTESIAN_POINT('',(0.0600395144446389,0.121668624226939,0.00820005075200007));
#5272=CARTESIAN_POINT('',(0.0604116780294596,0.12153168690099,0.00920005075200007));
#5273=CARTESIAN_POINT('',(0.0604116780294596,0.12153168690099,0.00820005075200007));
#5274=CARTESIAN_POINT('',(0.0604624941933858,0.121588407201164,0.00920005075200007));
#5275=CARTESIAN_POINT('',(0.0604624941933858,0.121588407201164,0.00820005075200007));
#5276=CARTESIAN_POINT('',(0.0604887940985187,0.121615836434617,0.00920005075200007));
#5277=CARTESIAN_POINT('',(0.0604887940985187,0.121615836434617,0.00820005075200007));
#5278=CARTESIAN_POINT('',(0.0563971018485717,0.123732381442829,0.00820005075200006));
#5279=CARTESIAN_POINT('',(0.0566790064841532,0.123613107261711,0.00820005075200006));
#5280=CARTESIAN_POINT('',(0.0582021709573783,0.122911400523171,0.00820005075200007));
#5281=CARTESIAN_POINT('',(0.0602847724712597,0.121403054042852,0.00820005075200007));
#5282=CARTESIAN_POINT('',(0.0604598292159585,0.121585627788553,0.00820005075200008));
#5283=CARTESIAN_POINT('',(0.0604887940985187,0.121615836434617,0.00820005075200008));
#5284=CARTESIAN_POINT('',(0.0563971018542025,0.123732381440446,0.00820005075200006));
#5285=CARTESIAN_POINT('',(0.0563971018542025,0.123732381440446,0.00920005075200006));
#5286=CARTESIAN_POINT('',(0.0563971018542025,0.123732381440446,0.00920005075200006));
#5287=CARTESIAN_POINT('',(0.0563971018485717,0.123732381442829,0.00920005075200006));
#5288=CARTESIAN_POINT('',(0.0566790064841532,0.123613107261711,0.00920005075200006));
#5289=CARTESIAN_POINT('',(0.0582021709573783,0.122911400523171,0.00920005075200007));
#5290=CARTESIAN_POINT('',(0.0602847724712597,0.121403054042852,0.00920005075200007));
#5291=CARTESIAN_POINT('',(0.0604598292159585,0.121585627788553,0.00920005075200007));
#5292=CARTESIAN_POINT('',(0.0604887940985187,0.121615836434617,0.00920005075200007));
#5293=CARTESIAN_POINT('',(0.0563971018542025,0.122004799127235,0.00920005075200006));
#5294=CARTESIAN_POINT('',(0.0563971018542025,0.122004799127235,0.00820005075200006));
#5295=CARTESIAN_POINT('',(0.0563971018729027,0.120277216806495,0.00820005075200006));
#5296=CARTESIAN_POINT('',(0.0563971018729027,0.120277216806495,0.00920005075200006));
#5297=CARTESIAN_POINT('',(0.0563971018729027,0.120277216806495,0.00920005075200006));
#5298=CARTESIAN_POINT('',(0.0563971018542025,0.122004799127235,0.00920005075200006));
#5299=CARTESIAN_POINT('',(0.071258827688929,0.116459233665089,0.00920005075200011));
#5300=CARTESIAN_POINT('',(0.071258827688929,0.116459233665089,0.00820005075200012));
#5301=CARTESIAN_POINT('',(0.0716227175533711,0.116864549268064,0.00920005075200011));
#5302=CARTESIAN_POINT('',(0.0716227175533711,0.116864549268064,0.00820005075200012));
#5303=CARTESIAN_POINT('',(0.0717856194470472,0.11768802451671,0.00920005075200012));
#5304=CARTESIAN_POINT('',(0.0717856194470472,0.11768802451671,0.00820005075200013));
#5305=CARTESIAN_POINT('',(0.0711181657950351,0.118981975200887,0.00920005075200011));
#5306=CARTESIAN_POINT('',(0.0711181657950351,0.118981975200887,0.00820005075200012));
#5307=CARTESIAN_POINT('',(0.0704163196856022,0.120399169918153,0.00920005075200011));
#5308=CARTESIAN_POINT('',(0.0704163196856022,0.120399169918153,0.00820005075200012));
#5309=CARTESIAN_POINT('',(0.0696544130383875,0.121527681130662,0.00920005075200011));
#5310=CARTESIAN_POINT('',(0.0696544130383875,0.121527681130662,0.00820005075200011));
#5311=CARTESIAN_POINT('',(0.0686171482155306,0.121734105872585,0.00920005075200011));
#5312=CARTESIAN_POINT('',(0.0686171482155306,0.121734105872585,0.00820005075200011));
#5313=CARTESIAN_POINT('',(0.0673395572037609,0.121165432734805,0.0092000507520001));
#5314=CARTESIAN_POINT('',(0.0673395572037609,0.121165432734805,0.0082000507520001));
#5315=CARTESIAN_POINT('',(0.0659630676975082,0.120504089677164,0.0092000507520001));
#5316=CARTESIAN_POINT('',(0.0659630676975082,0.120504089677164,0.00820005075200011));
#5317=CARTESIAN_POINT('',(0.0646331775132544,0.119950482944364,0.00920005075200009));
#5318=CARTESIAN_POINT('',(0.0646331775132544,0.119950482944364,0.00820005075200009));
#5319=CARTESIAN_POINT('',(0.0635646350674733,0.119288955134477,0.00920005075200009));
#5320=CARTESIAN_POINT('',(0.0635646350674733,0.119288955134477,0.00820005075200009));
#5321=CARTESIAN_POINT('',(0.06287917387267,0.118439242021434,0.00920005075200009));
#5322=CARTESIAN_POINT('',(0.06287917387267,0.118439242021434,0.00820005075200009));
#5323=CARTESIAN_POINT('',(0.0620701275273978,0.117606804355847,0.00920005075200007));
#5324=CARTESIAN_POINT('',(0.0620701275273978,0.117606804355847,0.00820005075200008));
#5325=CARTESIAN_POINT('',(0.0608775054671441,0.117010837936903,0.00920005075200008));
#5326=CARTESIAN_POINT('',(0.0608775054671441,0.117010837936903,0.00820005075200008));
#5327=CARTESIAN_POINT('',(0.0597619583755197,0.117175492450824,0.00920005075200007));
#5328=CARTESIAN_POINT('',(0.0597619583755197,0.117175492450824,0.00820005075200008));
#5329=CARTESIAN_POINT('',(0.0588727999593893,0.118234591603329,0.00920005075200007));
#5330=CARTESIAN_POINT('',(0.0588727999593893,0.118234591603329,0.00820005075200007));
#5331=CARTESIAN_POINT('',(0.0578638415773356,0.119486227026833,0.00920005075200007));
#5332=CARTESIAN_POINT('',(0.0578638415773356,0.119486227026833,0.00820005075200007));
#5333=CARTESIAN_POINT('',(0.0569244948219178,0.120056811535582,0.00920005075200006));
#5334=CARTESIAN_POINT('',(0.0569244948219178,0.120056811535582,0.00820005075200007));
#5335=CARTESIAN_POINT('',(0.0563971018729027,0.120277216806495,0.00920005075200006));
#5336=CARTESIAN_POINT('',(0.0563971018729027,0.120277216806495,0.00820005075200007));
#5337=CARTESIAN_POINT('',(0.071258827688929,0.116459233665089,0.00820005075200011));
#5338=CARTESIAN_POINT('',(0.0720443074596164,0.117334133567478,0.00820005075200012));
#5339=CARTESIAN_POINT('',(0.0709553934008596,0.119164330588438,0.00820005075200011));
#5340=CARTESIAN_POINT('',(0.0695148396378783,0.122380311039088,0.00820005075200011));
#5341=CARTESIAN_POINT('',(0.0665638724859927,0.12067472511487,0.0082000507520001));
#5342=CARTESIAN_POINT('',(0.0635948538663498,0.119623460768926,0.00820005075200009));
#5343=CARTESIAN_POINT('',(0.0624866867965564,0.117721743279631,0.00820005075200008));
#5344=CARTESIAN_POINT('',(0.0597628173896491,0.116459565145092,0.00820005075200007));
#5345=CARTESIAN_POINT('',(0.0584659237536986,0.119141009200203,0.00820005075200007));
#5346=CARTESIAN_POINT('',(0.0568979490746045,0.120067905393851,0.00820005075200006));
#5347=CARTESIAN_POINT('',(0.0563971018729027,0.120277216806495,0.00820005075200006));
#5348=CARTESIAN_POINT('',(0.071258827688929,0.116459233665089,0.00820005075200011));
#5349=CARTESIAN_POINT('',(0.071258827688929,0.116459233665089,0.00920005075200011));
#5350=CARTESIAN_POINT('',(0.071258827688929,0.116459233665089,0.00920005075200011));
#5351=CARTESIAN_POINT('',(0.071258827688929,0.116459233665089,0.00920005075200011));
#5352=CARTESIAN_POINT('',(0.0720443074596164,0.117334133567478,0.00920005075200012));
#5353=CARTESIAN_POINT('',(0.0709553934008596,0.119164330588438,0.00920005075200011));
#5354=CARTESIAN_POINT('',(0.0695148396378783,0.122380311039088,0.00920005075200011));
#5355=CARTESIAN_POINT('',(0.0665638724859927,0.12067472511487,0.0092000507520001));
#5356=CARTESIAN_POINT('',(0.0635948538663498,0.119623460768926,0.00920005075200009));
#5357=CARTESIAN_POINT('',(0.0624866867965564,0.117721743279631,0.00920005075200008));
#5358=CARTESIAN_POINT('',(0.0597628173896491,0.116459565145092,0.00920005075200007));
#5359=CARTESIAN_POINT('',(0.0584659237536986,0.119141009200203,0.00920005075200007));
#5360=CARTESIAN_POINT('',(0.0568979490746045,0.120067905393851,0.00920005075200006));
#5361=CARTESIAN_POINT('',(0.0563971018729027,0.120277216806495,0.00920005075200006));
#5362=CARTESIAN_POINT('',(0.0624691298088301,0.11076538227181,0.00920005075200008));
#5363=CARTESIAN_POINT('',(0.0624691298088301,0.11076538227181,0.00820005075200008));
#5364=CARTESIAN_POINT('',(0.0637819741666865,0.113303072983659,0.00920005075200009));
#5365=CARTESIAN_POINT('',(0.0637819741666865,0.113303072983659,0.00820005075200009));
#5366=CARTESIAN_POINT('',(0.0698001520467808,0.114834500317958,0.00920005075200011));
#5367=CARTESIAN_POINT('',(0.0698001520467808,0.114834500317958,0.00820005075200011));
#5368=CARTESIAN_POINT('',(0.0712588276889289,0.116459233665089,0.00920005075200011));
#5369=CARTESIAN_POINT('',(0.0712588276889289,0.116459233665089,0.00820005075200011));
#5370=CARTESIAN_POINT('',(0.0624691298088301,0.11076538227181,0.00820005075200008));
#5371=CARTESIAN_POINT('',(0.0637819741666865,0.113303072983659,0.00820005075200009));
#5372=CARTESIAN_POINT('',(0.0698001520467808,0.114834500317958,0.00820005075200011));
#5373=CARTESIAN_POINT('',(0.0712588276889289,0.116459233665089,0.00820005075200011));
#5374=CARTESIAN_POINT('',(0.0624691298088301,0.11076538227181,0.00820005075200008));
#5375=CARTESIAN_POINT('',(0.0624691298088301,0.11076538227181,0.00920005075200008));
#5376=CARTESIAN_POINT('',(0.0624691298088301,0.11076538227181,0.00920005075200008));
#5377=CARTESIAN_POINT('',(0.0624691298088301,0.11076538227181,0.00920005075200008));
#5378=CARTESIAN_POINT('',(0.0637819741666865,0.113303072983659,0.00920005075200009));
#5379=CARTESIAN_POINT('',(0.0698001520467808,0.114834500317958,0.00920005075200011));
#5380=CARTESIAN_POINT('',(0.0712588276889289,0.116459233665089,0.00920005075200011));
#5381=CARTESIAN_POINT('',(0.068043818135431,0.110765382270764,0.0092000507520001));
#5382=CARTESIAN_POINT('',(0.068043818135431,0.110765382270764,0.0082000507520001));
#5383=CARTESIAN_POINT('',(0.073618506462027,0.110765382270764,0.00820005075200012));
#5384=CARTESIAN_POINT('',(0.073618506462027,0.110765382270764,0.00920005075200012));
#5385=CARTESIAN_POINT('',(0.073618506462027,0.110765382270764,0.00920005075200012));
#5386=CARTESIAN_POINT('',(0.068043818135431,0.110765382270764,0.0092000507520001));
#5387=CARTESIAN_POINT('',(0.076258827688538,0.116459233680136,0.00920005075200013));
#5388=CARTESIAN_POINT('',(0.076258827688538,0.116459233680136,0.00820005075200013));
#5389=CARTESIAN_POINT('',(0.0762734283157192,0.115897343012368,0.00920005075200013));
#5390=CARTESIAN_POINT('',(0.0762734283157192,0.115897343012368,0.00820005075200013));
#5391=CARTESIAN_POINT('',(0.0762023399910284,0.114726611183697,0.00920005075200013));
#5392=CARTESIAN_POINT('',(0.0762023399910284,0.114726611183697,0.00820005075200013));
#5393=CARTESIAN_POINT('',(0.0756826181271774,0.113146569089888,0.00920005075200013));
#5394=CARTESIAN_POINT('',(0.0756826181271774,0.113146569089888,0.00820005075200013));
#5395=CARTESIAN_POINT('',(0.07477480219874,0.111838228465538,0.00920005075200013));
#5396=CARTESIAN_POINT('',(0.07477480219874,0.111838228465538,0.00820005075200013));
#5397=CARTESIAN_POINT('',(0.0740458582267091,0.11110032972166,0.00920005075200012));
#5398=CARTESIAN_POINT('',(0.0740458582267091,0.11110032972166,0.00820005075200012));
#5399=CARTESIAN_POINT('',(0.073618506461018,0.110765382269973,0.00920005075200012));
#5400=CARTESIAN_POINT('',(0.073618506461018,0.110765382269973,0.00820005075200012));
#5401=CARTESIAN_POINT('',(0.076258827688538,0.116459233680136,0.00820005075200013));
#5402=CARTESIAN_POINT('',(0.0762798253229806,0.11565116052738,0.00820005075200013));
#5403=CARTESIAN_POINT('',(0.0760766225511986,0.113627586536211,0.00820005075200013));
#5404=CARTESIAN_POINT('',(0.074847854970845,0.111871077371026,0.00820005075200013));
#5405=CARTESIAN_POINT('',(0.0738679729941747,0.110960907797818,0.00820005075200012));
#5406=CARTESIAN_POINT('',(0.073618506461018,0.110765382269973,0.00820005075200012));
#5407=CARTESIAN_POINT('',(0.076258827688538,0.116459233680136,0.00920005075200013));
#5408=CARTESIAN_POINT('',(0.0762798253229806,0.11565116052738,0.00920005075200013));
#5409=CARTESIAN_POINT('',(0.0760766225511986,0.113627586536211,0.00920005075200013));
#5410=CARTESIAN_POINT('',(0.074847854970845,0.111871077371026,0.00920005075200013));
#5411=CARTESIAN_POINT('',(0.0738679729941747,0.110960907797818,0.00920005075200012));
#5412=CARTESIAN_POINT('',(0.073618506461018,0.110765382269973,0.00920005075200012));
#5413=CARTESIAN_POINT('',(0.0511902438947076,0.106522326585253,0.00920005075200004));
#5414=CARTESIAN_POINT('',(0.0511902438947076,0.106522326585253,0.00820005075200004));
#5415=CARTESIAN_POINT('',(0.,0.,0.));
#5416=CARTESIAN_POINT('',(0.0369325688076095,0.0912017170718108,0.014200050752));
#5417=CARTESIAN_POINT('',(0.0369325688076095,0.0912017170718108,0.00920005075199999));
#5418=CARTESIAN_POINT('',(0.03436156066926,0.0912017170718108,0.00920005075199998));
#5419=CARTESIAN_POINT('',(0.0395035769459446,0.0912017170526497,0.009200050752));
#5420=CARTESIAN_POINT('',(0.03436156066926,0.0912017170718108,0.014200050752));
#5421=CARTESIAN_POINT('',(0.03436156066926,0.0912017170718108,0.014200050752));
#5422=CARTESIAN_POINT('',(0.0369325688076095,0.0912017170718108,0.014200050752));
#5423=CARTESIAN_POINT('',(0.0395035769459445,0.0912017170526497,0.014200050752));
#5424=CARTESIAN_POINT('',(0.0395035769459445,0.0912017170526497,0.014200050752));
#5425=CARTESIAN_POINT('',(0.0343615606715971,0.0912017170776562,0.014200050752));
#5426=CARTESIAN_POINT('',(0.0343615606715971,0.0912017170776562,0.00920005075199999));
#5427=CARTESIAN_POINT('',(0.0339248488750483,0.0901094387611453,0.014200050752));
#5428=CARTESIAN_POINT('',(0.0339248488750483,0.0901094387611453,0.00920005075199999));
#5429=CARTESIAN_POINT('',(0.0336182347135165,0.0883425310242334,0.014200050752));
#5430=CARTESIAN_POINT('',(0.0336182347135165,0.0883425310242334,0.00920005075199999));
#5431=CARTESIAN_POINT('',(0.0339751844071694,0.0864866610851012,0.014200050752));
#5432=CARTESIAN_POINT('',(0.0339751844071694,0.0864866610851012,0.00920005075199998));
#5433=CARTESIAN_POINT('',(0.0344540742871778,0.0856476751950748,0.014200050752));
#5434=CARTESIAN_POINT('',(0.0344540742871778,0.0856476751950748,0.00920005075199999));
#5435=CARTESIAN_POINT('',(0.0348587087022337,0.0851798954068669,0.014200050752));
#5436=CARTESIAN_POINT('',(0.0348587087022337,0.0851798954068669,0.00920005075199999));
#5437=CARTESIAN_POINT('',(0.0351522855613534,0.08494395463292,0.014200050752));
#5438=CARTESIAN_POINT('',(0.0351522855613534,0.08494395463292,0.00920005075199999));
#5439=CARTESIAN_POINT('',(0.0353286092110996,0.0847492192344282,0.014200050752));
#5440=CARTESIAN_POINT('',(0.0353286092110996,0.0847492192344282,0.00920005075199999));
#5441=CARTESIAN_POINT('',(0.0352041035342659,0.0844075417775617,0.014200050752));
#5442=CARTESIAN_POINT('',(0.0352041035342659,0.0844075417775617,0.00920005075199999));
#5443=CARTESIAN_POINT('',(0.0344843231844219,0.0837781901705233,0.014200050752));
#5444=CARTESIAN_POINT('',(0.0344843231844219,0.0837781901705233,0.00920005075199998));
#5445=CARTESIAN_POINT('',(0.0336732205073334,0.0826610633798655,0.014200050752));
#5446=CARTESIAN_POINT('',(0.0336732205073334,0.0826610633798655,0.00920005075199998));
#5447=CARTESIAN_POINT('',(0.0332853333280504,0.0812828808753218,0.014200050752));
#5448=CARTESIAN_POINT('',(0.0332853333280504,0.0812828808753218,0.00920005075199997));
#5449=CARTESIAN_POINT('',(0.033182383598895,0.0799032620428056,0.014200050752));
#5450=CARTESIAN_POINT('',(0.033182383598895,0.0799032620428056,0.00920005075199998));
#5451=CARTESIAN_POINT('',(0.033333392642044,0.0787380256323915,0.014200050752));
#5452=CARTESIAN_POINT('',(0.0333333926420441,0.0787380256323915,0.00920005075199997));
#5453=CARTESIAN_POINT('',(0.0335963086839876,0.0778686757246159,0.014200050752));
#5454=CARTESIAN_POINT('',(0.0335963086839877,0.0778686757246159,0.00920005075199997));
#5455=CARTESIAN_POINT('',(0.0338532523115499,0.0771836022922489,0.014200050752));
#5456=CARTESIAN_POINT('',(0.0338532523115499,0.0771836022922489,0.00920005075199998));
#5457=CARTESIAN_POINT('',(0.0340048465139522,0.0767635991640662,0.014200050752));
#5458=CARTESIAN_POINT('',(0.0340048465139522,0.0767635991640662,0.00920005075199999));
#5459=CARTESIAN_POINT('',(0.0340402116151676,0.076564225065944,0.014200050752));
#5460=CARTESIAN_POINT('',(0.0340402116151676,0.076564225065944,0.00920005075199999));
#5461=CARTESIAN_POINT('',(0.0338562129886328,0.0766275189037563,0.014200050752));
#5462=CARTESIAN_POINT('',(0.0338562129886328,0.0766275189037563,0.00920005075199997));
#5463=CARTESIAN_POINT('',(0.0333024402138151,0.0764880606813052,0.014200050752));
#5464=CARTESIAN_POINT('',(0.0333024402138151,0.0764880606813052,0.00920005075199998));
#5465=CARTESIAN_POINT('',(0.0326091918668832,0.07619544636319,0.014200050752));
#5466=CARTESIAN_POINT('',(0.0326091918668833,0.07619544636319,0.00920005075199997));
#5467=CARTESIAN_POINT('',(0.0323125850270206,0.0760017170618208,0.014200050752));
#5468=CARTESIAN_POINT('',(0.0323125850270206,0.0760017170618208,0.00920005075199997));
#5469=CARTESIAN_POINT('',(0.0343615606715971,0.0912017170776562,0.00920005075199998));
#5470=CARTESIAN_POINT('',(0.0337942038781097,0.0897826770422167,0.00920005075199998));
#5471=CARTESIAN_POINT('',(0.033496160863436,0.0870285005039294,0.00920005075199998));
#5472=CARTESIAN_POINT('',(0.0347532423200457,0.085167630059405,0.00920005075199999));
#5473=CARTESIAN_POINT('',(0.0356443989038481,0.0846459081190994,0.00920005075199999));
#5474=CARTESIAN_POINT('',(0.0336325806274091,0.0832598602602359,0.00920005075199998));
#5475=CARTESIAN_POINT('',(0.0330067956158738,0.0799633654755373,0.00920005075199998));
#5476=CARTESIAN_POINT('',(0.0335595290387079,0.0778671871857687,0.00920005075199998));
#5477=CARTESIAN_POINT('',(0.034103229346696,0.07656768480274,0.00920005075199998));
#5478=CARTESIAN_POINT('',(0.0339071072479942,0.0766146496950615,0.00920005075199998));
#5479=CARTESIAN_POINT('',(0.0334046266007204,0.0765302963425603,0.00920005075199998));
#5480=CARTESIAN_POINT('',(0.0326431543689949,0.0762176290337242,0.00920005075199998));
#5481=CARTESIAN_POINT('',(0.0323125850270206,0.0760017170618208,0.00920005075199998));
#5482=CARTESIAN_POINT('',(0.0323125850274579,0.0760017170718118,0.00920005075199998));
#5483=CARTESIAN_POINT('',(0.0323125850274579,0.0760017170718118,0.014200050752));
#5484=CARTESIAN_POINT('',(0.0323125850274579,0.0760017170718118,0.014200050752));
#5485=CARTESIAN_POINT('',(0.0343615606715971,0.0912017170776562,0.014200050752));
#5486=CARTESIAN_POINT('',(0.0337942038781097,0.0897826770422167,0.014200050752));
#5487=CARTESIAN_POINT('',(0.033496160863436,0.0870285005039294,0.014200050752));
#5488=CARTESIAN_POINT('',(0.0347532423200457,0.085167630059405,0.014200050752));
#5489=CARTESIAN_POINT('',(0.0356443989038481,0.0846459081190994,0.014200050752));
#5490=CARTESIAN_POINT('',(0.0336325806274091,0.0832598602602359,0.014200050752));
#5491=CARTESIAN_POINT('',(0.0330067956158737,0.0799633654755373,0.014200050752));
#5492=CARTESIAN_POINT('',(0.0335595290387078,0.0778671871857687,0.014200050752));
#5493=CARTESIAN_POINT('',(0.034103229346696,0.07656768480274,0.014200050752));
#5494=CARTESIAN_POINT('',(0.0339071072479942,0.0766146496950615,0.014200050752));
#5495=CARTESIAN_POINT('',(0.0334046266007203,0.0765302963425603,0.014200050752));
#5496=CARTESIAN_POINT('',(0.0326431543689949,0.0762176290337242,0.014200050752));
#5497=CARTESIAN_POINT('',(0.0323125850270206,0.0760017170618208,0.014200050752));
#5498=CARTESIAN_POINT('',(0.0362559691190895,0.0760017170718118,0.014200050752));
#5499=CARTESIAN_POINT('',(0.0362559691190895,0.0760017170718118,0.00920005075199999));
#5500=CARTESIAN_POINT('',(0.0401993532102598,0.0760017170762285,0.00920005075200001));
#5501=CARTESIAN_POINT('',(0.0401993532102598,0.0760017170762285,0.014200050752));
#5502=CARTESIAN_POINT('',(0.0401993532102598,0.0760017170762285,0.014200050752));
#5503=CARTESIAN_POINT('',(0.0362559691190895,0.0760017170718118,0.014200050752));
#5504=CARTESIAN_POINT('',(0.0395035769459445,0.0912017170526498,0.014200050752));
#5505=CARTESIAN_POINT('',(0.0395035769459446,0.0912017170526498,0.009200050752));
#5506=CARTESIAN_POINT('',(0.039032404768521,0.0903616090228476,0.014200050752));
#5507=CARTESIAN_POINT('',(0.039032404768521,0.0903616090228476,0.009200050752));
#5508=CARTESIAN_POINT('',(0.0384951128190775,0.0890794330105136,0.014200050752));
#5509=CARTESIAN_POINT('',(0.0384951128190775,0.0890794330105136,0.00920005075200001));
#5510=CARTESIAN_POINT('',(0.0382772626664053,0.0875228236827424,0.014200050752));
#5511=CARTESIAN_POINT('',(0.0382772626664053,0.0875228236827424,0.009200050752));
#5512=CARTESIAN_POINT('',(0.038392753841777,0.0864777561813849,0.014200050752));
#5513=CARTESIAN_POINT('',(0.0383927538417771,0.0864777561813849,0.00920005075200001));
#5514=CARTESIAN_POINT('',(0.0388623409362295,0.08561586833098,0.014200050752));
#5515=CARTESIAN_POINT('',(0.0388623409362296,0.08561586833098,0.009200050752));
#5516=CARTESIAN_POINT('',(0.0395420333131819,0.0849260515136832,0.014200050752));
#5517=CARTESIAN_POINT('',(0.0395420333131819,0.0849260515136832,0.009200050752));
#5518=CARTESIAN_POINT('',(0.0400940359137188,0.0843279641365568,0.014200050752));
#5519=CARTESIAN_POINT('',(0.0400940359137188,0.0843279641365568,0.009200050752));
#5520=CARTESIAN_POINT('',(0.0401674340032202,0.0837539793441222,0.014200050752));
#5521=CARTESIAN_POINT('',(0.0401674340032203,0.0837539793441222,0.009200050752));
#5522=CARTESIAN_POINT('',(0.0396419847765715,0.0831416610934469,0.014200050752));
#5523=CARTESIAN_POINT('',(0.0396419847765715,0.0831416610934469,0.00920005075200001));
#5524=CARTESIAN_POINT('',(0.0388644892192228,0.0824454449229529,0.014200050752));
#5525=CARTESIAN_POINT('',(0.0388644892192228,0.0824454449229529,0.00920005075200001));
#5526=CARTESIAN_POINT('',(0.0380917682094359,0.0816205635302292,0.014200050752));
#5527=CARTESIAN_POINT('',(0.038091768209436,0.0816205635302292,0.00920005075200001));
#5528=CARTESIAN_POINT('',(0.0374794249985604,0.0802704848356786,0.014200050752));
#5529=CARTESIAN_POINT('',(0.0374794249985605,0.0802704848356786,0.009200050752));
#5530=CARTESIAN_POINT('',(0.0377014212747753,0.0782455170885158,0.014200050752));
#5531=CARTESIAN_POINT('',(0.0377014212747753,0.0782455170885158,0.009200050752));
#5532=CARTESIAN_POINT('',(0.0391237389008606,0.0766757539371334,0.014200050752));
#5533=CARTESIAN_POINT('',(0.0391237389008607,0.0766757539371334,0.009200050752));
#5534=CARTESIAN_POINT('',(0.0401993532102598,0.0760017170762285,0.014200050752));
#5535=CARTESIAN_POINT('',(0.0401993532102598,0.0760017170762285,0.009200050752));
#5536=CARTESIAN_POINT('',(0.0395035769459446,0.0912017170526498,0.009200050752));
#5537=CARTESIAN_POINT('',(0.0394994563157218,0.0911943698986711,0.009200050752));
#5538=CARTESIAN_POINT('',(0.0384430770067343,0.0893066211538567,0.009200050752));
#5539=CARTESIAN_POINT('',(0.037624538094994,0.0859754781424416,0.009200050752));
#5540=CARTESIAN_POINT('',(0.0413316094296595,0.0839091879907842,0.00920005075200001));
#5541=CARTESIAN_POINT('',(0.0368128118768073,0.0815562163047526,0.00920005075199999));
#5542=CARTESIAN_POINT('',(0.0376223601831102,0.0776573602878308,0.009200050752));
#5543=CARTESIAN_POINT('',(0.040143506068577,0.0760367138513192,0.00920005075200001));
#5544=CARTESIAN_POINT('',(0.0401993532102598,0.0760017170762285,0.00920005075200001));
#5545=CARTESIAN_POINT('',(0.0395035769459445,0.0912017170526498,0.014200050752));
#5546=CARTESIAN_POINT('',(0.0394994563157217,0.0911943698986711,0.014200050752));
#5547=CARTESIAN_POINT('',(0.0384430770067343,0.0893066211538567,0.014200050752));
#5548=CARTESIAN_POINT('',(0.037624538094994,0.0859754781424416,0.014200050752));
#5549=CARTESIAN_POINT('',(0.0413316094296595,0.0839091879907842,0.014200050752));
#5550=CARTESIAN_POINT('',(0.0368128118768073,0.0815562163047526,0.014200050752));
#5551=CARTESIAN_POINT('',(0.0376223601831102,0.0776573602878308,0.014200050752));
#5552=CARTESIAN_POINT('',(0.040143506068577,0.0760367138513192,0.014200050752));
#5553=CARTESIAN_POINT('',(0.0401993532102598,0.0760017170762285,0.014200050752));
#5554=CARTESIAN_POINT('',(0.051191918354837,0.106515864840706,0.014200050752));
#5555=CARTESIAN_POINT('',(0.051191918354837,0.106515864840706,0.00920005075200004));
#5556=CARTESIAN_POINT('',(0.,0.,0.));
#5557=CARTESIAN_POINT('',(0.0697892748403016,0.0998253822802747,0.00920005075200011));
#5558=CARTESIAN_POINT('',(0.0697892748403016,0.0998253822802747,0.00820005075200011));
#5559=CARTESIAN_POINT('',(0.0696234188732889,0.0993416813983411,0.00920005075200011));
#5560=CARTESIAN_POINT('',(0.0696234188732889,0.0993416813983411,0.00820005075200011));
#5561=CARTESIAN_POINT('',(0.0692094601733002,0.0983608588397495,0.00920005075200011));
#5562=CARTESIAN_POINT('',(0.0692094601733002,0.0983608588397495,0.00820005075200011));
#5563=CARTESIAN_POINT('',(0.0683309568321945,0.0969377614552812,0.0092000507520001));
#5564=CARTESIAN_POINT('',(0.0683309568321945,0.0969377614552812,0.00820005075200011));
#5565=CARTESIAN_POINT('',(0.0673672596277277,0.095895747495462,0.00920005075200009));
#5566=CARTESIAN_POINT('',(0.0673672596277277,0.095895747495462,0.0082000507520001));
#5567=CARTESIAN_POINT('',(0.066473688568835,0.0952084153210681,0.0092000507520001));
#5568=CARTESIAN_POINT('',(0.066473688568835,0.0952084153210681,0.0082000507520001));
#5569=CARTESIAN_POINT('',(0.0658843573326644,0.0948008613610816,0.00920005075200009));
#5570=CARTESIAN_POINT('',(0.0658843573326644,0.0948008613610816,0.0082000507520001));
#5571=CARTESIAN_POINT('',(0.0654881838263718,0.0945194886268639,0.00920005075200009));
#5572=CARTESIAN_POINT('',(0.0654881838263718,0.0945194886268639,0.00820005075200009));
#5573=CARTESIAN_POINT('',(0.065443321344362,0.0944368561337913,0.00920005075200009));
#5574=CARTESIAN_POINT('',(0.065443321344362,0.0944368561337913,0.00820005075200009));
#5575=CARTESIAN_POINT('',(0.0657309797188927,0.0943964605375868,0.0092000507520001));
#5576=CARTESIAN_POINT('',(0.0657309797188927,0.0943964605375868,0.0082000507520001));
#5577=CARTESIAN_POINT('',(0.0661349371491151,0.094067762675571,0.00920005075200009));
#5578=CARTESIAN_POINT('',(0.0661349371491151,0.094067762675571,0.0082000507520001));
#5579=CARTESIAN_POINT('',(0.0666259976926301,0.0935489130497914,0.0092000507520001));
#5580=CARTESIAN_POINT('',(0.0666259976926301,0.0935489130497914,0.0082000507520001));
#5581=CARTESIAN_POINT('',(0.0673170748739754,0.0926422325823939,0.0092000507520001));
#5582=CARTESIAN_POINT('',(0.0673170748739754,0.0926422325823939,0.0082000507520001));
#5583=CARTESIAN_POINT('',(0.0677879132991471,0.0917943533655838,0.0092000507520001));
#5584=CARTESIAN_POINT('',(0.0677879132991471,0.0917943533655838,0.0082000507520001));
#5585=CARTESIAN_POINT('',(0.0680222760380769,0.0912081788222024,0.0092000507520001));
#5586=CARTESIAN_POINT('',(0.0680222760380769,0.0912081788222024,0.0082000507520001));
#5587=CARTESIAN_POINT('',(0.0697892748403016,0.0998253822802747,0.00820005075200011));
#5588=CARTESIAN_POINT('',(0.0697356291046287,0.0996689303290768,0.00820005075200011));
#5589=CARTESIAN_POINT('',(0.0692137315499551,0.098255452213286,0.00820005075200011));
#5590=CARTESIAN_POINT('',(0.0677669235132839,0.0958695098609842,0.0082000507520001));
#5591=CARTESIAN_POINT('',(0.0651980322478738,0.0944148855443109,0.00820005075200009));
#5592=CARTESIAN_POINT('',(0.0658827454601028,0.094466648169074,0.0082000507520001));
#5593=CARTESIAN_POINT('',(0.0672725467688002,0.0929187378043031,0.0082000507520001));
#5594=CARTESIAN_POINT('',(0.0679467246489103,0.0913971435921517,0.0082000507520001));
#5595=CARTESIAN_POINT('',(0.0680222760380769,0.0912081788222024,0.0082000507520001));
#5596=CARTESIAN_POINT('',(0.0697892748370412,0.099825382270767,0.00820005075200011));
#5597=CARTESIAN_POINT('',(0.068022276040414,0.091208178816357,0.0082000507520001));
#5598=CARTESIAN_POINT('',(0.0697892748370412,0.099825382270767,0.00920005075200011));
#5599=CARTESIAN_POINT('',(0.0697892748370412,0.099825382270767,0.00920005075200011));
#5600=CARTESIAN_POINT('',(0.0697892748403016,0.0998253822802747,0.00920005075200011));
#5601=CARTESIAN_POINT('',(0.0697356291046287,0.0996689303290768,0.00920005075200011));
#5602=CARTESIAN_POINT('',(0.0692137315499551,0.098255452213286,0.00920005075200011));
#5603=CARTESIAN_POINT('',(0.0677669235132839,0.0958695098609842,0.0092000507520001));
#5604=CARTESIAN_POINT('',(0.0651980322478738,0.0944148855443109,0.00920005075200009));
#5605=CARTESIAN_POINT('',(0.0658827454601028,0.094466648169074,0.0092000507520001));
#5606=CARTESIAN_POINT('',(0.0672725467688002,0.0929187378043031,0.0092000507520001));
#5607=CARTESIAN_POINT('',(0.0679467246489103,0.0913971435921517,0.0092000507520001));
#5608=CARTESIAN_POINT('',(0.0680222760380769,0.0912081788222024,0.0092000507520001));
#5609=CARTESIAN_POINT('',(0.068022276040414,0.091208178816357,0.0092000507520001));
#5610=CARTESIAN_POINT('',(0.068022276040414,0.091208178816357,0.0092000507520001));
#5611=CARTESIAN_POINT('',(0.0672376589617452,0.099825382270767,0.0092000507520001));
#5612=CARTESIAN_POINT('',(0.0672376589617452,0.099825382270767,0.0082000507520001));
#5613=CARTESIAN_POINT('',(0.0646860430710657,0.0998253822574062,0.00820005075200009));
#5614=CARTESIAN_POINT('',(0.0646860430710657,0.0998253822574062,0.00920005075200009));
#5615=CARTESIAN_POINT('',(0.0646860430710657,0.0998253822574062,0.00920005075200009));
#5616=CARTESIAN_POINT('',(0.0672376589617452,0.099825382270767,0.0092000507520001));
#5617=CARTESIAN_POINT('',(0.0625678584672547,0.0912081788151024,0.00920005075200008));
#5618=CARTESIAN_POINT('',(0.0625678584672547,0.0912081788151024,0.00820005075200008));
#5619=CARTESIAN_POINT('',(0.061899581750871,0.0920946217713352,0.00920005075200008));
#5620=CARTESIAN_POINT('',(0.061899581750871,0.0920946217713352,0.00820005075200008));
#5621=CARTESIAN_POINT('',(0.0607358167355733,0.0934788043320601,0.00920005075200008));
#5622=CARTESIAN_POINT('',(0.0607358167355733,0.0934788043320601,0.00820005075200008));
#5623=CARTESIAN_POINT('',(0.059887164169129,0.0951817820983568,0.00920005075200007));
#5624=CARTESIAN_POINT('',(0.059887164169129,0.0951817820983568,0.00820005075200007));
#5625=CARTESIAN_POINT('',(0.0598901327414641,0.0966958213832621,0.00920005075200007));
#5626=CARTESIAN_POINT('',(0.0598901327414641,0.0966958213832621,0.00820005075200008));
#5627=CARTESIAN_POINT('',(0.0618527498751545,0.0981448054734878,0.00920005075200008));
#5628=CARTESIAN_POINT('',(0.0618527498751545,0.0981448054734878,0.00820005075200008));
#5629=CARTESIAN_POINT('',(0.0639081272124242,0.0992193984138358,0.00920005075200009));
#5630=CARTESIAN_POINT('',(0.0639081272124242,0.0992193984138358,0.00820005075200009));
#5631=CARTESIAN_POINT('',(0.0646860430710657,0.0998253822574062,0.00920005075200009));
#5632=CARTESIAN_POINT('',(0.0646860430710657,0.0998253822574062,0.00820005075200009));
#5633=CARTESIAN_POINT('',(0.0625678584672547,0.0912081788151024,0.00820005075200008));
#5634=CARTESIAN_POINT('',(0.0613040766885369,0.092884535971494,0.00820005075200008));
#5635=CARTESIAN_POINT('',(0.0578057980312636,0.0967080398537601,0.00820005075200007));
#5636=CARTESIAN_POINT('',(0.063045500600951,0.098547426267003,0.00820005075200008));
#5637=CARTESIAN_POINT('',(0.0646860430710657,0.0998253822574062,0.00820005075200009));
#5638=CARTESIAN_POINT('',(0.0625678584672547,0.0912081788151024,0.00820005075200008));
#5639=CARTESIAN_POINT('',(0.0625678584672547,0.0912081788151024,0.00920005075200008));
#5640=CARTESIAN_POINT('',(0.0625678584672547,0.0912081788151024,0.00920005075200008));
#5641=CARTESIAN_POINT('',(0.0625678584672547,0.0912081788151024,0.00920005075200008));
#5642=CARTESIAN_POINT('',(0.0613040766885369,0.092884535971494,0.00920005075200008));
#5643=CARTESIAN_POINT('',(0.0578057980312636,0.0967080398537601,0.00920005075200006));
#5644=CARTESIAN_POINT('',(0.063045500600951,0.098547426267003,0.00920005075200009));
#5645=CARTESIAN_POINT('',(0.0646860430710657,0.0998253822574062,0.00920005075200009));
#5646=CARTESIAN_POINT('',(0.0652950672538139,0.091208178816357,0.00920005075200009));
#5647=CARTESIAN_POINT('',(0.0652950672538139,0.091208178816357,0.00820005075200009));
#5648=CARTESIAN_POINT('',(0.0652950672538139,0.091208178816357,0.00920005075200009));
#5649=CARTESIAN_POINT('',(0.0511902438947076,0.106522326585253,0.00920005075200004));
#5650=CARTESIAN_POINT('',(0.0511902438947076,0.106522326585253,0.00820005075200004));
#5651=CARTESIAN_POINT('',(0.,0.,0.));
#5652=CARTESIAN_POINT('',(0.0418899931395888,0.121714704462141,0.014200050752));
#5653=CARTESIAN_POINT('',(0.0418899931395888,0.121714704462141,0.00920005075200001));
#5654=CARTESIAN_POINT('',(0.0421142652189323,0.121840215875373,0.014200050752));
#5655=CARTESIAN_POINT('',(0.0421142652189324,0.121840215875373,0.00920005075200001));
#5656=CARTESIAN_POINT('',(0.0425521688053366,0.122171169229586,0.014200050752));
#5657=CARTESIAN_POINT('',(0.0425521688053366,0.122171169229586,0.00920005075200001));
#5658=CARTESIAN_POINT('',(0.0431933273265505,0.122583030495068,0.014200050752));
#5659=CARTESIAN_POINT('',(0.0431933273265506,0.122583030495068,0.00920005075200002));
#5660=CARTESIAN_POINT('',(0.0441891381968786,0.123091823007625,0.014200050752));
#5661=CARTESIAN_POINT('',(0.0441891381968786,0.123091823007625,0.00920005075200003));
#5662=CARTESIAN_POINT('',(0.0450386557523112,0.123469506114329,0.014200050752));
#5663=CARTESIAN_POINT('',(0.0450386557523113,0.123469506114329,0.00920005075200003));
#5664=CARTESIAN_POINT('',(0.0454571018717342,0.123637500771331,0.014200050752));
#5665=CARTESIAN_POINT('',(0.0454571018717343,0.123637500771331,0.00920005075200003));
#5666=CARTESIAN_POINT('',(0.0418899931395888,0.121714704462141,0.00920005075200001));
#5667=CARTESIAN_POINT('',(0.042138841070267,0.121853969481446,0.00920005075200001));
#5668=CARTESIAN_POINT('',(0.0426413270854345,0.122242887269789,0.00920005075200001));
#5669=CARTESIAN_POINT('',(0.0435326851455297,0.122779450426313,0.00920005075200002));
#5670=CARTESIAN_POINT('',(0.0447596227138206,0.123357639910021,0.00920005075200002));
#5671=CARTESIAN_POINT('',(0.0454604507745242,0.123638844885953,0.00920005075200002));
#5672=CARTESIAN_POINT('',(0.0418899931395888,0.121714704462141,0.00920005075200001));
#5673=CARTESIAN_POINT('',(0.045457101854205,0.123637500763258,0.00920005075200002));
#5674=CARTESIAN_POINT('',(0.0418899931395888,0.121714704462141,0.014200050752));
#5675=CARTESIAN_POINT('',(0.0418899931395888,0.121714704462141,0.014200050752));
#5676=CARTESIAN_POINT('',(0.0418899931395888,0.121714704462141,0.014200050752));
#5677=CARTESIAN_POINT('',(0.042138841070267,0.121853969481446,0.014200050752));
#5678=CARTESIAN_POINT('',(0.0426413270854345,0.122242887269789,0.014200050752));
#5679=CARTESIAN_POINT('',(0.0435326851455297,0.122779450426313,0.014200050752));
#5680=CARTESIAN_POINT('',(0.0447596227138206,0.123357639910021,0.014200050752));
#5681=CARTESIAN_POINT('',(0.0454604507745242,0.123638844885953,0.014200050752));
#5682=CARTESIAN_POINT('',(0.0454571018542049,0.123637500763258,0.014200050752));
#5683=CARTESIAN_POINT('',(0.0454571018542049,0.123637500763258,0.014200050752));
#5684=CARTESIAN_POINT('',(0.0418899931395888,0.121714704462141,0.014200050752));
#5685=CARTESIAN_POINT('',(0.0418899931395888,0.121714704462141,0.00920005075200001));
#5686=CARTESIAN_POINT('',(0.0415990516945301,0.122111231398102,0.014200050752));
#5687=CARTESIAN_POINT('',(0.0415990516945301,0.122111231398102,0.00920005075200001));
#5688=CARTESIAN_POINT('',(0.0409803093194877,0.12283576110391,0.014200050752));
#5689=CARTESIAN_POINT('',(0.0409803093194877,0.12283576110391,0.00920005075200001));
#5690=CARTESIAN_POINT('',(0.0398607142021296,0.123732900369355,0.014200050752));
#5691=CARTESIAN_POINT('',(0.0398607142021296,0.123732900369355,0.00920005075200001));
#5692=CARTESIAN_POINT('',(0.0385775988275075,0.12444424981032,0.014200050752));
#5693=CARTESIAN_POINT('',(0.0385775988275076,0.12444424981032,0.00920005075200001));
#5694=CARTESIAN_POINT('',(0.0373736782198959,0.124960779289658,0.014200050752));
#5695=CARTESIAN_POINT('',(0.0373736782198959,0.124960779289658,0.00920005075200001));
#5696=CARTESIAN_POINT('',(0.035879655231242,0.125259918763812,0.014200050752));
#5697=CARTESIAN_POINT('',(0.0358796552312421,0.125259918763812,0.009200050752));
#5698=CARTESIAN_POINT('',(0.0339701465491252,0.125317172848635,0.014200050752));
#5699=CARTESIAN_POINT('',(0.0339701465491252,0.125317172848635,0.009200050752));
#5700=CARTESIAN_POINT('',(0.0322601981505167,0.125116172003258,0.014200050752));
#5701=CARTESIAN_POINT('',(0.0322601981505167,0.125116172003258,0.00920005075199998));
#5702=CARTESIAN_POINT('',(0.0309217640000199,0.124622456119755,0.014200050752));
#5703=CARTESIAN_POINT('',(0.0309217640000199,0.124622456119755,0.00920005075199997));
#5704=CARTESIAN_POINT('',(0.0296208858398122,0.123751128537323,0.014200050752));
#5705=CARTESIAN_POINT('',(0.0296208858398122,0.123751128537323,0.00920005075199997));
#5706=CARTESIAN_POINT('',(0.0284380567390308,0.122561182834801,0.014200050752));
#5707=CARTESIAN_POINT('',(0.0284380567390308,0.122561182834801,0.00920005075199997));
#5708=CARTESIAN_POINT('',(0.0275203039077366,0.121143016020977,0.014200050752));
#5709=CARTESIAN_POINT('',(0.0275203039077366,0.121143016020977,0.00920005075199997));
#5710=CARTESIAN_POINT('',(0.0268190253592217,0.119685450930613,0.014200050752));
#5711=CARTESIAN_POINT('',(0.0268190253592217,0.119685450930613,0.00920005075199997));
#5712=CARTESIAN_POINT('',(0.0263157278456193,0.118298491769546,0.014200050752));
#5713=CARTESIAN_POINT('',(0.0263157278456193,0.118298491769546,0.00920005075199998));
#5714=CARTESIAN_POINT('',(0.0260734033799412,0.116626754546888,0.014200050752));
#5715=CARTESIAN_POINT('',(0.0260734033799412,0.116626754546888,0.00920005075199997));
#5716=CARTESIAN_POINT('',(0.0261682748979148,0.114733504287319,0.014200050752));
#5717=CARTESIAN_POINT('',(0.0261682748979148,0.114733504287319,0.00920005075199997));
#5718=CARTESIAN_POINT('',(0.0265465690296677,0.113607540276804,0.014200050752));
#5719=CARTESIAN_POINT('',(0.0265465690296677,0.113607540276804,0.00920005075199997));
#5720=CARTESIAN_POINT('',(0.026809465671125,0.113099521869268,0.014200050752));
#5721=CARTESIAN_POINT('',(0.026809465671125,0.113099521869268,0.00920005075199997));
#5722=CARTESIAN_POINT('',(0.0418899931395888,0.121714704462141,0.00920005075200001));
#5723=CARTESIAN_POINT('',(0.041435435104712,0.12233422604577,0.00920005075200001));
#5724=CARTESIAN_POINT('',(0.0404312104654487,0.123405693533891,0.00920005075200001));
#5725=CARTESIAN_POINT('',(0.0384240213813574,0.124559504830342,0.009200050752));
#5726=CARTESIAN_POINT('',(0.0364099768409935,0.125294174545347,0.00920005075199999));
#5727=CARTESIAN_POINT('',(0.0329171939434051,0.125351412077991,0.00920005075199998));
#5728=CARTESIAN_POINT('',(0.0305654810360954,0.124547611976561,0.00920005075199997));
#5729=CARTESIAN_POINT('',(0.0283467629680268,0.12264418199789,0.00920005075199996));
#5730=CARTESIAN_POINT('',(0.0269158418572111,0.120017537947796,0.00920005075199996));
#5731=CARTESIAN_POINT('',(0.0260347919559208,0.117557701478804,0.00920005075199995));
#5732=CARTESIAN_POINT('',(0.0260995374467535,0.114327415527166,0.00920005075199996));
#5733=CARTESIAN_POINT('',(0.0269732960740455,0.112737286288896,0.00920005075199996));
#5734=CARTESIAN_POINT('',(0.0273833083325405,0.112189271040602,0.00920005075199996));
#5735=CARTESIAN_POINT('',(0.026809465739059,0.113099521653626,0.00920005075199996));
#5736=CARTESIAN_POINT('',(0.026809465739059,0.113099521653626,0.014200050752));
#5737=CARTESIAN_POINT('',(0.026809465739059,0.113099521653626,0.014200050752));
#5738=CARTESIAN_POINT('',(0.0418899931395888,0.121714704462141,0.014200050752));
#5739=CARTESIAN_POINT('',(0.041435435104712,0.12233422604577,0.014200050752));
#5740=CARTESIAN_POINT('',(0.0404312104654487,0.123405693533891,0.014200050752));
#5741=CARTESIAN_POINT('',(0.0384240213813574,0.124559504830342,0.014200050752));
#5742=CARTESIAN_POINT('',(0.0364099768409935,0.125294174545347,0.014200050752));
#5743=CARTESIAN_POINT('',(0.0329171939434051,0.125351412077991,0.014200050752));
#5744=CARTESIAN_POINT('',(0.0305654810360953,0.124547611976561,0.014200050752));
#5745=CARTESIAN_POINT('',(0.0283467629680268,0.12264418199789,0.014200050752));
#5746=CARTESIAN_POINT('',(0.0269158418572111,0.120017537947796,0.014200050752));
#5747=CARTESIAN_POINT('',(0.0260347919559208,0.117557701478804,0.014200050752));
#5748=CARTESIAN_POINT('',(0.0260995374467535,0.114327415527166,0.014200050752));
#5749=CARTESIAN_POINT('',(0.0269732960740455,0.112737286288896,0.014200050752));
#5750=CARTESIAN_POINT('',(0.0273833083325404,0.112189271040602,0.014200050752));
#5751=CARTESIAN_POINT('',(0.0268094656371018,0.113099521850064,0.014200050752));
#5752=CARTESIAN_POINT('',(0.0268094656371019,0.113099521850064,0.00920005075199996));
#5753=CARTESIAN_POINT('',(0.0269751592448461,0.112780284676801,0.014200050752));
#5754=CARTESIAN_POINT('',(0.0269751592448462,0.112780284676801,0.00920005075199996));
#5755=CARTESIAN_POINT('',(0.027167542748771,0.112479645200408,0.014200050752));
#5756=CARTESIAN_POINT('',(0.0271675427487711,0.112479645200408,0.00920005075199996));
#5757=CARTESIAN_POINT('',(0.0273799594122816,0.112195732785148,0.014200050752));
#5758=CARTESIAN_POINT('',(0.0273799594122816,0.112195732785148,0.00920005075199996));
#5759=CARTESIAN_POINT('',(0.04188664421933,0.121721166206687,0.00920005075200001));
#5760=CARTESIAN_POINT('',(0.0414320861844532,0.122340687790317,0.00920005075200001));
#5761=CARTESIAN_POINT('',(0.0404278615451899,0.123412155278437,0.00920005075200001));
#5762=CARTESIAN_POINT('',(0.0384206724610986,0.124565966574888,0.009200050752));
#5763=CARTESIAN_POINT('',(0.0364066279207347,0.125300636289893,0.00920005075199999));
#5764=CARTESIAN_POINT('',(0.0329138450231462,0.125357873822538,0.00920005075199998));
#5765=CARTESIAN_POINT('',(0.0305621321158366,0.124554073721107,0.00920005075199997));
#5766=CARTESIAN_POINT('',(0.028343414047768,0.122650643742436,0.00920005075199996));
#5767=CARTESIAN_POINT('',(0.0269124929369524,0.120023999692342,0.00920005075199996));
#5768=CARTESIAN_POINT('',(0.026031443035662,0.11756416322335,0.00920005075199995));
#5769=CARTESIAN_POINT('',(0.0260961885264947,0.114333877271713,0.00920005075199996));
#5770=CARTESIAN_POINT('',(0.0269699471537866,0.112743748033442,0.00920005075199996));
#5771=CARTESIAN_POINT('',(0.0273799594122817,0.112195732785148,0.00920005075199996));
#5772=CARTESIAN_POINT('',(0.0273799594122817,0.112195732785148,0.00920005075199996));
#5773=CARTESIAN_POINT('',(0.0273799594122816,0.112195732785148,0.014200050752));
#5774=CARTESIAN_POINT('',(0.0273799594122816,0.112195732785148,0.014200050752));
#5775=CARTESIAN_POINT('',(0.04188664421933,0.121721166206687,0.014200050752));
#5776=CARTESIAN_POINT('',(0.0414320861844532,0.122340687790317,0.014200050752));
#5777=CARTESIAN_POINT('',(0.0404278615451899,0.123412155278437,0.014200050752));
#5778=CARTESIAN_POINT('',(0.0384206724610986,0.124565966574888,0.014200050752));
#5779=CARTESIAN_POINT('',(0.0364066279207347,0.125300636289893,0.014200050752));
#5780=CARTESIAN_POINT('',(0.0329138450231462,0.125357873822538,0.014200050752));
#5781=CARTESIAN_POINT('',(0.0305621321158366,0.124554073721107,0.014200050752));
#5782=CARTESIAN_POINT('',(0.028343414047768,0.122650643742436,0.014200050752));
#5783=CARTESIAN_POINT('',(0.0269124929369524,0.120023999692342,0.014200050752));
#5784=CARTESIAN_POINT('',(0.026031443035662,0.11756416322335,0.014200050752));
#5785=CARTESIAN_POINT('',(0.0260961885264947,0.114333877271713,0.014200050752));
#5786=CARTESIAN_POINT('',(0.0269699471537866,0.112743748033442,0.014200050752));
#5787=CARTESIAN_POINT('',(0.0273799594122816,0.112195732785148,0.014200050752));
#5788=CARTESIAN_POINT('',(0.0323416866579339,0.112195732791466,0.014200050752));
#5789=CARTESIAN_POINT('',(0.0323416866579339,0.112195732791466,0.00920005075199998));
#5790=CARTESIAN_POINT('',(0.0373016612792045,0.112195732791466,0.00920005075199999));
#5791=CARTESIAN_POINT('',(0.0373016612792045,0.112195732791466,0.014200050752));
#5792=CARTESIAN_POINT('',(0.0373016612792045,0.112195732791466,0.014200050752));
#5793=CARTESIAN_POINT('',(0.0323416866579339,0.112195732791466,0.014200050752));
#5794=CARTESIAN_POINT('',(0.0305368875046347,0.115635939093889,0.014200050752));
#5795=CARTESIAN_POINT('',(0.0305368875046348,0.115635939093889,0.00920005075199997));
#5796=CARTESIAN_POINT('',(0.0307874489296121,0.115150604565889,0.014200050752));
#5797=CARTESIAN_POINT('',(0.0307874489296121,0.115150604565889,0.00920005075199997));
#5798=CARTESIAN_POINT('',(0.0316770103376136,0.114405357722906,0.014200050752));
#5799=CARTESIAN_POINT('',(0.0316770103376136,0.114405357722906,0.00920005075199998));
#5800=CARTESIAN_POINT('',(0.0337648218599607,0.11383390319769,0.014200050752));
#5801=CARTESIAN_POINT('',(0.0337648218599607,0.11383390319769,0.00920005075199999));
#5802=CARTESIAN_POINT('',(0.0359250941318266,0.113297599809747,0.014200050752));
#5803=CARTESIAN_POINT('',(0.0359250941318266,0.113297599809747,0.00920005075200001));
#5804=CARTESIAN_POINT('',(0.036951601258351,0.112637810022966,0.014200050752));
#5805=CARTESIAN_POINT('',(0.036951601258351,0.112637810022966,0.00920005075200001));
#5806=CARTESIAN_POINT('',(0.0373016612744702,0.112195732787715,0.014200050752));
#5807=CARTESIAN_POINT('',(0.0373016612744702,0.112195732787715,0.00920005075200001));
#5808=CARTESIAN_POINT('',(0.0454604507911431,0.118931936466962,0.00920005075200002));
#5809=CARTESIAN_POINT('',(0.0454116123688963,0.118895327444075,0.00920005075200002));
#5810=CARTESIAN_POINT('',(0.0440705055635507,0.117858796927909,0.00920005075200002));
#5811=CARTESIAN_POINT('',(0.0424157851478952,0.114541868597192,0.00920005075200001));
#5812=CARTESIAN_POINT('',(0.0375462933394969,0.121682088202751,0.009200050752));
#5813=CARTESIAN_POINT('',(0.0301121276954771,0.119774460661166,0.00920005075199997));
#5814=CARTESIAN_POINT('',(0.0299311470591814,0.113847567958051,0.00920005075199997));
#5815=CARTESIAN_POINT('',(0.0356702535822164,0.113816105571687,0.00920005075199999));
#5816=CARTESIAN_POINT('',(0.0371428180582312,0.112397545784358,0.00920005075199999));
#5817=CARTESIAN_POINT('',(0.0373067628176805,0.112189271060776,0.00920005075199999));
#5818=CARTESIAN_POINT('',(0.0305368874862743,0.115635939083298,0.00920005075199997));
#5819=CARTESIAN_POINT('',(0.0305368874862743,0.115635939083298,0.014200050752));
#5820=CARTESIAN_POINT('',(0.0305368874862743,0.115635939083298,0.014200050752));
#5821=CARTESIAN_POINT('',(0.0454604507911431,0.118931936466962,0.014200050752));
#5822=CARTESIAN_POINT('',(0.0454116123688963,0.118895327444075,0.014200050752));
#5823=CARTESIAN_POINT('',(0.0440705055635507,0.117858796927909,0.014200050752));
#5824=CARTESIAN_POINT('',(0.0424157851478952,0.114541868597192,0.014200050752));
#5825=CARTESIAN_POINT('',(0.0375462933394969,0.121682088202751,0.014200050752));
#5826=CARTESIAN_POINT('',(0.0301121276954771,0.119774460661166,0.014200050752));
#5827=CARTESIAN_POINT('',(0.0299311470591814,0.113847567958051,0.014200050752));
#5828=CARTESIAN_POINT('',(0.0356702535822164,0.113816105571687,0.014200050752));
#5829=CARTESIAN_POINT('',(0.0371428180582311,0.112397545784358,0.014200050752));
#5830=CARTESIAN_POINT('',(0.0373067628176805,0.112189271060776,0.014200050752));
#5831=CARTESIAN_POINT('',(0.0454571018708842,0.118938398211509,0.014200050752));
#5832=CARTESIAN_POINT('',(0.0454571018708842,0.118938398211509,0.00920005075200002));
#5833=CARTESIAN_POINT('',(0.0447309439530508,0.118394074078768,0.014200050752));
#5834=CARTESIAN_POINT('',(0.0447309439530508,0.118394074078768,0.00920005075200002));
#5835=CARTESIAN_POINT('',(0.0439115391913167,0.117365498214847,0.014200050752));
#5836=CARTESIAN_POINT('',(0.0439115391913167,0.117365498214847,0.00920005075200001));
#5837=CARTESIAN_POINT('',(0.0429386144162707,0.116506455731606,0.014200050752));
#5838=CARTESIAN_POINT('',(0.0429386144162707,0.116506455731606,0.00920005075200001));
#5839=CARTESIAN_POINT('',(0.0421546541583634,0.11638363096019,0.014200050752));
#5840=CARTESIAN_POINT('',(0.0421546541583634,0.11638363096019,0.00920005075200001));
#5841=CARTESIAN_POINT('',(0.0412321569652476,0.116918984996619,0.014200050752));
#5842=CARTESIAN_POINT('',(0.0412321569652476,0.116918984996619,0.00920005075200001));
#5843=CARTESIAN_POINT('',(0.0401822543257664,0.117825649825582,0.014200050752));
#5844=CARTESIAN_POINT('',(0.0401822543257664,0.117825649825582,0.009200050752));
#5845=CARTESIAN_POINT('',(0.0390017651883367,0.118873022401617,0.014200050752));
#5846=CARTESIAN_POINT('',(0.0390017651883367,0.118873022401617,0.00920005075200001));
#5847=CARTESIAN_POINT('',(0.0376952057275793,0.119825054760262,0.014200050752));
#5848=CARTESIAN_POINT('',(0.0376952057275793,0.119825054760262,0.00920005075199999));
#5849=CARTESIAN_POINT('',(0.0362506157537262,0.120411213643203,0.014200050752));
#5850=CARTESIAN_POINT('',(0.0362506157537262,0.120411213643203,0.00920005075199999));
#5851=CARTESIAN_POINT('',(0.034227649048025,0.12059893187033,0.014200050752));
#5852=CARTESIAN_POINT('',(0.034227649048025,0.12059893187033,0.00920005075199999));
#5853=CARTESIAN_POINT('',(0.0323129556305099,0.120041134591432,0.014200050752));
#5854=CARTESIAN_POINT('',(0.0323129556305099,0.120041134591432,0.00920005075199998));
#5855=CARTESIAN_POINT('',(0.0309670078503949,0.118920583528069,0.014200050752));
#5856=CARTESIAN_POINT('',(0.0309670078503949,0.118920583528069,0.00920005075199997));
#5857=CARTESIAN_POINT('',(0.0301611009261975,0.11748602365461,0.014200050752));
#5858=CARTESIAN_POINT('',(0.0301611009261975,0.11748602365461,0.00920005075199997));
#5859=CARTESIAN_POINT('',(0.0301997994262359,0.116283850667948,0.014200050752));
#5860=CARTESIAN_POINT('',(0.0301997994262359,0.116283850667948,0.00920005075199996));
#5861=CARTESIAN_POINT('',(0.0305368874857781,0.115635939084252,0.014200050752));
#5862=CARTESIAN_POINT('',(0.0305368874857781,0.115635939084252,0.00920005075199997));
#5863=CARTESIAN_POINT('',(0.0454571018708842,0.118938398211509,0.00920005075200002));
#5864=CARTESIAN_POINT('',(0.0454082634486375,0.118901789188621,0.00920005075200002));
#5865=CARTESIAN_POINT('',(0.0440671566432919,0.117865258672455,0.00920005075200002));
#5866=CARTESIAN_POINT('',(0.0424124362276364,0.114548330341738,0.00920005075200001));
#5867=CARTESIAN_POINT('',(0.0375429444192381,0.121688549947297,0.00920005075199999));
#5868=CARTESIAN_POINT('',(0.0301087787752183,0.119780922405712,0.00920005075199997));
#5869=CARTESIAN_POINT('',(0.0299277981389225,0.113854029702597,0.00920005075199997));
#5870=CARTESIAN_POINT('',(0.0356669046619576,0.113822567316233,0.00920005075199999));
#5871=CARTESIAN_POINT('',(0.0371394691379724,0.112404007528905,0.00920005075199999));
#5872=CARTESIAN_POINT('',(0.0373034138974217,0.112195732805322,0.00920005075199999));
#5873=CARTESIAN_POINT('',(0.0454571018708842,0.118938398211509,0.00920005075200002));
#5874=CARTESIAN_POINT('',(0.0454571018708842,0.118938398211509,0.014200050752));
#5875=CARTESIAN_POINT('',(0.0454571018708842,0.118938398211509,0.014200050752));
#5876=CARTESIAN_POINT('',(0.0454571018708842,0.118938398211509,0.014200050752));
#5877=CARTESIAN_POINT('',(0.0454082634486375,0.118901789188621,0.014200050752));
#5878=CARTESIAN_POINT('',(0.0440671566432919,0.117865258672455,0.014200050752));
#5879=CARTESIAN_POINT('',(0.0424124362276364,0.114548330341738,0.014200050752));
#5880=CARTESIAN_POINT('',(0.0375429444192381,0.121688549947297,0.014200050752));
#5881=CARTESIAN_POINT('',(0.0301087787752183,0.119780922405712,0.014200050752));
#5882=CARTESIAN_POINT('',(0.0299277981389225,0.113854029702597,0.014200050752));
#5883=CARTESIAN_POINT('',(0.0356669046619576,0.113822567316233,0.014200050752));
#5884=CARTESIAN_POINT('',(0.0371394691379723,0.112404007528905,0.014200050752));
#5885=CARTESIAN_POINT('',(0.0373034138974217,0.112195732805322,0.014200050752));
#5886=CARTESIAN_POINT('',(0.0454571018542049,0.121291852422053,0.014200050752));
#5887=CARTESIAN_POINT('',(0.045457101854205,0.121291852422053,0.00920005075200002));
#5888=CARTESIAN_POINT('',(0.0454571018542049,0.121291852422053,0.014200050752));
#5889=CARTESIAN_POINT('',(0.051191918354837,0.106515864840706,0.014200050752));
#5890=CARTESIAN_POINT('',(0.051191918354837,0.106515864840706,0.00920005075200004));
#5891=CARTESIAN_POINT('',(0.,0.,0.));
#5892=CARTESIAN_POINT('',(0.0401960042900012,0.0760081788207746,0.00920005075200001));
#5893=CARTESIAN_POINT('',(0.0401960042900012,0.0760081788207746,0.00820005075200001));
#5894=CARTESIAN_POINT('',(0.0427839165893772,0.0743864559900866,0.00920005075200001));
#5895=CARTESIAN_POINT('',(0.0427839165893772,0.0743864559900866,0.00820005075200001));
#5896=CARTESIAN_POINT('',(0.0497363708346528,0.0728888198235425,0.00920005075200004));
#5897=CARTESIAN_POINT('',(0.0497363708346528,0.0728888198235425,0.00820005075200004));
#5898=CARTESIAN_POINT('',(0.0586487593385496,0.0735994378784096,0.00920005075200007));
#5899=CARTESIAN_POINT('',(0.0586487593385496,0.0735994378784096,0.00820005075200007));
#5900=CARTESIAN_POINT('',(0.0618738921900764,0.07501860126528,0.00920005075200009));
#5901=CARTESIAN_POINT('',(0.0618738921900764,0.07501860126528,0.00820005075200009));
#5902=CARTESIAN_POINT('',(0.0629354764854183,0.0760081788163023,0.00920005075200009));
#5903=CARTESIAN_POINT('',(0.0629354764854183,0.0760081788163023,0.00820005075200009));
#5904=CARTESIAN_POINT('',(0.0401960042900012,0.0760081788207746,0.00820005075200001));
#5905=CARTESIAN_POINT('',(0.045122248071164,0.0729211337105625,0.00820005075200002));
#5906=CARTESIAN_POINT('',(0.0580995709072543,0.0720445203457009,0.00820005075200007));
#5907=CARTESIAN_POINT('',(0.0627307160100071,0.0758173071439418,0.00820005075200008));
#5908=CARTESIAN_POINT('',(0.0629354764854183,0.0760081788163023,0.00820005075200008));
#5909=CARTESIAN_POINT('',(0.0401960042900012,0.0760081788207746,0.00820005075200001));
#5910=CARTESIAN_POINT('',(0.0629354764854183,0.0760081788163023,0.00820005075200008));
#5911=CARTESIAN_POINT('',(0.0401960042900012,0.0760081788207746,0.00920005075200001));
#5912=CARTESIAN_POINT('',(0.0401960042900012,0.0760081788207746,0.00920005075200001));
#5913=CARTESIAN_POINT('',(0.0401960042900012,0.0760081788207746,0.00920005075200001));
#5914=CARTESIAN_POINT('',(0.045122248071164,0.0729211337105625,0.00920005075200002));
#5915=CARTESIAN_POINT('',(0.0580995709072543,0.0720445203457009,0.00920005075200007));
#5916=CARTESIAN_POINT('',(0.0627307160100071,0.0758173071439418,0.00920005075200009));
#5917=CARTESIAN_POINT('',(0.0629354764854183,0.0760081788163023,0.00920005075200009));
#5918=CARTESIAN_POINT('',(0.0629354764854183,0.0760081788163023,0.00920005075200009));
#5919=CARTESIAN_POINT('',(0.0629354764854183,0.0760081788163023,0.00920005075200009));
#5920=CARTESIAN_POINT('',(0.03625262019883,0.076008178816358,0.00920005075199999));
#5921=CARTESIAN_POINT('',(0.03625262019883,0.076008178816358,0.00820005075199999));
#5922=CARTESIAN_POINT('',(0.0323092361067605,0.076008178806367,0.00820005075199998));
#5923=CARTESIAN_POINT('',(0.0323092361067605,0.076008178806367,0.00920005075199998));
#5924=CARTESIAN_POINT('',(0.0323092361067605,0.076008178806367,0.00920005075199998));
#5925=CARTESIAN_POINT('',(0.03625262019883,0.076008178816358,0.00920005075199999));
#5926=CARTESIAN_POINT('',(0.0323092361067605,0.076008178806367,0.00920005075199998));
#5927=CARTESIAN_POINT('',(0.0323092361067605,0.076008178806367,0.00820005075199998));
#5928=CARTESIAN_POINT('',(0.032022392897434,0.0758208266381871,0.00920005075199998));
#5929=CARTESIAN_POINT('',(0.032022392897434,0.0758208266381871,0.00820005075199998));
#5930=CARTESIAN_POINT('',(0.0315600973340223,0.0753539166598569,0.00920005075199997));
#5931=CARTESIAN_POINT('',(0.0315600973340223,0.0753539166598569,0.00820005075199997));
#5932=CARTESIAN_POINT('',(0.0315567634103196,0.0744837289270536,0.00920005075199997));
#5933=CARTESIAN_POINT('',(0.0315567634103196,0.0744837289270536,0.00820005075199997));
#5934=CARTESIAN_POINT('',(0.0320365745380732,0.0738675627298712,0.00920005075199997));
#5935=CARTESIAN_POINT('',(0.0320365745380732,0.0738675627298712,0.00820005075199997));
#5936=CARTESIAN_POINT('',(0.0331722331502615,0.073297753446526,0.00920005075199998));
#5937=CARTESIAN_POINT('',(0.0331722331502615,0.073297753446526,0.00820005075199998));
#5938=CARTESIAN_POINT('',(0.0352124043550413,0.072611405683852,0.00920005075199999));
#5939=CARTESIAN_POINT('',(0.0352124043550413,0.072611405683852,0.00820005075199999));
#5940=CARTESIAN_POINT('',(0.0377700796443778,0.0722153077016657,0.009200050752));
#5941=CARTESIAN_POINT('',(0.0377700796443778,0.0722153077016657,0.008200050752));
#5942=CARTESIAN_POINT('',(0.0397374666010884,0.0719735271475849,0.00920005075200001));
#5943=CARTESIAN_POINT('',(0.0397374666010884,0.0719735271475849,0.00820005075200001));
#5944=CARTESIAN_POINT('',(0.0410368882207089,0.0717799316250714,0.00920005075200001));
#5945=CARTESIAN_POINT('',(0.0410368882207089,0.0717799316250714,0.00820005075200001));
#5946=CARTESIAN_POINT('',(0.0422173276931393,0.0716009414978267,0.00920005075200001));
#5947=CARTESIAN_POINT('',(0.0422173276931393,0.0716009414978267,0.00820005075200001));
#5948=CARTESIAN_POINT('',(0.0438407374481918,0.0714730475672595,0.00920005075200001));
#5949=CARTESIAN_POINT('',(0.0438407374481918,0.0714730475672595,0.00820005075200001));
#5950=CARTESIAN_POINT('',(0.0460727829281804,0.0715303759276699,0.00920005075200003));
#5951=CARTESIAN_POINT('',(0.0460727829281804,0.0715303759276699,0.00820005075200003));
#5952=CARTESIAN_POINT('',(0.0470363409990504,0.0710410150820247,0.00920005075200003));
#5953=CARTESIAN_POINT('',(0.0470363409990504,0.0710410150820247,0.00820005075200003));
#5954=CARTESIAN_POINT('',(0.0478106448557209,0.070918918323279,0.00920005075200003));
#5955=CARTESIAN_POINT('',(0.0478106448557209,0.070918918323279,0.00820005075200003));
#5956=CARTESIAN_POINT('',(0.0323092361067605,0.076008178806367,0.00820005075199998));
#5957=CARTESIAN_POINT('',(0.0321015112116592,0.0758725029102091,0.00820005075199998));
#5958=CARTESIAN_POINT('',(0.0315287277577415,0.0753824331244963,0.00820005075199997));
#5959=CARTESIAN_POINT('',(0.0315322001286008,0.0741853923848129,0.00820005075199997));
#5960=CARTESIAN_POINT('',(0.0329389688557904,0.0733444703415132,0.00820005075199998));
#5961=CARTESIAN_POINT('',(0.0359366859766339,0.0723961108886483,0.00820005075199999));
#5962=CARTESIAN_POINT('',(0.0401294862386914,0.0719625306015447,0.008200050752));
#5963=CARTESIAN_POINT('',(0.0429665212957781,0.0714332097405272,0.00820005075200001));
#5964=CARTESIAN_POINT('',(0.0460238138753146,0.0715580692913403,0.00820005075200003));
#5965=CARTESIAN_POINT('',(0.0470661109625392,0.0710363207801448,0.00820005075200003));
#5966=CARTESIAN_POINT('',(0.0478106448557209,0.070918918323279,0.00820005075200003));
#5967=CARTESIAN_POINT('',(0.0478106448557209,0.070918918323279,0.00820005075200003));
#5968=CARTESIAN_POINT('',(0.0478106448557209,0.070918918323279,0.00920005075200003));
#5969=CARTESIAN_POINT('',(0.0478106448557209,0.070918918323279,0.00920005075200003));
#5970=CARTESIAN_POINT('',(0.0323092361067605,0.076008178806367,0.00920005075199998));
#5971=CARTESIAN_POINT('',(0.0321015112116592,0.0758725029102091,0.00920005075199998));
#5972=CARTESIAN_POINT('',(0.0315287277577415,0.0753824331244963,0.00920005075199997));
#5973=CARTESIAN_POINT('',(0.0315322001286008,0.0741853923848129,0.00920005075199997));
#5974=CARTESIAN_POINT('',(0.0329389688557904,0.0733444703415132,0.00920005075199998));
#5975=CARTESIAN_POINT('',(0.0359366859766339,0.0723961108886483,0.00920005075199999));
#5976=CARTESIAN_POINT('',(0.0401294862386914,0.0719625306015447,0.00920005075200001));
#5977=CARTESIAN_POINT('',(0.0429665212957781,0.0714332097405272,0.00920005075200001));
#5978=CARTESIAN_POINT('',(0.0460238138753146,0.0715580692913403,0.00920005075200003));
#5979=CARTESIAN_POINT('',(0.0470661109625392,0.0710363207801448,0.00920005075200003));
#5980=CARTESIAN_POINT('',(0.0478106448557209,0.070918918323279,0.00920005075200003));
#5981=CARTESIAN_POINT('',(0.0478279519430429,0.0709162469564679,0.00920005075200003));
#5982=CARTESIAN_POINT('',(0.0478279519430429,0.0709162469564679,0.00820005075200003));
#5983=CARTESIAN_POINT('',(0.0478452590303649,0.0709135755896568,0.00820005075200003));
#5984=CARTESIAN_POINT('',(0.0478452590303649,0.0709135755896568,0.00920005075200003));
#5985=CARTESIAN_POINT('',(0.0478452590303649,0.0709135755896568,0.00920005075200003));
#5986=CARTESIAN_POINT('',(0.0478279519430429,0.0709162469564679,0.00920005075200003));
#5987=CARTESIAN_POINT('',(0.0478452590303649,0.0709135755896568,0.00920005075200003));
#5988=CARTESIAN_POINT('',(0.0478452590303649,0.0709135755896568,0.00820005075200003));
#5989=CARTESIAN_POINT('',(0.0480140303353762,0.0708876366034995,0.00920005075200003));
#5990=CARTESIAN_POINT('',(0.0480140303353762,0.0708876366034995,0.00820005075200003));
#5991=CARTESIAN_POINT('',(0.0491741062847188,0.0706675257321505,0.00920005075200003));
#5992=CARTESIAN_POINT('',(0.0491741062847188,0.0706675257321505,0.00820005075200003));
#5993=CARTESIAN_POINT('',(0.0494863943587742,0.0706756932922403,0.00920005075200004));
#5994=CARTESIAN_POINT('',(0.0494863943587742,0.0706756932922403,0.00820005075200004));
#5995=CARTESIAN_POINT('',(0.0501322518256046,0.0706121703327904,0.00920005075200004));
#5996=CARTESIAN_POINT('',(0.0501322518256046,0.0706121703327904,0.00820005075200004));
#5997=CARTESIAN_POINT('',(0.0505487448846107,0.0705836163677141,0.00920005075200004));
#5998=CARTESIAN_POINT('',(0.0505487448846107,0.0705836163677141,0.00820005075200004));
#5999=CARTESIAN_POINT('',(0.050775525164272,0.070596039336066,0.00920005075200004));
#6000=CARTESIAN_POINT('',(0.050775525164272,0.070596039336066,0.00820005075200004));
#6001=CARTESIAN_POINT('',(0.0509374148525414,0.0705956797977876,0.00920005075200004));
#6002=CARTESIAN_POINT('',(0.0509374148525414,0.0705956797977876,0.00820005075200004));
#6003=CARTESIAN_POINT('',(0.0509871493595142,0.0705964974138332,0.00920005075200004));
#6004=CARTESIAN_POINT('',(0.0509871493595142,0.0705964974138332,0.00820005075200004));
#6005=CARTESIAN_POINT('',(0.0478452590303649,0.0709135755896568,0.00820005075200003));
#6006=CARTESIAN_POINT('',(0.0480287846194201,0.0708853689717504,0.00820005075200003));
#6007=CARTESIAN_POINT('',(0.0491652754328818,0.0706698300088302,0.00820005075200003));
#6008=CARTESIAN_POINT('',(0.0495387985096588,0.0706756730169315,0.00820005075200004));
#6009=CARTESIAN_POINT('',(0.050439691215862,0.0705777951411396,0.00820005075200004));
#6010=CARTESIAN_POINT('',(0.0507609471925085,0.0705959633562575,0.00820005075200004));
#6011=CARTESIAN_POINT('',(0.0509392271419683,0.0705957095911243,0.00820005075200004));
#6012=CARTESIAN_POINT('',(0.0509871493595143,0.0705964974138332,0.00820005075200004));
#6013=CARTESIAN_POINT('',(0.0509871493595143,0.0705964974138332,0.00820005075200004));
#6014=CARTESIAN_POINT('',(0.0509871493595142,0.0705964974138332,0.00920005075200004));
#6015=CARTESIAN_POINT('',(0.0509871493595142,0.0705964974138332,0.00920005075200004));
#6016=CARTESIAN_POINT('',(0.0478452590303649,0.0709135755896568,0.00920005075200003));
#6017=CARTESIAN_POINT('',(0.0480287846194201,0.0708853689717504,0.00920005075200003));
#6018=CARTESIAN_POINT('',(0.0491652754328818,0.0706698300088302,0.00920005075200003));
#6019=CARTESIAN_POINT('',(0.0495387985096588,0.0706756730169315,0.00920005075200004));
#6020=CARTESIAN_POINT('',(0.050439691215862,0.0705777951411396,0.00920005075200004));
#6021=CARTESIAN_POINT('',(0.0507609471925085,0.0705959633562575,0.00920005075200004));
#6022=CARTESIAN_POINT('',(0.0509392271419683,0.0705957095911243,0.00920005075200004));
#6023=CARTESIAN_POINT('',(0.0509871493595142,0.0705964974138332,0.00920005075200004));
#6024=CARTESIAN_POINT('',(0.0511902438947076,0.0705964974138332,0.00920005075200004));
#6025=CARTESIAN_POINT('',(0.0511902438947076,0.0705964974138332,0.00820005075200004));
#6026=CARTESIAN_POINT('',(0.051393338429901,0.0705964974138332,0.00820005075200004));
#6027=CARTESIAN_POINT('',(0.051393338429901,0.0705964974138332,0.00920005075200004));
#6028=CARTESIAN_POINT('',(0.051393338429901,0.0705964974138332,0.00920005075200004));
#6029=CARTESIAN_POINT('',(0.0511902438947076,0.0705964974138332,0.00920005075200004));
#6030=CARTESIAN_POINT('',(0.0545352287590504,0.0709135755896568,0.00920005075200005));
#6031=CARTESIAN_POINT('',(0.0545352287590504,0.0709135755896568,0.00820005075200006));
#6032=CARTESIAN_POINT('',(0.0543664574540391,0.0708876366034995,0.00920005075200005));
#6033=CARTESIAN_POINT('',(0.0543664574540391,0.0708876366034995,0.00820005075200006));
#6034=CARTESIAN_POINT('',(0.0532063815046965,0.0706675257321506,0.00920005075200006));
#6035=CARTESIAN_POINT('',(0.0532063815046965,0.0706675257321506,0.00820005075200007));
#6036=CARTESIAN_POINT('',(0.0528940934306411,0.0706756932922402,0.00920005075200004));
#6037=CARTESIAN_POINT('',(0.0528940934306411,0.0706756932922402,0.00820005075200005));
#6038=CARTESIAN_POINT('',(0.0522482359638107,0.0706121703327904,0.00920005075200005));
#6039=CARTESIAN_POINT('',(0.0522482359638107,0.0706121703327904,0.00820005075200006));
#6040=CARTESIAN_POINT('',(0.0518317429048045,0.0705836163677141,0.00920005075200005));
#6041=CARTESIAN_POINT('',(0.0518317429048045,0.0705836163677141,0.00820005075200006));
#6042=CARTESIAN_POINT('',(0.0516049626251433,0.070596039336066,0.00920005075200004));
#6043=CARTESIAN_POINT('',(0.0516049626251433,0.070596039336066,0.00820005075200005));
#6044=CARTESIAN_POINT('',(0.0514430729368738,0.0705956797977876,0.00920005075200004));
#6045=CARTESIAN_POINT('',(0.0514430729368738,0.0705956797977876,0.00820005075200005));
#6046=CARTESIAN_POINT('',(0.051393338429901,0.0705964974138332,0.00920005075200004));
#6047=CARTESIAN_POINT('',(0.051393338429901,0.0705964974138332,0.00820005075200005));
#6048=CARTESIAN_POINT('',(0.0545352287590504,0.0709135755896568,0.00820005075200006));
#6049=CARTESIAN_POINT('',(0.0543517031699952,0.0708853689717504,0.00820005075200006));
#6050=CARTESIAN_POINT('',(0.0532152123565334,0.0706698300088302,0.00820005075200005));
#6051=CARTESIAN_POINT('',(0.0528416892797565,0.0706756730169315,0.00820005075200005));
#6052=CARTESIAN_POINT('',(0.0519407965735532,0.0705777951411396,0.00820005075200005));
#6053=CARTESIAN_POINT('',(0.0516195405969068,0.0705959633562575,0.00820005075200004));
#6054=CARTESIAN_POINT('',(0.0514412606474469,0.0705957095911243,0.00820005075200004));
#6055=CARTESIAN_POINT('',(0.051393338429901,0.0705964974138332,0.00820005075200004));
#6056=CARTESIAN_POINT('',(0.0545352287590504,0.0709135755896568,0.00820005075200006));
#6057=CARTESIAN_POINT('',(0.0545352287590504,0.0709135755896568,0.00920005075200005));
#6058=CARTESIAN_POINT('',(0.0545352287590504,0.0709135755896568,0.00920005075200005));
#6059=CARTESIAN_POINT('',(0.0545352287590504,0.0709135755896568,0.00920005075200005));
#6060=CARTESIAN_POINT('',(0.0543517031699952,0.0708853689717504,0.00920005075200005));
#6061=CARTESIAN_POINT('',(0.0532152123565334,0.0706698300088302,0.00920005075200005));
#6062=CARTESIAN_POINT('',(0.0528416892797565,0.0706756730169315,0.00920005075200005));
#6063=CARTESIAN_POINT('',(0.0519407965735532,0.0705777951411396,0.00920005075200005));
#6064=CARTESIAN_POINT('',(0.0516195405969068,0.0705959633562575,0.00920005075200004));
#6065=CARTESIAN_POINT('',(0.0514412606474469,0.0705957095911243,0.00920005075200004));
#6066=CARTESIAN_POINT('',(0.051393338429901,0.0705964974138332,0.00920005075200004));
#6067=CARTESIAN_POINT('',(0.0545525358463724,0.0709162469564679,0.00920005075200005));
#6068=CARTESIAN_POINT('',(0.0545525358463724,0.0709162469564679,0.00820005075200006));
#6069=CARTESIAN_POINT('',(0.0545698429336944,0.070918918323279,0.00820005075200006));
#6070=CARTESIAN_POINT('',(0.0545698429336944,0.070918918323279,0.00920005075200005));
#6071=CARTESIAN_POINT('',(0.0545698429336944,0.070918918323279,0.00920005075200005));
#6072=CARTESIAN_POINT('',(0.0545525358463724,0.0709162469564679,0.00920005075200005));
#6073=CARTESIAN_POINT('',(0.0700712516826548,0.076008178806367,0.00920005075200011));
#6074=CARTESIAN_POINT('',(0.0700712516826548,0.076008178806367,0.00820005075200011));
#6075=CARTESIAN_POINT('',(0.0703580948919812,0.0758208266381871,0.00920005075200011));
#6076=CARTESIAN_POINT('',(0.0703580948919812,0.0758208266381871,0.00820005075200011));
#6077=CARTESIAN_POINT('',(0.070820390455393,0.0753539166598569,0.00920005075200011));
#6078=CARTESIAN_POINT('',(0.070820390455393,0.0753539166598569,0.00820005075200011));
#6079=CARTESIAN_POINT('',(0.0708237243790957,0.0744837289270537,0.00920005075200011));
#6080=CARTESIAN_POINT('',(0.0708237243790957,0.0744837289270537,0.00820005075200011));
#6081=CARTESIAN_POINT('',(0.0703439132513421,0.0738675627298712,0.00920005075200011));
#6082=CARTESIAN_POINT('',(0.0703439132513421,0.0738675627298712,0.00820005075200011));
#6083=CARTESIAN_POINT('',(0.0692082546391537,0.073297753446526,0.00920005075200011));
#6084=CARTESIAN_POINT('',(0.0692082546391537,0.073297753446526,0.00820005075200011));
#6085=CARTESIAN_POINT('',(0.0671680834343741,0.072611405683852,0.0092000507520001));
#6086=CARTESIAN_POINT('',(0.0671680834343741,0.072611405683852,0.0082000507520001));
#6087=CARTESIAN_POINT('',(0.0646104081450374,0.0722153077016657,0.00920005075200009));
#6088=CARTESIAN_POINT('',(0.0646104081450374,0.0722153077016657,0.00820005075200009));
#6089=CARTESIAN_POINT('',(0.0626430211883268,0.0719735271475849,0.00920005075200009));
#6090=CARTESIAN_POINT('',(0.0626430211883268,0.0719735271475849,0.00820005075200008));
#6091=CARTESIAN_POINT('',(0.0613435995687065,0.0717799316250714,0.00920005075200007));
#6092=CARTESIAN_POINT('',(0.0613435995687065,0.0717799316250714,0.00820005075200007));
#6093=CARTESIAN_POINT('',(0.060163160096276,0.0716009414978267,0.00920005075200007));
#6094=CARTESIAN_POINT('',(0.060163160096276,0.0716009414978267,0.00820005075200007));
#6095=CARTESIAN_POINT('',(0.0585397503412235,0.0714730475672595,0.00920005075200006));
#6096=CARTESIAN_POINT('',(0.0585397503412235,0.0714730475672595,0.00820005075200006));
#6097=CARTESIAN_POINT('',(0.0563077048612349,0.0715303759276699,0.00920005075200006));
#6098=CARTESIAN_POINT('',(0.0563077048612349,0.0715303759276699,0.00820005075200006));
#6099=CARTESIAN_POINT('',(0.0553441467903649,0.0710410150820247,0.00920005075200006));
#6100=CARTESIAN_POINT('',(0.0553441467903649,0.0710410150820247,0.00820005075200006));
#6101=CARTESIAN_POINT('',(0.0545698429336944,0.070918918323279,0.00920005075200005));
#6102=CARTESIAN_POINT('',(0.0545698429336944,0.070918918323279,0.00820005075200005));
#6103=CARTESIAN_POINT('',(0.0700712516826548,0.076008178806367,0.00820005075200011));
#6104=CARTESIAN_POINT('',(0.070278976577756,0.0758725029102091,0.00820005075200011));
#6105=CARTESIAN_POINT('',(0.0708517600316738,0.0753824331244963,0.00820005075200011));
#6106=CARTESIAN_POINT('',(0.0708482876608145,0.0741853923848129,0.00820005075200011));
#6107=CARTESIAN_POINT('',(0.0694415189336249,0.0733444703415132,0.00820005075200011));
#6108=CARTESIAN_POINT('',(0.0664438018127814,0.0723961108886483,0.0082000507520001));
#6109=CARTESIAN_POINT('',(0.0622510015507239,0.0719625306015447,0.00820005075200008));
#6110=CARTESIAN_POINT('',(0.0594139664936372,0.0714332097405272,0.00820005075200007));
#6111=CARTESIAN_POINT('',(0.0563566739141007,0.0715580692913403,0.00820005075200006));
#6112=CARTESIAN_POINT('',(0.0553143768268761,0.0710363207801448,0.00820005075200006));
#6113=CARTESIAN_POINT('',(0.0545698429336944,0.070918918323279,0.00820005075200006));
#6114=CARTESIAN_POINT('',(0.0700712516826548,0.076008178806367,0.00820005075200011));
#6115=CARTESIAN_POINT('',(0.0700712516826548,0.076008178806367,0.00920005075200011));
#6116=CARTESIAN_POINT('',(0.0700712516826548,0.076008178806367,0.00920005075200011));
#6117=CARTESIAN_POINT('',(0.0700712516826548,0.076008178806367,0.00920005075200011));
#6118=CARTESIAN_POINT('',(0.070278976577756,0.0758725029102091,0.00920005075200011));
#6119=CARTESIAN_POINT('',(0.0708517600316738,0.0753824331244963,0.00920005075200011));
#6120=CARTESIAN_POINT('',(0.0708482876608145,0.0741853923848129,0.00920005075200011));
#6121=CARTESIAN_POINT('',(0.0694415189336249,0.0733444703415132,0.00920005075200011));
#6122=CARTESIAN_POINT('',(0.0664438018127814,0.0723961108886483,0.0092000507520001));
#6123=CARTESIAN_POINT('',(0.0622510015507239,0.0719625306015447,0.00920005075200008));
#6124=CARTESIAN_POINT('',(0.0594139664936372,0.0714332097405272,0.00920005075200007));
#6125=CARTESIAN_POINT('',(0.0563566739141007,0.0715580692913403,0.00920005075200006));
#6126=CARTESIAN_POINT('',(0.0553143768268761,0.0710363207801448,0.00920005075200006));
#6127=CARTESIAN_POINT('',(0.0545698429336944,0.070918918323279,0.00920005075200005));
#6128=CARTESIAN_POINT('',(0.0665033640763961,0.076008178816358,0.0092000507520001));
#6129=CARTESIAN_POINT('',(0.0665033640763961,0.076008178816358,0.0082000507520001));
#6130=CARTESIAN_POINT('',(0.0665033640763961,0.076008178816358,0.0092000507520001));
#6131=CARTESIAN_POINT('',(0.0511902438947076,0.106522326585253,0.00920005075200004));
#6132=CARTESIAN_POINT('',(0.0511902438947076,0.106522326585253,0.00820005075200004));
#6133=CARTESIAN_POINT('',(0.,0.,0.));
#6134=CARTESIAN_POINT('',(0.0587498183482579,0.0912017170718108,0.0142000507520001));
#6135=CARTESIAN_POINT('',(0.058749818348258,0.0912017170718108,0.00920005075200007));
#6136=CARTESIAN_POINT('',(0.0549284293090432,0.0912017170718108,0.00920005075200006));
#6137=CARTESIAN_POINT('',(0.0625712073875135,0.0912017170705562,0.00920005075200008));
#6138=CARTESIAN_POINT('',(0.0549284293090432,0.0912017170718108,0.0142000507520001));
#6139=CARTESIAN_POINT('',(0.0549284293090432,0.0912017170718108,0.0142000507520001));
#6140=CARTESIAN_POINT('',(0.0587498183482579,0.0912017170718108,0.0142000507520001));
#6141=CARTESIAN_POINT('',(0.0625712073875134,0.0912017170705562,0.0142000507520001));
#6142=CARTESIAN_POINT('',(0.0625712073875134,0.0912017170705562,0.0142000507520001));
#6143=CARTESIAN_POINT('',(0.0549284293090432,0.0836017170718113,0.0142000507520001));
#6144=CARTESIAN_POINT('',(0.0549284293090432,0.0836017170718113,0.00920005075200006));
#6145=CARTESIAN_POINT('',(0.0549284293090432,0.0760017170718118,0.00920005075200006));
#6146=CARTESIAN_POINT('',(0.0549284293090432,0.0760017170718118,0.0142000507520001));
#6147=CARTESIAN_POINT('',(0.0549284293090432,0.0760017170718118,0.0142000507520001));
#6148=CARTESIAN_POINT('',(0.0549284293090432,0.0836017170718113,0.0142000507520001));
#6149=CARTESIAN_POINT('',(0.058933627357368,0.0760017170718118,0.0142000507520001));
#6150=CARTESIAN_POINT('',(0.058933627357368,0.0760017170718118,0.00920005075200007));
#6151=CARTESIAN_POINT('',(0.062938825405677,0.076001717071756,0.00920005075200008));
#6152=CARTESIAN_POINT('',(0.062938825405677,0.076001717071756,0.0142000507520001));
#6153=CARTESIAN_POINT('',(0.062938825405677,0.076001717071756,0.0142000507520001));
#6154=CARTESIAN_POINT('',(0.058933627357368,0.0760017170718118,0.0142000507520001));
#6155=CARTESIAN_POINT('',(0.062938825405677,0.076001717071756,0.0142000507520001));
#6156=CARTESIAN_POINT('',(0.062938825405677,0.076001717071756,0.00920005075200008));
#6157=CARTESIAN_POINT('',(0.0637235993105998,0.0767332601459584,0.0142000507520001));
#6158=CARTESIAN_POINT('',(0.0637235993105998,0.0767332601459584,0.00920005075200009));
#6159=CARTESIAN_POINT('',(0.0647461561078267,0.0784573566893909,0.0142000507520001));
#6160=CARTESIAN_POINT('',(0.0647461561078267,0.0784573566893909,0.00920005075200009));
#6161=CARTESIAN_POINT('',(0.0649432120769211,0.0812128921998204,0.0142000507520001));
#6162=CARTESIAN_POINT('',(0.0649432120769212,0.0812128921998204,0.0092000507520001));
#6163=CARTESIAN_POINT('',(0.0640407954207987,0.0834590583956174,0.0142000507520001));
#6164=CARTESIAN_POINT('',(0.0640407954207987,0.0834590583956174,0.00920005075200009));
#6165=CARTESIAN_POINT('',(0.0627723087395228,0.0845377077590076,0.0142000507520001));
#6166=CARTESIAN_POINT('',(0.0627723087395229,0.0845377077590076,0.0092000507520001));
#6167=CARTESIAN_POINT('',(0.062226885488815,0.0852697544714256,0.0142000507520001));
#6168=CARTESIAN_POINT('',(0.0622268854888151,0.0852697544714256,0.00920005075200009));
#6169=CARTESIAN_POINT('',(0.0622823804945947,0.0860043083597794,0.0142000507520001));
#6170=CARTESIAN_POINT('',(0.0622823804945947,0.0860043083597794,0.00920005075200009));
#6171=CARTESIAN_POINT('',(0.0632328742473963,0.0868575119417414,0.0142000507520001));
#6172=CARTESIAN_POINT('',(0.0632328742473963,0.0868575119417414,0.0092000507520001));
#6173=CARTESIAN_POINT('',(0.063902656247676,0.0879335528177917,0.0142000507520001));
#6174=CARTESIAN_POINT('',(0.063902656247676,0.0879335528177917,0.0092000507520001));
#6175=CARTESIAN_POINT('',(0.063985928191682,0.0892051569714125,0.0142000507520001));
#6176=CARTESIAN_POINT('',(0.063985928191682,0.0892051569714125,0.0092000507520001));
#6177=CARTESIAN_POINT('',(0.0631866545823075,0.0903853504107829,0.0142000507520001));
#6178=CARTESIAN_POINT('',(0.0631866545823075,0.0903853504107829,0.0092000507520001));
#6179=CARTESIAN_POINT('',(0.0625712073875134,0.0912017170705562,0.0142000507520001));
#6180=CARTESIAN_POINT('',(0.0625712073875134,0.0912017170705562,0.00920005075200008));
#6181=CARTESIAN_POINT('',(0.062938825405677,0.076001717071756,0.00920005075200008));
#6182=CARTESIAN_POINT('',(0.0651433697741046,0.0780567282722799,0.00920005075200009));
#6183=CARTESIAN_POINT('',(0.0652350938688472,0.0833440298542993,0.00920005075200009));
#6184=CARTESIAN_POINT('',(0.0608287593131699,0.085501981779486,0.00920005075200008));
#6185=CARTESIAN_POINT('',(0.064907523451552,0.087764718857637,0.00920005075200009));
#6186=CARTESIAN_POINT('',(0.0632817373755927,0.0902592268001585,0.00920005075200009));
#6187=CARTESIAN_POINT('',(0.0625712073875135,0.0912017170705562,0.00920005075200008));
#6188=CARTESIAN_POINT('',(0.062938825405677,0.076001717071756,0.0142000507520001));
#6189=CARTESIAN_POINT('',(0.0651433697741046,0.0780567282722799,0.0142000507520001));
#6190=CARTESIAN_POINT('',(0.0652350938688472,0.0833440298542993,0.0142000507520001));
#6191=CARTESIAN_POINT('',(0.0608287593131699,0.085501981779486,0.0142000507520001));
#6192=CARTESIAN_POINT('',(0.064907523451552,0.087764718857637,0.0142000507520001));
#6193=CARTESIAN_POINT('',(0.0632817373755926,0.0902592268001585,0.0142000507520001));
#6194=CARTESIAN_POINT('',(0.0625712073875134,0.0912017170705562,0.0142000507520001));
#6195=CARTESIAN_POINT('',(0.051191918354837,0.106515864840706,0.014200050752));
#6196=CARTESIAN_POINT('',(0.051191918354837,0.106515864840706,0.00920005075200004));
#6197=CARTESIAN_POINT('',(0.,0.,0.));
#6198=CARTESIAN_POINT('',(0.0454604507745242,0.123638844885953,0.014200050752));
#6199=CARTESIAN_POINT('',(0.0454604507745242,0.123638844885953,0.00920005075200005));
#6200=CARTESIAN_POINT('',(0.0457876233400032,0.123770121811864,0.014200050752));
#6201=CARTESIAN_POINT('',(0.0457876233400032,0.123770121811864,0.00920005075200005));
#6202=CARTESIAN_POINT('',(0.0464403080331298,0.124008305053851,0.014200050752));
#6203=CARTESIAN_POINT('',(0.0464403080331298,0.124008305053851,0.00920005075200005));
#6204=CARTESIAN_POINT('',(0.0471054228888593,0.124204245571616,0.014200050752));
#6205=CARTESIAN_POINT('',(0.0471054228888593,0.124204245571616,0.00920005075200005));
#6206=CARTESIAN_POINT('',(0.047476941114669,0.124269064901085,0.014200050752));
#6207=CARTESIAN_POINT('',(0.047476941114669,0.124269064901085,0.00920005075200005));
#6208=CARTESIAN_POINT('',(0.0475897483391181,0.124296224320978,0.014200050752));
#6209=CARTESIAN_POINT('',(0.0475897483391181,0.124296224320978,0.00920005075200005));
#6210=CARTESIAN_POINT('',(0.0474708988717285,0.124360798911245,0.014200050752));
#6211=CARTESIAN_POINT('',(0.0474708988717285,0.124360798911245,0.00920005075200005));
#6212=CARTESIAN_POINT('',(0.0473075438326165,0.124527905314755,0.014200050752));
#6213=CARTESIAN_POINT('',(0.0473075438326165,0.124527905314755,0.00920005075200005));
#6214=CARTESIAN_POINT('',(0.0470882104148522,0.124734996633399,0.014200050752));
#6215=CARTESIAN_POINT('',(0.0470882104148522,0.124734996633399,0.00920005075200005));
#6216=CARTESIAN_POINT('',(0.0468391063013713,0.124936072290768,0.014200050752));
#6217=CARTESIAN_POINT('',(0.0468391063013713,0.124936072290768,0.00920005075200005));
#6218=CARTESIAN_POINT('',(0.0466104955677492,0.125096651845357,0.014200050752));
#6219=CARTESIAN_POINT('',(0.0466104955677492,0.125096651845357,0.00920005075200004));
#6220=CARTESIAN_POINT('',(0.0464718923195942,0.125121368510196,0.014200050752));
#6221=CARTESIAN_POINT('',(0.0464718923195943,0.125121368510196,0.00920005075200005));
#6222=CARTESIAN_POINT('',(0.0463988718680739,0.12522211809593,0.014200050752));
#6223=CARTESIAN_POINT('',(0.0463988718680739,0.12522211809593,0.00920005075200005));
#6224=CARTESIAN_POINT('',(0.0463677866913419,0.125510056743524,0.014200050752));
#6225=CARTESIAN_POINT('',(0.046367786691342,0.125510056743524,0.00920005075200005));
#6226=CARTESIAN_POINT('',(0.0464332978730884,0.125745234597185,0.014200050752));
#6227=CARTESIAN_POINT('',(0.0464332978730884,0.125745234597185,0.00920005075200005));
#6228=CARTESIAN_POINT('',(0.0466659251075814,0.125890482344202,0.014200050752));
#6229=CARTESIAN_POINT('',(0.0466659251075814,0.125890482344202,0.00920005075200005));
#6230=CARTESIAN_POINT('',(0.0471229053773912,0.125924778960476,0.014200050752));
#6231=CARTESIAN_POINT('',(0.0471229053773912,0.125924778960476,0.00920005075200005));
#6232=CARTESIAN_POINT('',(0.0479508782679047,0.12589085095462,0.014200050752));
#6233=CARTESIAN_POINT('',(0.0479508782679047,0.12589085095462,0.00920005075200005));
#6234=CARTESIAN_POINT('',(0.0488032133997195,0.125901969519959,0.014200050752));
#6235=CARTESIAN_POINT('',(0.0488032133997195,0.125901969519959,0.00920005075200006));
#6236=CARTESIAN_POINT('',(0.0491503038418852,0.125927462982193,0.014200050752));
#6237=CARTESIAN_POINT('',(0.0491503038418852,0.125927462982193,0.00920005075200007));
#6238=CARTESIAN_POINT('',(0.0491348672002304,0.12600308034566,0.014200050752));
#6239=CARTESIAN_POINT('',(0.0491348672002304,0.12600308034566,0.00920005075200007));
#6240=CARTESIAN_POINT('',(0.0490653211438466,0.125999639090084,0.014200050752));
#6241=CARTESIAN_POINT('',(0.0490653211438466,0.125999639090084,0.00920005075200007));
#6242=CARTESIAN_POINT('',(0.0489558836895863,0.126149673270692,0.014200050752));
#6243=CARTESIAN_POINT('',(0.0489558836895863,0.126149673270692,0.00920005075200006));
#6244=CARTESIAN_POINT('',(0.0488426920536101,0.12643085693477,0.014200050752));
#6245=CARTESIAN_POINT('',(0.0488426920536102,0.12643085693477,0.00920005075200007));
#6246=CARTESIAN_POINT('',(0.0487541198585303,0.126808569259364,0.014200050752));
#6247=CARTESIAN_POINT('',(0.0487541198585303,0.126808569259364,0.00920005075200006));
#6248=CARTESIAN_POINT('',(0.0488900307259419,0.127135983191816,0.014200050752));
#6249=CARTESIAN_POINT('',(0.048890030725942,0.127135983191816,0.00920005075200007));
#6250=CARTESIAN_POINT('',(0.0494753701584374,0.127116247377362,0.014200050752));
#6251=CARTESIAN_POINT('',(0.0494753701584374,0.127116247377362,0.00920005075200007));
#6252=CARTESIAN_POINT('',(0.0500920599698647,0.126898918526125,0.014200050752));
#6253=CARTESIAN_POINT('',(0.0500920599698647,0.126898918526125,0.00920005075200006));
#6254=CARTESIAN_POINT('',(0.0505382243039911,0.126717913914677,0.014200050752));
#6255=CARTESIAN_POINT('',(0.0505382243039911,0.126717913914677,0.00920005075200007));
#6256=CARTESIAN_POINT('',(0.0509431512999514,0.126506986699656,0.014200050752));
#6257=CARTESIAN_POINT('',(0.0509431512999514,0.126506986699656,0.00920005075200007));
#6258=CARTESIAN_POINT('',(0.0513172107401623,0.126280366968493,0.014200050752));
#6259=CARTESIAN_POINT('',(0.0513172107401623,0.126280366968493,0.00920005075200007));
#6260=CARTESIAN_POINT('',(0.0516654571210895,0.126057745712289,0.014200050752));
#6261=CARTESIAN_POINT('',(0.0516654571210895,0.126057745712289,0.00920005075200007));
#6262=CARTESIAN_POINT('',(0.051821581164026,0.125952984527029,0.014200050752));
#6263=CARTESIAN_POINT('',(0.051821581164026,0.125952984527029,0.00920005075200007));
#6264=CARTESIAN_POINT('',(0.0518076640890352,0.125972685031542,0.014200050752));
#6265=CARTESIAN_POINT('',(0.0518076640890353,0.125972685031542,0.00920005075200007));
#6266=CARTESIAN_POINT('',(0.0518338471540587,0.126062590825839,0.014200050752));
#6267=CARTESIAN_POINT('',(0.0518338471540587,0.126062590825839,0.00920005075200006));
#6268=CARTESIAN_POINT('',(0.0518475944005495,0.12616137393762,0.014200050752));
#6269=CARTESIAN_POINT('',(0.0518475944005495,0.12616137393762,0.00920005075200007));
#6270=CARTESIAN_POINT('',(0.0518209641792006,0.126207857151492,0.014200050752));
#6271=CARTESIAN_POINT('',(0.0518209641792006,0.126207857151492,0.00920005075200007));
#6272=CARTESIAN_POINT('',(0.0517698451115817,0.126232276622794,0.014200050752));
#6273=CARTESIAN_POINT('',(0.0517698451115818,0.126232276622794,0.00920005075200007));
#6274=CARTESIAN_POINT('',(0.0517217758539687,0.126338384088933,0.014200050752));
#6275=CARTESIAN_POINT('',(0.0517217758539687,0.126338384088933,0.00920005075200006));
#6276=CARTESIAN_POINT('',(0.05171853361593,0.126540466239373,0.014200050752));
#6277=CARTESIAN_POINT('',(0.05171853361593,0.126540466239373,0.00920005075200007));
#6278=CARTESIAN_POINT('',(0.0517429338309331,0.126674569019896,0.014200050752));
#6279=CARTESIAN_POINT('',(0.0517429338309331,0.126674569019896,0.00920005075200007));
#6280=CARTESIAN_POINT('',(0.051772723179123,0.126692929919914,0.014200050752));
#6281=CARTESIAN_POINT('',(0.051772723179123,0.126692929919914,0.00920005075200007));
#6282=CARTESIAN_POINT('',(0.051908626460702,0.126657219355555,0.014200050752));
#6283=CARTESIAN_POINT('',(0.051908626460702,0.126657219355555,0.00920005075200007));
#6284=CARTESIAN_POINT('',(0.0522168457898799,0.126686765993783,0.014200050752));
#6285=CARTESIAN_POINT('',(0.0522168457898799,0.126686765993783,0.00920005075200006));
#6286=CARTESIAN_POINT('',(0.052454970633613,0.126686475181321,0.014200050752));
#6287=CARTESIAN_POINT('',(0.052454970633613,0.126686475181321,0.00920005075200007));
#6288=CARTESIAN_POINT('',(0.0525668840382938,0.126632445572124,0.014200050752));
#6289=CARTESIAN_POINT('',(0.0525668840382939,0.126632445572124,0.00920005075200006));
#6290=CARTESIAN_POINT('',(0.05278684245731,0.126486994992578,0.014200050752));
#6291=CARTESIAN_POINT('',(0.05278684245731,0.126486994992578,0.00920005075200008));
#6292=CARTESIAN_POINT('',(0.0531915466951694,0.126114209466401,0.014200050752));
#6293=CARTESIAN_POINT('',(0.0531915466951694,0.126114209466401,0.00920005075200007));
#6294=CARTESIAN_POINT('',(0.0536631404022461,0.125484245959633,0.0142000507520001));
#6295=CARTESIAN_POINT('',(0.0536631404022461,0.125484245959633,0.00920005075200009));
#6296=CARTESIAN_POINT('',(0.0539184817087033,0.125053192259402,0.0142000507520001));
#6297=CARTESIAN_POINT('',(0.0539184817087033,0.125053192259402,0.00920005075200009));
#6298=CARTESIAN_POINT('',(0.0540030277417859,0.124817942436458,0.0142000507520001));
#6299=CARTESIAN_POINT('',(0.0540030277417859,0.124817942436458,0.00920005075200009));
#6300=CARTESIAN_POINT('',(0.0540445572320433,0.12467146732626,0.0142000507520001));
#6301=CARTESIAN_POINT('',(0.0540445572320433,0.12467146732626,0.00920005075200008));
#6302=CARTESIAN_POINT('',(0.054157980139327,0.124580934308861,0.0142000507520001));
#6303=CARTESIAN_POINT('',(0.054157980139327,0.124580934308861,0.00920005075200009));
#6304=CARTESIAN_POINT('',(0.0544631044238163,0.124424491600167,0.0142000507520001));
#6305=CARTESIAN_POINT('',(0.0544631044238163,0.124424491600167,0.00920005075200008));
#6306=CARTESIAN_POINT('',(0.0552497625062504,0.124165159732796,0.0142000507520001));
#6307=CARTESIAN_POINT('',(0.0552497625062505,0.124165159732796,0.00920005075200009));
#6308=CARTESIAN_POINT('',(0.0559938163401901,0.123897967200766,0.0142000507520001));
#6309=CARTESIAN_POINT('',(0.0559938163401901,0.123897967200766,0.00920005075200009));
#6310=CARTESIAN_POINT('',(0.0564004507688305,0.123725919698282,0.0142000507520001));
#6311=CARTESIAN_POINT('',(0.0564004507688305,0.123725919698282,0.00920005075200009));
#6312=CARTESIAN_POINT('',(0.0454604507745242,0.123638844885953,0.00920005075200002));
#6313=CARTESIAN_POINT('',(0.0455018420088808,0.123655452983879,0.00920005075200002));
#6314=CARTESIAN_POINT('',(0.0462001378081516,0.123932713586882,0.00920005075200003));
#6315=CARTESIAN_POINT('',(0.0471354493432655,0.124232780463546,0.00920005075200003));
#6316=CARTESIAN_POINT('',(0.0476011622406363,0.124282538478923,0.00920005075200003));
#6317=CARTESIAN_POINT('',(0.0474674478090376,0.124358429806242,0.00920005075200003));
#6318=CARTESIAN_POINT('',(0.0471128877998402,0.124737069709382,0.00920005075200003));
#6319=CARTESIAN_POINT('',(0.0465792760018788,0.125132963715764,0.00920005075200003));
#6320=CARTESIAN_POINT('',(0.0463997132232753,0.125126489751815,0.00920005075200003));
#6321=CARTESIAN_POINT('',(0.0463326621313523,0.125718777153664,0.00920005075200003));
#6322=CARTESIAN_POINT('',(0.0467729124700884,0.125943421644414,0.00920005075200003));
#6323=CARTESIAN_POINT('',(0.0477399704307175,0.125886843743989,0.00920005075200003));
#6324=CARTESIAN_POINT('',(0.04910498102162,0.125897789337525,0.00920005075200004));
#6325=CARTESIAN_POINT('',(0.0491440177361423,0.12596503712784,0.00920005075200004));
#6326=CARTESIAN_POINT('',(0.0491089711720687,0.126018685590669,0.00920005075200004));
#6327=CARTESIAN_POINT('',(0.0490255117985215,0.126002605827947,0.00920005075200004));
#6328=CARTESIAN_POINT('',(0.0487892517201582,0.126495562977916,0.00920005075200003));
#6329=CARTESIAN_POINT('',(0.0487559656673832,0.127064180735659,0.00920005075200003));
#6330=CARTESIAN_POINT('',(0.04935678161538,0.127164105926632,0.00920005075200004));
#6331=CARTESIAN_POINT('',(0.0501953948169333,0.126863030132882,0.00920005075200004));
#6332=CARTESIAN_POINT('',(0.0509265514066689,0.126550771072257,0.00920005075200004));
#6333=CARTESIAN_POINT('',(0.0518189009719633,0.125953835003956,0.00920005075200005));
#6334=CARTESIAN_POINT('',(0.0518063488445674,0.125970245836131,0.00920005075200005));
#6335=CARTESIAN_POINT('',(0.0518848821348103,0.126215446281939,0.00920005075200005));
#6336=CARTESIAN_POINT('',(0.051701836847865,0.126212454108632,0.00920005075200005));
#6337=CARTESIAN_POINT('',(0.05172260480868,0.12672637657155,0.00920005075200005));
#6338=CARTESIAN_POINT('',(0.0518239297472469,0.126643697159149,0.00920005075200005));
#6339=CARTESIAN_POINT('',(0.0523944879424843,0.126713903536548,0.00920005075200005));
#6340=CARTESIAN_POINT('',(0.0526048908796216,0.126619367116086,0.00920005075200005));
#6341=CARTESIAN_POINT('',(0.0531396830128862,0.126218774718723,0.00920005075200005));
#6342=CARTESIAN_POINT('',(0.0539665692617263,0.125076632284009,0.00920005075200005));
#6343=CARTESIAN_POINT('',(0.0540225673166681,0.124684201215839,0.00920005075200005));
#6344=CARTESIAN_POINT('',(0.054168552785456,0.124574855211587,0.00920005075200005));
#6345=CARTESIAN_POINT('',(0.0546343719399919,0.124344173010757,0.00920005075200006));
#6346=CARTESIAN_POINT('',(0.0556376918970266,0.124048643869302,0.00920005075200006));
#6347=CARTESIAN_POINT('',(0.0564004507688305,0.123725919698282,0.00920005075200006));
#6348=CARTESIAN_POINT('',(0.0454604507745242,0.123638844885953,0.00920005075200002));
#6349=CARTESIAN_POINT('',(0.0564004507744613,0.1237259196959,0.00920005075200006));
#6350=CARTESIAN_POINT('',(0.0454604507745242,0.123638844885953,0.014200050752));
#6351=CARTESIAN_POINT('',(0.0454604507745242,0.123638844885953,0.014200050752));
#6352=CARTESIAN_POINT('',(0.0454604507745242,0.123638844885953,0.014200050752));
#6353=CARTESIAN_POINT('',(0.0455018420088808,0.123655452983879,0.014200050752));
#6354=CARTESIAN_POINT('',(0.0462001378081516,0.123932713586882,0.014200050752));
#6355=CARTESIAN_POINT('',(0.0471354493432654,0.124232780463546,0.014200050752));
#6356=CARTESIAN_POINT('',(0.0476011622406363,0.124282538478923,0.014200050752));
#6357=CARTESIAN_POINT('',(0.0474674478090376,0.124358429806242,0.014200050752));
#6358=CARTESIAN_POINT('',(0.0471128877998401,0.124737069709382,0.014200050752));
#6359=CARTESIAN_POINT('',(0.0465792760018787,0.125132963715764,0.014200050752));
#6360=CARTESIAN_POINT('',(0.0463997132232753,0.125126489751815,0.014200050752));
#6361=CARTESIAN_POINT('',(0.0463326621313523,0.125718777153664,0.014200050752));
#6362=CARTESIAN_POINT('',(0.0467729124700884,0.125943421644414,0.014200050752));
#6363=CARTESIAN_POINT('',(0.0477399704307175,0.125886843743989,0.014200050752));
#6364=CARTESIAN_POINT('',(0.04910498102162,0.125897789337525,0.014200050752));
#6365=CARTESIAN_POINT('',(0.0491440177361423,0.12596503712784,0.014200050752));
#6366=CARTESIAN_POINT('',(0.0491089711720687,0.126018685590669,0.014200050752));
#6367=CARTESIAN_POINT('',(0.0490255117985215,0.126002605827947,0.014200050752));
#6368=CARTESIAN_POINT('',(0.0487892517201582,0.126495562977916,0.014200050752));
#6369=CARTESIAN_POINT('',(0.0487559656673832,0.127064180735659,0.014200050752));
#6370=CARTESIAN_POINT('',(0.04935678161538,0.127164105926632,0.014200050752));
#6371=CARTESIAN_POINT('',(0.0501953948169333,0.126863030132882,0.014200050752));
#6372=CARTESIAN_POINT('',(0.0509265514066688,0.126550771072257,0.014200050752));
#6373=CARTESIAN_POINT('',(0.0518189009719633,0.125953835003956,0.014200050752));
#6374=CARTESIAN_POINT('',(0.0518063488445674,0.125970245836131,0.014200050752));
#6375=CARTESIAN_POINT('',(0.0518848821348103,0.126215446281939,0.014200050752));
#6376=CARTESIAN_POINT('',(0.051701836847865,0.126212454108632,0.014200050752));
#6377=CARTESIAN_POINT('',(0.05172260480868,0.12672637657155,0.014200050752));
#6378=CARTESIAN_POINT('',(0.0518239297472469,0.126643697159149,0.014200050752));
#6379=CARTESIAN_POINT('',(0.0523944879424843,0.126713903536548,0.014200050752));
#6380=CARTESIAN_POINT('',(0.0526048908796215,0.126619367116086,0.014200050752));
#6381=CARTESIAN_POINT('',(0.0531396830128862,0.126218774718723,0.014200050752));
#6382=CARTESIAN_POINT('',(0.0539665692617263,0.125076632284009,0.0142000507520001));
#6383=CARTESIAN_POINT('',(0.0540225673166681,0.124684201215839,0.0142000507520001));
#6384=CARTESIAN_POINT('',(0.0541685527854559,0.124574855211587,0.0142000507520001));
#6385=CARTESIAN_POINT('',(0.0546343719399919,0.124344173010757,0.0142000507520001));
#6386=CARTESIAN_POINT('',(0.0556376918970266,0.124048643869302,0.0142000507520001));
#6387=CARTESIAN_POINT('',(0.0564004507688305,0.123725919698282,0.0142000507520001));
#6388=CARTESIAN_POINT('',(0.0564004507744613,0.1237259196959,0.0142000507520001));
#6389=CARTESIAN_POINT('',(0.0564004507744613,0.1237259196959,0.0142000507520001));
#6390=CARTESIAN_POINT('',(0.0454604507744637,0.121285390677507,0.014200050752));
#6391=CARTESIAN_POINT('',(0.0454604507744638,0.121285390677507,0.00920005075200002));
#6392=CARTESIAN_POINT('',(0.0454604507911431,0.118931936466962,0.00920005075200002));
#6393=CARTESIAN_POINT('',(0.0454604507911431,0.118931936466962,0.014200050752));
#6394=CARTESIAN_POINT('',(0.0454604507911431,0.118931936466962,0.014200050752));
#6395=CARTESIAN_POINT('',(0.0454604507744637,0.121285390677507,0.014200050752));
#6396=CARTESIAN_POINT('',(0.0564004507931615,0.120270755061949,0.0142000507520001));
#6397=CARTESIAN_POINT('',(0.0564004507931615,0.120270755061949,0.00920005075200006));
#6398=CARTESIAN_POINT('',(0.055672019020049,0.120575177414569,0.0142000507520001));
#6399=CARTESIAN_POINT('',(0.055672019020049,0.120575177414569,0.00920005075200006));
#6400=CARTESIAN_POINT('',(0.0540044973590756,0.120941626657395,0.0142000507520001));
#6401=CARTESIAN_POINT('',(0.0540044973590756,0.120941626657395,0.00920005075200006));
#6402=CARTESIAN_POINT('',(0.0500308376310042,0.12089496574768,0.014200050752));
#6403=CARTESIAN_POINT('',(0.0500308376310042,0.12089496574768,0.00920005075200005));
#6404=CARTESIAN_POINT('',(0.0468953424309213,0.120007523647406,0.014200050752));
#6405=CARTESIAN_POINT('',(0.0468953424309213,0.120007523647406,0.00920005075200002));
#6406=CARTESIAN_POINT('',(0.0454604507911431,0.118931936466962,0.014200050752));
#6407=CARTESIAN_POINT('',(0.0454604507911431,0.118931936466962,0.00920005075200002));
#6408=CARTESIAN_POINT('',(0.0564004507931615,0.120270755061949,0.00920005075200006));
#6409=CARTESIAN_POINT('',(0.0553086620446447,0.120727029639275,0.00920005075200006));
#6410=CARTESIAN_POINT('',(0.0517484044803716,0.121226640358173,0.00920005075200005));
#6411=CARTESIAN_POINT('',(0.0472549112982202,0.120277054567674,0.00920005075200003));
#6412=CARTESIAN_POINT('',(0.0454604507911431,0.118931936466962,0.00920005075200002));
#6413=CARTESIAN_POINT('',(0.0564004507931615,0.120270755061949,0.00920005075200006));
#6414=CARTESIAN_POINT('',(0.0564004507931615,0.120270755061949,0.0142000507520001));
#6415=CARTESIAN_POINT('',(0.0564004507931615,0.120270755061949,0.0142000507520001));
#6416=CARTESIAN_POINT('',(0.0564004507931615,0.120270755061949,0.0142000507520001));
#6417=CARTESIAN_POINT('',(0.0553086620446447,0.120727029639275,0.0142000507520001));
#6418=CARTESIAN_POINT('',(0.0517484044803716,0.121226640358173,0.014200050752));
#6419=CARTESIAN_POINT('',(0.0472549112982202,0.120277054567674,0.014200050752));
#6420=CARTESIAN_POINT('',(0.0454604507911431,0.118931936466962,0.014200050752));
#6421=CARTESIAN_POINT('',(0.0564004507744613,0.121998337382688,0.0142000507520001));
#6422=CARTESIAN_POINT('',(0.0564004507744613,0.121998337382688,0.00920005075200006));
#6423=CARTESIAN_POINT('',(0.0564004507744613,0.121998337382688,0.0142000507520001));
#6424=CARTESIAN_POINT('',(0.051191918354837,0.106515864840706,0.014200050752));
#6425=CARTESIAN_POINT('',(0.051191918354837,0.106515864840706,0.00920005075200004));
#6426=CARTESIAN_POINT('',(0.,0.,0.));
#6427=CARTESIAN_POINT('',(0.0340737769101076,0.0969957327908592,0.00920005075199998));
#6428=CARTESIAN_POINT('',(0.0340737769101076,0.0969957327908592,0.00820005075199998));
#6429=CARTESIAN_POINT('',(0.0343269368505883,0.0966595424521171,0.00920005075199998));
#6430=CARTESIAN_POINT('',(0.0343269368505883,0.0966595424521171,0.00820005075199998));
#6431=CARTESIAN_POINT('',(0.0348780948364617,0.0960199730920802,0.00920005075199998));
#6432=CARTESIAN_POINT('',(0.0348780948364617,0.0960199730920802,0.00820005075199998));
#6433=CARTESIAN_POINT('',(0.0358972029352403,0.0952021310945984,0.00920005075199999));
#6434=CARTESIAN_POINT('',(0.0358972029352403,0.0952021310945984,0.00820005075199999));
#6435=CARTESIAN_POINT('',(0.0366238890580109,0.0947178653279412,0.00920005075199999));
#6436=CARTESIAN_POINT('',(0.0366238890580109,0.0947178653279412,0.00820005075199999));
#6437=CARTESIAN_POINT('',(0.0369118427748689,0.0944951237859866,0.00920005075199999));
#6438=CARTESIAN_POINT('',(0.0369118427748689,0.0944951237859866,0.00820005075199999));
#6439=CARTESIAN_POINT('',(0.0369162809253254,0.0944393007477959,0.00920005075199999));
#6440=CARTESIAN_POINT('',(0.0369162809253255,0.0944393007477959,0.00820005075199999));
#6441=CARTESIAN_POINT('',(0.0367303185162421,0.0944171035448408,0.00920005075199999));
#6442=CARTESIAN_POINT('',(0.0367303185162421,0.0944171035448408,0.00820005075199999));
#6443=CARTESIAN_POINT('',(0.0363715507574334,0.0941894964761806,0.00920005075199999));
#6444=CARTESIAN_POINT('',(0.0363715507574334,0.0941894964761806,0.00820005075199999));
#6445=CARTESIAN_POINT('',(0.0357663387516277,0.0935885765516489,0.00920005075199999));
#6446=CARTESIAN_POINT('',(0.0357663387516277,0.0935885765516489,0.00820005075199999));
#6447=CARTESIAN_POINT('',(0.0349747143384806,0.0925075590353992,0.00920005075199998));
#6448=CARTESIAN_POINT('',(0.0349747143384806,0.0925075590353992,0.00820005075199999));
#6449=CARTESIAN_POINT('',(0.0345346229280108,0.0916494082659507,0.00920005075199998));
#6450=CARTESIAN_POINT('',(0.0345346229280108,0.0916494082659507,0.00820005075199998));
#6451=CARTESIAN_POINT('',(0.0343582117513384,0.0912081788222024,0.00920005075199998));
#6452=CARTESIAN_POINT('',(0.0343582117513384,0.0912081788222024,0.00820005075199998));
#6453=CARTESIAN_POINT('',(0.0340737769101076,0.0969957327908592,0.00820005075199998));
#6454=CARTESIAN_POINT('',(0.0343898279251417,0.0965760246111119,0.00820005075199998));
#6455=CARTESIAN_POINT('',(0.0354559837379164,0.0953924932388907,0.00820005075199999));
#6456=CARTESIAN_POINT('',(0.0371824555415415,0.0944148855443109,0.00820005075199999));
#6457=CARTESIAN_POINT('',(0.0364977423293124,0.094466648169074,0.00820005075199999));
#6458=CARTESIAN_POINT('',(0.035107941020615,0.0929187378043031,0.00820005075199999));
#6459=CARTESIAN_POINT('',(0.0344337631405049,0.0913971435921517,0.00820005075199999));
#6460=CARTESIAN_POINT('',(0.0343582117513384,0.0912081788222024,0.00820005075199999));
#6461=CARTESIAN_POINT('',(0.0340737769101076,0.0969957327908592,0.00820005075199998));
#6462=CARTESIAN_POINT('',(0.0343582117513384,0.0912081788222024,0.00820005075199999));
#6463=CARTESIAN_POINT('',(0.0343582117513384,0.0912081788222024,0.00920005075199998));
#6464=CARTESIAN_POINT('',(0.0343582117513384,0.0912081788222024,0.00920005075199998));
#6465=CARTESIAN_POINT('',(0.0340737769101076,0.0969957327908592,0.00920005075199998));
#6466=CARTESIAN_POINT('',(0.0343898279251417,0.0965760246111119,0.00920005075199998));
#6467=CARTESIAN_POINT('',(0.0354559837379164,0.0953924932388907,0.00920005075199999));
#6468=CARTESIAN_POINT('',(0.0371824555415415,0.0944148855443109,0.00920005075199999));
#6469=CARTESIAN_POINT('',(0.0364977423293124,0.094466648169074,0.00920005075199999));
#6470=CARTESIAN_POINT('',(0.035107941020615,0.0929187378043031,0.00920005075199999));
#6471=CARTESIAN_POINT('',(0.0344337631405049,0.0913971435921517,0.00920005075199998));
#6472=CARTESIAN_POINT('',(0.0343582117513384,0.0912081788222024,0.00920005075199998));
#6473=CARTESIAN_POINT('',(0.0340737769101076,0.0969957327908592,0.00920005075199998));
#6474=CARTESIAN_POINT('',(0.0340737769101076,0.0969957327908592,0.00920005075199998));
#6475=CARTESIAN_POINT('',(0.0369292198873507,0.091208178816357,0.00920005075199999));
#6476=CARTESIAN_POINT('',(0.0369292198873507,0.091208178816357,0.00820005075199999));
#6477=CARTESIAN_POINT('',(0.0395002280256858,0.091208178797196,0.008200050752));
#6478=CARTESIAN_POINT('',(0.0395002280256858,0.091208178797196,0.009200050752));
#6479=CARTESIAN_POINT('',(0.0395002280256858,0.091208178797196,0.009200050752));
#6480=CARTESIAN_POINT('',(0.0369292198873507,0.091208178816357,0.00920005075199999));
#6481=CARTESIAN_POINT('',(0.0420304125851319,0.0969957327745233,0.00920005075200001));
#6482=CARTESIAN_POINT('',(0.0420304125851319,0.0969957327745233,0.00820005075200001));
#6483=CARTESIAN_POINT('',(0.0424824665331952,0.0952405170029366,0.00920005075200001));
#6484=CARTESIAN_POINT('',(0.0424824665331952,0.0952405170029366,0.00820005075200001));
#6485=CARTESIAN_POINT('',(0.0406546040462156,0.0932664509336138,0.00920005075200001));
#6486=CARTESIAN_POINT('',(0.0406546040462156,0.0932664509336138,0.00820005075200001));
#6487=CARTESIAN_POINT('',(0.0395002280256858,0.091208178797196,0.009200050752));
#6488=CARTESIAN_POINT('',(0.0395002280256858,0.091208178797196,0.008200050752));
#6489=CARTESIAN_POINT('',(0.0420304125851319,0.0969957327745233,0.00820005075200001));
#6490=CARTESIAN_POINT('',(0.0424824665331952,0.0952405170029366,0.00820005075200001));
#6491=CARTESIAN_POINT('',(0.0406546040462156,0.0932664509336138,0.008200050752));
#6492=CARTESIAN_POINT('',(0.0395002280256858,0.091208178797196,0.008200050752));
#6493=CARTESIAN_POINT('',(0.0420304125851319,0.0969957327745233,0.00820005075200001));
#6494=CARTESIAN_POINT('',(0.0420304125851319,0.0969957327745233,0.00920005075200001));
#6495=CARTESIAN_POINT('',(0.0420304125851319,0.0969957327745233,0.00920005075200001));
#6496=CARTESIAN_POINT('',(0.0420304125851319,0.0969957327745233,0.00920005075200001));
#6497=CARTESIAN_POINT('',(0.0424824665331952,0.0952405170029366,0.00920005075200001));
#6498=CARTESIAN_POINT('',(0.0406546040462156,0.0932664509336138,0.00920005075200001));
#6499=CARTESIAN_POINT('',(0.0395002280256858,0.091208178797196,0.009200050752));
#6500=CARTESIAN_POINT('',(0.0380520947473818,0.096995732791466,0.009200050752));
#6501=CARTESIAN_POINT('',(0.0380520947473818,0.096995732791466,0.008200050752));
#6502=CARTESIAN_POINT('',(0.0380520947473818,0.096995732791466,0.009200050752));
#6503=CARTESIAN_POINT('',(0.0511902438947076,0.106522326585253,0.00920005075200004));
#6504=CARTESIAN_POINT('',(0.0511902438947076,0.106522326585253,0.00820005075200004));
#6505=CARTESIAN_POINT('',(0.,0.,0.));
#6506=CARTESIAN_POINT('',(0.0416794788771766,0.11218927104692,0.014200050752));
#6507=CARTESIAN_POINT('',(0.0416794788771766,0.11218927104692,0.00920005075200001));
#6508=CARTESIAN_POINT('',(0.0373067628176805,0.112189271060776,0.00920005075199999));
#6509=CARTESIAN_POINT('',(0.0460521949257814,0.11218927104692,0.00920005075200003));
#6510=CARTESIAN_POINT('',(0.0373067628176805,0.112189271060776,0.014200050752));
#6511=CARTESIAN_POINT('',(0.0373067628176805,0.112189271060776,0.014200050752));
#6512=CARTESIAN_POINT('',(0.0416794788771766,0.11218927104692,0.014200050752));
#6513=CARTESIAN_POINT('',(0.0460521949257813,0.11218927104692,0.014200050752));
#6514=CARTESIAN_POINT('',(0.0460521949257813,0.11218927104692,0.014200050752));
#6515=CARTESIAN_POINT('',(0.0373067628176805,0.112189271060776,0.014200050752));
#6516=CARTESIAN_POINT('',(0.0373067628176805,0.112189271060776,0.00920005075199999));
#6517=CARTESIAN_POINT('',(0.0376785846729235,0.111716910160783,0.014200050752));
#6518=CARTESIAN_POINT('',(0.0376785846729235,0.111716910160783,0.00920005075199999));
#6519=CARTESIAN_POINT('',(0.0381034749741697,0.110561345014298,0.014200050752));
#6520=CARTESIAN_POINT('',(0.0381034749741698,0.110561345014298,0.00920005075199999));
#6521=CARTESIAN_POINT('',(0.0380057895712364,0.108475448778554,0.014200050752));
#6522=CARTESIAN_POINT('',(0.0380057895712364,0.108475448778554,0.00920005075199999));
#6523=CARTESIAN_POINT('',(0.0373888442683708,0.106321727842045,0.014200050752));
#6524=CARTESIAN_POINT('',(0.0373888442683708,0.106321727842045,0.00920005075199999));
#6525=CARTESIAN_POINT('',(0.0369073950378441,0.10420080285662,0.014200050752));
#6526=CARTESIAN_POINT('',(0.0369073950378441,0.10420080285662,0.00920005075199999));
#6527=CARTESIAN_POINT('',(0.0372892177056252,0.102217393910792,0.014200050752));
#6528=CARTESIAN_POINT('',(0.0372892177056252,0.102217393910792,0.00920005075199999));
#6529=CARTESIAN_POINT('',(0.0390207553584561,0.100445736776418,0.014200050752));
#6530=CARTESIAN_POINT('',(0.0390207553584561,0.100445736776418,0.00920005075199999));
#6531=CARTESIAN_POINT('',(0.0410097238905406,0.0987504565738555,0.014200050752));
#6532=CARTESIAN_POINT('',(0.0410097238905406,0.0987504565738555,0.00920005075199999));
#6533=CARTESIAN_POINT('',(0.0418779803409068,0.0975941314852146,0.014200050752));
#6534=CARTESIAN_POINT('',(0.0418779803409068,0.0975941314852146,0.00920005075199999));
#6535=CARTESIAN_POINT('',(0.0420337615053907,0.0969892710299771,0.014200050752));
#6536=CARTESIAN_POINT('',(0.0420337615053907,0.0969892710299771,0.00920005075199999));
#6537=CARTESIAN_POINT('',(0.0373067628176805,0.112189271060776,0.00920005075199999));
#6538=CARTESIAN_POINT('',(0.0380606151502856,0.111231580270764,0.009200050752));
#6539=CARTESIAN_POINT('',(0.0382976707936019,0.107901273544343,0.009200050752));
#6540=CARTESIAN_POINT('',(0.0353976130422968,0.102023657394885,0.00920005075199999));
#6541=CARTESIAN_POINT('',(0.0415174566546106,0.0989062764851545,0.00920005075200001));
#6542=CARTESIAN_POINT('',(0.0420297323568448,0.097004915235949,0.00920005075200001));
#6543=CARTESIAN_POINT('',(0.0420337615053907,0.0969892710299771,0.00920005075200001));
#6544=CARTESIAN_POINT('',(0.0420337615053907,0.0969892710299771,0.00920005075200001));
#6545=CARTESIAN_POINT('',(0.0420337615053907,0.0969892710299771,0.014200050752));
#6546=CARTESIAN_POINT('',(0.0420337615053907,0.0969892710299771,0.014200050752));
#6547=CARTESIAN_POINT('',(0.0373067628176805,0.112189271060776,0.014200050752));
#6548=CARTESIAN_POINT('',(0.0380606151502855,0.111231580270764,0.014200050752));
#6549=CARTESIAN_POINT('',(0.0382976707936019,0.107901273544343,0.014200050752));
#6550=CARTESIAN_POINT('',(0.0353976130422968,0.102023657394885,0.014200050752));
#6551=CARTESIAN_POINT('',(0.0415174566546106,0.0989062764851545,0.014200050752));
#6552=CARTESIAN_POINT('',(0.0420297323568447,0.097004915235949,0.014200050752));
#6553=CARTESIAN_POINT('',(0.0420337615053907,0.0969892710299771,0.014200050752));
#6554=CARTESIAN_POINT('',(0.0440429782155766,0.0969892710469197,0.014200050752));
#6555=CARTESIAN_POINT('',(0.0440429782155766,0.0969892710469197,0.00920005075200002));
#6556=CARTESIAN_POINT('',(0.0460521949257814,0.0969892710469197,0.00920005075200003));
#6557=CARTESIAN_POINT('',(0.0460521949257813,0.0969892710469197,0.014200050752));
#6558=CARTESIAN_POINT('',(0.0460521949257813,0.0969892710469197,0.014200050752));
#6559=CARTESIAN_POINT('',(0.0440429782155766,0.0969892710469197,0.014200050752));
#6560=CARTESIAN_POINT('',(0.0460521949257813,0.10458927104692,0.014200050752));
#6561=CARTESIAN_POINT('',(0.0460521949257814,0.10458927104692,0.00920005075200003));
#6562=CARTESIAN_POINT('',(0.0460521949257813,0.10458927104692,0.014200050752));
#6563=CARTESIAN_POINT('',(0.051191918354837,0.106515864840706,0.014200050752));
#6564=CARTESIAN_POINT('',(0.051191918354837,0.106515864840706,0.00920005075200004));
#6565=CARTESIAN_POINT('',(0.,0.,0.));
#6566=CARTESIAN_POINT('',(0.0420337615053907,0.0969892710299771,0.014200050752));
#6567=CARTESIAN_POINT('',(0.0420337615053907,0.0969892710299771,0.00920005075200001));
#6568=CARTESIAN_POINT('',(0.0424858154534539,0.0952340552583904,0.014200050752));
#6569=CARTESIAN_POINT('',(0.042485815453454,0.0952340552583904,0.00920005075200001));
#6570=CARTESIAN_POINT('',(0.0406579529664744,0.0932599891890676,0.014200050752));
#6571=CARTESIAN_POINT('',(0.0406579529664744,0.0932599891890676,0.00920005075200001));
#6572=CARTESIAN_POINT('',(0.0395035769459445,0.0912017170526497,0.014200050752));
#6573=CARTESIAN_POINT('',(0.0395035769459446,0.0912017170526497,0.00920005075200001));
#6574=CARTESIAN_POINT('',(0.0420337615053907,0.0969892710299771,0.00920005075200001));
#6575=CARTESIAN_POINT('',(0.042485815453454,0.0952340552583904,0.00920005075200001));
#6576=CARTESIAN_POINT('',(0.0406579529664745,0.0932599891890676,0.00920005075200001));
#6577=CARTESIAN_POINT('',(0.0395035769459446,0.0912017170526497,0.009200050752));
#6578=CARTESIAN_POINT('',(0.0420337615053907,0.0969892710299771,0.00920005075200001));
#6579=CARTESIAN_POINT('',(0.0395035769459446,0.0912017170526497,0.009200050752));
#6580=CARTESIAN_POINT('',(0.0395035769459445,0.0912017170526497,0.014200050752));
#6581=CARTESIAN_POINT('',(0.0395035769459445,0.0912017170526497,0.014200050752));
#6582=CARTESIAN_POINT('',(0.0420337615053907,0.0969892710299771,0.014200050752));
#6583=CARTESIAN_POINT('',(0.042485815453454,0.0952340552583904,0.014200050752));
#6584=CARTESIAN_POINT('',(0.0406579529664744,0.0932599891890676,0.014200050752));
#6585=CARTESIAN_POINT('',(0.0395035769459445,0.0912017170526497,0.014200050752));
#6586=CARTESIAN_POINT('',(0.0420337615053907,0.0969892710299771,0.014200050752));
#6587=CARTESIAN_POINT('',(0.0420337615053907,0.0969892710299771,0.014200050752));
#6588=CARTESIAN_POINT('',(0.0438367447333811,0.0912017170718108,0.014200050752));
#6589=CARTESIAN_POINT('',(0.0438367447333811,0.0912017170718108,0.00920005075200002));
#6590=CARTESIAN_POINT('',(0.0481699125208032,0.0912017170718108,0.00920005075200003));
#6591=CARTESIAN_POINT('',(0.0481699125208032,0.0912017170718108,0.014200050752));
#6592=CARTESIAN_POINT('',(0.0481699125208032,0.0912017170718108,0.014200050752));
#6593=CARTESIAN_POINT('',(0.0438367447333811,0.0912017170718108,0.014200050752));
#6594=CARTESIAN_POINT('',(0.0481699125208032,0.0836017170718113,0.014200050752));
#6595=CARTESIAN_POINT('',(0.0481699125208032,0.0836017170718113,0.00920005075200003));
#6596=CARTESIAN_POINT('',(0.0481699125208032,0.0760017170718118,0.00920005075200003));
#6597=CARTESIAN_POINT('',(0.0481699125208032,0.0760017170718118,0.014200050752));
#6598=CARTESIAN_POINT('',(0.0481699125208032,0.0760017170718118,0.014200050752));
#6599=CARTESIAN_POINT('',(0.0481699125208032,0.0836017170718113,0.014200050752));
#6600=CARTESIAN_POINT('',(0.0441846328657621,0.0760017170718118,0.014200050752));
#6601=CARTESIAN_POINT('',(0.0441846328657621,0.0760017170718118,0.00920005075200002));
#6602=CARTESIAN_POINT('',(0.0401993532102598,0.0760017170762285,0.00920005075200001));
#6603=CARTESIAN_POINT('',(0.0401993532102598,0.0760017170762285,0.014200050752));
#6604=CARTESIAN_POINT('',(0.0401993532102598,0.0760017170762285,0.014200050752));
#6605=CARTESIAN_POINT('',(0.0441846328657621,0.0760017170718118,0.014200050752));
#6606=CARTESIAN_POINT('',(0.0401993532102598,0.0760017170762285,0.014200050752));
#6607=CARTESIAN_POINT('',(0.0401993532102598,0.0760017170762285,0.00920005075200001));
#6608=CARTESIAN_POINT('',(0.0427872655096357,0.0743799942455405,0.014200050752));
#6609=CARTESIAN_POINT('',(0.0427872655096357,0.0743799942455405,0.00920005075200002));
#6610=CARTESIAN_POINT('',(0.0497397197549112,0.0728823580789964,0.014200050752));
#6611=CARTESIAN_POINT('',(0.0497397197549113,0.0728823580789964,0.00920005075200004));
#6612=CARTESIAN_POINT('',(0.0586521082588082,0.0735929761338632,0.0142000507520001));
#6613=CARTESIAN_POINT('',(0.0586521082588083,0.0735929761338632,0.00920005075200008));
#6614=CARTESIAN_POINT('',(0.0618772411103347,0.075012139520734,0.0142000507520001));
#6615=CARTESIAN_POINT('',(0.0618772411103348,0.075012139520734,0.00920005075200009));
#6616=CARTESIAN_POINT('',(0.062938825405677,0.076001717071756,0.0142000507520001));
#6617=CARTESIAN_POINT('',(0.062938825405677,0.076001717071756,0.00920005075200009));
#6618=CARTESIAN_POINT('',(0.0401993532102598,0.0760017170762285,0.00920005075200001));
#6619=CARTESIAN_POINT('',(0.0451255969914225,0.0729146719660163,0.00920005075200002));
#6620=CARTESIAN_POINT('',(0.058102919827513,0.0720380586011546,0.00920005075200007));
#6621=CARTESIAN_POINT('',(0.0627340649302658,0.0758108453993956,0.00920005075200008));
#6622=CARTESIAN_POINT('',(0.062938825405677,0.076001717071756,0.00920005075200008));
#6623=CARTESIAN_POINT('',(0.062938825405677,0.076001717071756,0.00920005075200008));
#6624=CARTESIAN_POINT('',(0.062938825405677,0.076001717071756,0.0142000507520001));
#6625=CARTESIAN_POINT('',(0.062938825405677,0.076001717071756,0.0142000507520001));
#6626=CARTESIAN_POINT('',(0.0401993532102598,0.0760017170762285,0.014200050752));
#6627=CARTESIAN_POINT('',(0.0451255969914225,0.0729146719660163,0.014200050752));
#6628=CARTESIAN_POINT('',(0.058102919827513,0.0720380586011546,0.0142000507520001));
#6629=CARTESIAN_POINT('',(0.0627340649302658,0.0758108453993956,0.0142000507520001));
#6630=CARTESIAN_POINT('',(0.062938825405677,0.076001717071756,0.0142000507520001));
#6631=CARTESIAN_POINT('',(0.058933627357368,0.0760017170718118,0.0142000507520001));
#6632=CARTESIAN_POINT('',(0.058933627357368,0.0760017170718118,0.00920005075200007));
#6633=CARTESIAN_POINT('',(0.0549284293090432,0.0760017170718118,0.00920005075200006));
#6634=CARTESIAN_POINT('',(0.0549284293090432,0.0760017170718118,0.0142000507520001));
#6635=CARTESIAN_POINT('',(0.0549284293090432,0.0760017170718118,0.0142000507520001));
#6636=CARTESIAN_POINT('',(0.058933627357368,0.0760017170718118,0.0142000507520001));
#6637=CARTESIAN_POINT('',(0.0549284293090432,0.0836017170718113,0.0142000507520001));
#6638=CARTESIAN_POINT('',(0.0549284293090432,0.0836017170718113,0.00920005075200006));
#6639=CARTESIAN_POINT('',(0.0549284293090432,0.0912017170718108,0.00920005075200006));
#6640=CARTESIAN_POINT('',(0.0549284293090432,0.0912017170718108,0.0142000507520001));
#6641=CARTESIAN_POINT('',(0.0549284293090432,0.0912017170718108,0.0142000507520001));
#6642=CARTESIAN_POINT('',(0.0549284293090432,0.0836017170718113,0.0142000507520001));
#6643=CARTESIAN_POINT('',(0.0587498183482579,0.0912017170718108,0.0142000507520001));
#6644=CARTESIAN_POINT('',(0.058749818348258,0.0912017170718108,0.00920005075200007));
#6645=CARTESIAN_POINT('',(0.0625712073875135,0.0912017170705562,0.00920005075200008));
#6646=CARTESIAN_POINT('',(0.0625712073875134,0.0912017170705562,0.0142000507520001));
#6647=CARTESIAN_POINT('',(0.0625712073875134,0.0912017170705562,0.0142000507520001));
#6648=CARTESIAN_POINT('',(0.0587498183482579,0.0912017170718108,0.0142000507520001));
#6649=CARTESIAN_POINT('',(0.0625712073875134,0.0912017170705562,0.0142000507520001));
#6650=CARTESIAN_POINT('',(0.0625712073875134,0.0912017170705562,0.00920005075200008));
#6651=CARTESIAN_POINT('',(0.0619029306711298,0.0920881600267889,0.0142000507520001));
#6652=CARTESIAN_POINT('',(0.0619029306711298,0.0920881600267889,0.00920005075200008));
#6653=CARTESIAN_POINT('',(0.060739165655832,0.0934723425875138,0.0142000507520001));
#6654=CARTESIAN_POINT('',(0.060739165655832,0.0934723425875138,0.00920005075200007));
#6655=CARTESIAN_POINT('',(0.0598905130893879,0.0951753203538106,0.0142000507520001));
#6656=CARTESIAN_POINT('',(0.0598905130893879,0.0951753203538106,0.00920005075200008));
#6657=CARTESIAN_POINT('',(0.0598934816617227,0.0966893596387156,0.0142000507520001));
#6658=CARTESIAN_POINT('',(0.0598934816617227,0.0966893596387156,0.00920005075200007));
#6659=CARTESIAN_POINT('',(0.0618560987954133,0.0981383437289415,0.0142000507520001));
#6660=CARTESIAN_POINT('',(0.0618560987954133,0.0981383437289415,0.00920005075200009));
#6661=CARTESIAN_POINT('',(0.0639114761326829,0.0992129366692894,0.0142000507520001));
#6662=CARTESIAN_POINT('',(0.0639114761326829,0.0992129366692894,0.0092000507520001));
#6663=CARTESIAN_POINT('',(0.0646893919913244,0.0998189205128598,0.0142000507520001));
#6664=CARTESIAN_POINT('',(0.0646893919913244,0.0998189205128598,0.0092000507520001));
#6665=CARTESIAN_POINT('',(0.0625712073875135,0.0912017170705562,0.00920005075200008));
#6666=CARTESIAN_POINT('',(0.0613074256087957,0.0928780742269478,0.00920005075200008));
#6667=CARTESIAN_POINT('',(0.0578091469515224,0.0967015781092138,0.00920005075200007));
#6668=CARTESIAN_POINT('',(0.0630488495212097,0.0985409645224567,0.00920005075200009));
#6669=CARTESIAN_POINT('',(0.0646893919913244,0.0998189205128598,0.00920005075200009));
#6670=CARTESIAN_POINT('',(0.0646893919913244,0.0998189205128598,0.00920005075200009));
#6671=CARTESIAN_POINT('',(0.0646893919913244,0.0998189205128598,0.0142000507520001));
#6672=CARTESIAN_POINT('',(0.0646893919913244,0.0998189205128598,0.0142000507520001));
#6673=CARTESIAN_POINT('',(0.0625712073875134,0.0912017170705562,0.0142000507520001));
#6674=CARTESIAN_POINT('',(0.0613074256087957,0.0928780742269478,0.0142000507520001));
#6675=CARTESIAN_POINT('',(0.0578091469515224,0.0967015781092138,0.0142000507520001));
#6676=CARTESIAN_POINT('',(0.0630488495212097,0.0985409645224567,0.0142000507520001));
#6677=CARTESIAN_POINT('',(0.0646893919913244,0.0998189205128598,0.0142000507520001));
#6678=CARTESIAN_POINT('',(0.0624379325791096,0.0998189205262208,0.0142000507520001));
#6679=CARTESIAN_POINT('',(0.0624379325791096,0.0998189205262208,0.00920005075200008));
#6680=CARTESIAN_POINT('',(0.0601864731515112,0.0998189205262208,0.00920005075200007));
#6681=CARTESIAN_POINT('',(0.0601864731515112,0.0998189205262208,0.0142000507520001));
#6682=CARTESIAN_POINT('',(0.0601864731515112,0.0998189205262208,0.0142000507520001));
#6683=CARTESIAN_POINT('',(0.0624379325791096,0.0998189205262208,0.0142000507520001));
#6684=CARTESIAN_POINT('',(0.0601864731515112,0.105288920526219,0.0142000507520001));
#6685=CARTESIAN_POINT('',(0.0601864731515112,0.105288920526219,0.00920005075200007));
#6686=CARTESIAN_POINT('',(0.0601864731515112,0.110758920526218,0.00920005075200007));
#6687=CARTESIAN_POINT('',(0.0601864731515112,0.110758920526218,0.0142000507520001));
#6688=CARTESIAN_POINT('',(0.0601864731515112,0.110758920526218,0.0142000507520001));
#6689=CARTESIAN_POINT('',(0.0601864731515112,0.105288920526219,0.0142000507520001));
#6690=CARTESIAN_POINT('',(0.0613294759403025,0.110758920526218,0.0142000507520001));
#6691=CARTESIAN_POINT('',(0.0613294759403025,0.110758920526218,0.00920005075200008));
#6692=CARTESIAN_POINT('',(0.0624724787290889,0.110758920527264,0.00920005075200008));
#6693=CARTESIAN_POINT('',(0.0624724787290889,0.110758920527264,0.0142000507520001));
#6694=CARTESIAN_POINT('',(0.0624724787290889,0.110758920527264,0.0142000507520001));
#6695=CARTESIAN_POINT('',(0.0613294759403025,0.110758920526218,0.0142000507520001));
#6696=CARTESIAN_POINT('',(0.0624724787290889,0.110758920527264,0.0142000507520001));
#6697=CARTESIAN_POINT('',(0.0624724787290889,0.110758920527264,0.00920005075200008));
#6698=CARTESIAN_POINT('',(0.0637853230869453,0.113296611239113,0.0142000507520001));
#6699=CARTESIAN_POINT('',(0.0637853230869453,0.113296611239113,0.0092000507520001));
#6700=CARTESIAN_POINT('',(0.0698035009670395,0.114828038573411,0.0142000507520001));
#6701=CARTESIAN_POINT('',(0.0698035009670395,0.114828038573411,0.0092000507520001));
#6702=CARTESIAN_POINT('',(0.0712621766091877,0.116452771920543,0.0142000507520001));
#6703=CARTESIAN_POINT('',(0.0712621766091877,0.116452771920543,0.0092000507520001));
#6704=CARTESIAN_POINT('',(0.0624724787290889,0.110758920527264,0.00920005075200008));
#6705=CARTESIAN_POINT('',(0.0637853230869453,0.113296611239113,0.00920005075200009));
#6706=CARTESIAN_POINT('',(0.0698035009670395,0.114828038573411,0.00920005075200011));
#6707=CARTESIAN_POINT('',(0.0712621766091877,0.116452771920543,0.00920005075200011));
#6708=CARTESIAN_POINT('',(0.0712621766091877,0.116452771920543,0.00920005075200011));
#6709=CARTESIAN_POINT('',(0.0712621766091877,0.116452771920543,0.0142000507520001));
#6710=CARTESIAN_POINT('',(0.0712621766091877,0.116452771920543,0.0142000507520001));
#6711=CARTESIAN_POINT('',(0.0624724787290889,0.110758920527264,0.0142000507520001));
#6712=CARTESIAN_POINT('',(0.0637853230869453,0.113296611239113,0.0142000507520001));
#6713=CARTESIAN_POINT('',(0.0698035009670395,0.114828038573411,0.0142000507520001));
#6714=CARTESIAN_POINT('',(0.0712621766091877,0.116452771920543,0.0142000507520001));
#6715=CARTESIAN_POINT('',(0.0712621766091877,0.116452771920543,0.0142000507520001));
#6716=CARTESIAN_POINT('',(0.0712621766091877,0.116452771920543,0.00920005075200011));
#6717=CARTESIAN_POINT('',(0.0716260664736298,0.116858087523518,0.0142000507520001));
#6718=CARTESIAN_POINT('',(0.0716260664736298,0.116858087523518,0.00920005075200012));
#6719=CARTESIAN_POINT('',(0.0717889683673059,0.117681562772164,0.0142000507520001));
#6720=CARTESIAN_POINT('',(0.0717889683673059,0.117681562772164,0.00920005075200013));
#6721=CARTESIAN_POINT('',(0.0711215147152939,0.11897551345634,0.0142000507520001));
#6722=CARTESIAN_POINT('',(0.0711215147152939,0.11897551345634,0.00920005075200011));
#6723=CARTESIAN_POINT('',(0.070419668605861,0.120392708173607,0.0142000507520001));
#6724=CARTESIAN_POINT('',(0.070419668605861,0.120392708173607,0.00920005075200011));
#6725=CARTESIAN_POINT('',(0.0696577619586462,0.121521219386115,0.0142000507520001));
#6726=CARTESIAN_POINT('',(0.0696577619586462,0.121521219386115,0.00920005075200011));
#6727=CARTESIAN_POINT('',(0.0686204971357893,0.121727644128039,0.0142000507520001));
#6728=CARTESIAN_POINT('',(0.0686204971357893,0.121727644128039,0.00920005075200011));
#6729=CARTESIAN_POINT('',(0.0673429061240197,0.121158970990258,0.0142000507520001));
#6730=CARTESIAN_POINT('',(0.0673429061240197,0.121158970990258,0.00920005075200011));
#6731=CARTESIAN_POINT('',(0.0659664166177669,0.120497627932618,0.0142000507520001));
#6732=CARTESIAN_POINT('',(0.0659664166177669,0.120497627932618,0.00920005075200011));
#6733=CARTESIAN_POINT('',(0.0646365264335132,0.119944021199818,0.0142000507520001));
#6734=CARTESIAN_POINT('',(0.0646365264335132,0.119944021199818,0.00920005075200011));
#6735=CARTESIAN_POINT('',(0.0635679839877321,0.119282493389931,0.0142000507520001));
#6736=CARTESIAN_POINT('',(0.0635679839877321,0.119282493389931,0.0092000507520001));
#6737=CARTESIAN_POINT('',(0.0628825227929287,0.118432780276888,0.0142000507520001));
#6738=CARTESIAN_POINT('',(0.0628825227929287,0.118432780276888,0.0092000507520001));
#6739=CARTESIAN_POINT('',(0.0620734764476565,0.117600342611301,0.0142000507520001));
#6740=CARTESIAN_POINT('',(0.0620734764476565,0.117600342611301,0.00920005075200009));
#6741=CARTESIAN_POINT('',(0.0608808543874029,0.117004376192357,0.0142000507520001));
#6742=CARTESIAN_POINT('',(0.0608808543874029,0.117004376192357,0.00920005075200008));
#6743=CARTESIAN_POINT('',(0.0597653072957785,0.117169030706278,0.0142000507520001));
#6744=CARTESIAN_POINT('',(0.0597653072957785,0.117169030706278,0.00920005075200008));
#6745=CARTESIAN_POINT('',(0.0588761488796481,0.118228129858783,0.0142000507520001));
#6746=CARTESIAN_POINT('',(0.0588761488796481,0.118228129858783,0.00920005075200006));
#6747=CARTESIAN_POINT('',(0.0578671904975944,0.119479765282286,0.0142000507520001));
#6748=CARTESIAN_POINT('',(0.0578671904975944,0.119479765282286,0.00920005075200008));
#6749=CARTESIAN_POINT('',(0.0569278437421766,0.120050349791036,0.0142000507520001));
#6750=CARTESIAN_POINT('',(0.0569278437421766,0.120050349791036,0.00920005075200007));
#6751=CARTESIAN_POINT('',(0.0564004507931615,0.120270755061949,0.0142000507520001));
#6752=CARTESIAN_POINT('',(0.0564004507931615,0.120270755061949,0.00920005075200007));
#6753=CARTESIAN_POINT('',(0.0712621766091877,0.116452771920543,0.00920005075200011));
#6754=CARTESIAN_POINT('',(0.0720476563798752,0.117327671822932,0.00920005075200012));
#6755=CARTESIAN_POINT('',(0.0709587423211185,0.119157868843891,0.00920005075200011));
#6756=CARTESIAN_POINT('',(0.0695181885581371,0.122373849294542,0.00920005075200011));
#6757=CARTESIAN_POINT('',(0.0665672214062515,0.120668263370323,0.0092000507520001));
#6758=CARTESIAN_POINT('',(0.0635982027866086,0.11961699902438,0.00920005075200009));
#6759=CARTESIAN_POINT('',(0.0624900357168152,0.117715281535085,0.00920005075200008));
#6760=CARTESIAN_POINT('',(0.0597661663099079,0.116453103400546,0.00920005075200007));
#6761=CARTESIAN_POINT('',(0.0584692726739574,0.119134547455657,0.00920005075200007));
#6762=CARTESIAN_POINT('',(0.0569012979948633,0.120061443649304,0.00920005075200006));
#6763=CARTESIAN_POINT('',(0.0564004507931615,0.120270755061949,0.00920005075200006));
#6764=CARTESIAN_POINT('',(0.0564004507931615,0.120270755061949,0.00920005075200006));
#6765=CARTESIAN_POINT('',(0.0564004507931615,0.120270755061949,0.0142000507520001));
#6766=CARTESIAN_POINT('',(0.0564004507931615,0.120270755061949,0.0142000507520001));
#6767=CARTESIAN_POINT('',(0.0712621766091877,0.116452771920543,0.0142000507520001));
#6768=CARTESIAN_POINT('',(0.0720476563798751,0.117327671822932,0.0142000507520001));
#6769=CARTESIAN_POINT('',(0.0709587423211184,0.119157868843891,0.0142000507520001));
#6770=CARTESIAN_POINT('',(0.069518188558137,0.122373849294542,0.0142000507520001));
#6771=CARTESIAN_POINT('',(0.0665672214062515,0.120668263370323,0.0142000507520001));
#6772=CARTESIAN_POINT('',(0.0635982027866086,0.11961699902438,0.0142000507520001));
#6773=CARTESIAN_POINT('',(0.0624900357168151,0.117715281535085,0.0142000507520001));
#6774=CARTESIAN_POINT('',(0.0597661663099079,0.116453103400546,0.0142000507520001));
#6775=CARTESIAN_POINT('',(0.0584692726739574,0.119134547455657,0.0142000507520001));
#6776=CARTESIAN_POINT('',(0.0569012979948633,0.120061443649304,0.0142000507520001));
#6777=CARTESIAN_POINT('',(0.0564004507931615,0.120270755061949,0.0142000507520001));
#6778=CARTESIAN_POINT('',(0.0564004507744613,0.117499628367708,0.0142000507520001));
#6779=CARTESIAN_POINT('',(0.0564004507744613,0.117499628367708,0.00920005075200006));
#6780=CARTESIAN_POINT('',(0.0564004507744613,0.114728501665939,0.00920005075200006));
#6781=CARTESIAN_POINT('',(0.0564004507744613,0.114728501665939,0.0142000507520001));
#6782=CARTESIAN_POINT('',(0.0564004507744613,0.114728501665939,0.0142000507520001));
#6783=CARTESIAN_POINT('',(0.0564004507744613,0.117499628367708,0.0142000507520001));
#6784=CARTESIAN_POINT('',(0.0509304507744625,0.114728501665939,0.014200050752));
#6785=CARTESIAN_POINT('',(0.0509304507744625,0.114728501665939,0.00920005075200004));
#6786=CARTESIAN_POINT('',(0.0454604507744638,0.114728501665939,0.00920005075200002));
#6787=CARTESIAN_POINT('',(0.0454604507744638,0.114728501665939,0.014200050752));
#6788=CARTESIAN_POINT('',(0.0454604507744638,0.114728501665939,0.014200050752));
#6789=CARTESIAN_POINT('',(0.0509304507744625,0.114728501665939,0.014200050752));
#6790=CARTESIAN_POINT('',(0.0454604507744637,0.116830219067512,0.014200050752));
#6791=CARTESIAN_POINT('',(0.0454604507744638,0.116830219067512,0.00920005075200002));
#6792=CARTESIAN_POINT('',(0.0454604507911431,0.118931936466962,0.00920005075200002));
#6793=CARTESIAN_POINT('',(0.0454604507911431,0.118931936466962,0.014200050752));
#6794=CARTESIAN_POINT('',(0.0454604507911431,0.118931936466962,0.014200050752));
#6795=CARTESIAN_POINT('',(0.0454604507744637,0.116830219067512,0.014200050752));
#6796=CARTESIAN_POINT('',(0.0454604507911431,0.118931936466962,0.014200050752));
#6797=CARTESIAN_POINT('',(0.0454604507911431,0.118931936466962,0.00920005075200002));
#6798=CARTESIAN_POINT('',(0.0447345943918002,0.118387838350889,0.014200050752));
#6799=CARTESIAN_POINT('',(0.0447345943918002,0.118387838350889,0.00920005075200002));
#6800=CARTESIAN_POINT('',(0.0439154199184853,0.117359765048949,0.014200050752));
#6801=CARTESIAN_POINT('',(0.0439154199184854,0.117359765048949,0.00920005075200002));
#6802=CARTESIAN_POINT('',(0.0429428693936263,0.1165006249025,0.014200050752));
#6803=CARTESIAN_POINT('',(0.0429428693936264,0.1165006249025,0.00920005075200001));
#6804=CARTESIAN_POINT('',(0.042159400397313,0.116376854124685,0.014200050752));
#6805=CARTESIAN_POINT('',(0.042159400397313,0.116376854124685,0.009200050752));
#6806=CARTESIAN_POINT('',(0.0412375357010931,0.116910996328008,0.014200050752));
#6807=CARTESIAN_POINT('',(0.0412375357010931,0.116910996328008,0.00920005075200001));
#6808=CARTESIAN_POINT('',(0.0401883625735133,0.117816671425175,0.014200050752));
#6809=CARTESIAN_POINT('',(0.0401883625735133,0.117816671425175,0.009200050752));
#6810=CARTESIAN_POINT('',(0.039008714162027,0.118863533418127,0.014200050752));
#6811=CARTESIAN_POINT('',(0.039008714162027,0.118863533418127,0.00920005075200001));
#6812=CARTESIAN_POINT('',(0.0377030904252459,0.119815817883891,0.014200050752));
#6813=CARTESIAN_POINT('',(0.0377030904252459,0.119815817883891,0.00920005075199999));
#6814=CARTESIAN_POINT('',(0.03625957819824,0.120403400009924,0.014200050752));
#6815=CARTESIAN_POINT('',(0.0362595781982401,0.120403400009924,0.009200050752));
#6816=CARTESIAN_POINT('',(0.0342374855043788,0.120593130635016,0.014200050752));
#6817=CARTESIAN_POINT('',(0.0342374855043788,0.120593130635016,0.00920005075199998));
#6818=CARTESIAN_POINT('',(0.0323226523125389,0.120037577964471,0.014200050752));
#6819=CARTESIAN_POINT('',(0.0323226523125389,0.120037577964471,0.00920005075199997));
#6820=CARTESIAN_POINT('',(0.0309748497791188,0.118919332744331,0.014200050752));
#6821=CARTESIAN_POINT('',(0.0309748497791188,0.118919332744331,0.00920005075199997));
#6822=CARTESIAN_POINT('',(0.0301660729808834,0.117486694127092,0.014200050752));
#6823=CARTESIAN_POINT('',(0.0301660729808834,0.117486694127092,0.00920005075199996));
#6824=CARTESIAN_POINT('',(0.0302020078517567,0.116284597035873,0.014200050752));
#6825=CARTESIAN_POINT('',(0.0302020078517567,0.116284597035873,0.00920005075199996));
#6826=CARTESIAN_POINT('',(0.0305368875046347,0.115635939093889,0.014200050752));
#6827=CARTESIAN_POINT('',(0.0305368875046348,0.115635939093889,0.00920005075199997));
#6828=CARTESIAN_POINT('',(0.0454604507911431,0.118931936466962,0.00920005075200002));
#6829=CARTESIAN_POINT('',(0.0454116123688963,0.118895327444075,0.00920005075200002));
#6830=CARTESIAN_POINT('',(0.0440705055635507,0.117858796927909,0.00920005075200002));
#6831=CARTESIAN_POINT('',(0.0424157851478952,0.114541868597192,0.00920005075200001));
#6832=CARTESIAN_POINT('',(0.0375462933394969,0.121682088202751,0.009200050752));
#6833=CARTESIAN_POINT('',(0.0301121276954771,0.119774460661166,0.00920005075199997));
#6834=CARTESIAN_POINT('',(0.0299311470591814,0.113847567958051,0.00920005075199997));
#6835=CARTESIAN_POINT('',(0.0356702535822164,0.113816105571687,0.00920005075199999));
#6836=CARTESIAN_POINT('',(0.0371428180582312,0.112397545784358,0.00920005075199999));
#6837=CARTESIAN_POINT('',(0.0373067628176805,0.112189271060776,0.00920005075199999));
#6838=CARTESIAN_POINT('',(0.0305368874862743,0.115635939083298,0.00920005075199997));
#6839=CARTESIAN_POINT('',(0.0305368874862743,0.115635939083298,0.014200050752));
#6840=CARTESIAN_POINT('',(0.0305368874862743,0.115635939083298,0.014200050752));
#6841=CARTESIAN_POINT('',(0.0454604507911431,0.118931936466962,0.014200050752));
#6842=CARTESIAN_POINT('',(0.0454116123688963,0.118895327444075,0.014200050752));
#6843=CARTESIAN_POINT('',(0.0440705055635507,0.117858796927909,0.014200050752));
#6844=CARTESIAN_POINT('',(0.0424157851478952,0.114541868597192,0.014200050752));
#6845=CARTESIAN_POINT('',(0.0375462933394969,0.121682088202751,0.014200050752));
#6846=CARTESIAN_POINT('',(0.0301121276954771,0.119774460661166,0.014200050752));
#6847=CARTESIAN_POINT('',(0.0299311470591814,0.113847567958051,0.014200050752));
#6848=CARTESIAN_POINT('',(0.0356702535822164,0.113816105571687,0.014200050752));
#6849=CARTESIAN_POINT('',(0.0371428180582311,0.112397545784358,0.014200050752));
#6850=CARTESIAN_POINT('',(0.0373067628176805,0.112189271060776,0.014200050752));
#6851=CARTESIAN_POINT('',(0.0305368874857781,0.115635939084251,0.014200050752));
#6852=CARTESIAN_POINT('',(0.0305368874857781,0.115635939084251,0.00920005075199997));
#6853=CARTESIAN_POINT('',(0.0307890233809513,0.115151312700955,0.014200050752));
#6854=CARTESIAN_POINT('',(0.0307890233809513,0.115151312700955,0.00920005075199997));
#6855=CARTESIAN_POINT('',(0.0316820475156643,0.11440848674441,0.014200050752));
#6856=CARTESIAN_POINT('',(0.0316820475156644,0.11440848674441,0.00920005075199998));
#6857=CARTESIAN_POINT('',(0.0337717887605581,0.113838064578097,0.014200050752));
#6858=CARTESIAN_POINT('',(0.0337717887605581,0.113838064578097,0.00920005075199999));
#6859=CARTESIAN_POINT('',(0.035931240978788,0.113300940659976,0.014200050752));
#6860=CARTESIAN_POINT('',(0.035931240978788,0.113300940659976,0.009200050752));
#6861=CARTESIAN_POINT('',(0.036954681294909,0.112638761217066,0.014200050752));
#6862=CARTESIAN_POINT('',(0.036954681294909,0.112638761217066,0.00920005075200001));
#6863=CARTESIAN_POINT('',(0.0373034138974217,0.112195732805322,0.014200050752));
#6864=CARTESIAN_POINT('',(0.0373034138974217,0.112195732805322,0.00920005075200001));
#6865=CARTESIAN_POINT('',(0.0454571018708842,0.118938398211509,0.00920005075200002));
#6866=CARTESIAN_POINT('',(0.0454082634486375,0.118901789188621,0.00920005075200002));
#6867=CARTESIAN_POINT('',(0.0440671566432919,0.117865258672455,0.00920005075200002));
#6868=CARTESIAN_POINT('',(0.0424124362276364,0.114548330341738,0.00920005075200001));
#6869=CARTESIAN_POINT('',(0.0375429444192381,0.121688549947297,0.00920005075199999));
#6870=CARTESIAN_POINT('',(0.0301087787752183,0.119780922405712,0.00920005075199997));
#6871=CARTESIAN_POINT('',(0.0299277981389225,0.113854029702597,0.00920005075199997));
#6872=CARTESIAN_POINT('',(0.0356669046619576,0.113822567316233,0.00920005075199999));
#6873=CARTESIAN_POINT('',(0.0371394691379724,0.112404007528905,0.00920005075199999));
#6874=CARTESIAN_POINT('',(0.0373034138974217,0.112195732805322,0.00920005075199999));
#6875=CARTESIAN_POINT('',(0.0373034138974217,0.112195732805322,0.00920005075199999));
#6876=CARTESIAN_POINT('',(0.0373034138974217,0.112195732805322,0.014200050752));
#6877=CARTESIAN_POINT('',(0.0373034138974217,0.112195732805322,0.014200050752));
#6878=CARTESIAN_POINT('',(0.0454571018708842,0.118938398211509,0.014200050752));
#6879=CARTESIAN_POINT('',(0.0454082634486375,0.118901789188621,0.014200050752));
#6880=CARTESIAN_POINT('',(0.0440671566432919,0.117865258672455,0.014200050752));
#6881=CARTESIAN_POINT('',(0.0424124362276364,0.114548330341738,0.014200050752));
#6882=CARTESIAN_POINT('',(0.0375429444192381,0.121688549947297,0.014200050752));
#6883=CARTESIAN_POINT('',(0.0301087787752183,0.119780922405712,0.014200050752));
#6884=CARTESIAN_POINT('',(0.0299277981389225,0.113854029702597,0.014200050752));
#6885=CARTESIAN_POINT('',(0.0356669046619576,0.113822567316233,0.014200050752));
#6886=CARTESIAN_POINT('',(0.0371394691379723,0.112404007528905,0.014200050752));
#6887=CARTESIAN_POINT('',(0.0373034138974217,0.112195732805322,0.014200050752));
#6888=CARTESIAN_POINT('',(0.0323416866579339,0.112195732791466,0.014200050752));
#6889=CARTESIAN_POINT('',(0.0323416866579339,0.112195732791466,0.00920005075199998));
#6890=CARTESIAN_POINT('',(0.0373016612792045,0.112195732791466,0.00920005075199999));
#6891=CARTESIAN_POINT('',(0.0373016612792045,0.112195732791466,0.014200050752));
#6892=CARTESIAN_POINT('',(0.0373016612792045,0.112195732791466,0.014200050752));
#6893=CARTESIAN_POINT('',(0.0323416866579339,0.112195732791466,0.014200050752));
#6894=CARTESIAN_POINT('',(0.0350709211486977,0.110429315699856,0.013200050752));
#6895=CARTESIAN_POINT('',(0.0454604507911431,0.118931936466962,0.00920005075200002));
#6896=CARTESIAN_POINT('',(0.0454116123688963,0.118895327444075,0.00920005075200002));
#6897=CARTESIAN_POINT('',(0.0440705055635507,0.117858796927909,0.00920005075200002));
#6898=CARTESIAN_POINT('',(0.0424157851478952,0.114541868597192,0.00920005075200001));
#6899=CARTESIAN_POINT('',(0.0375462933394969,0.121682088202751,0.009200050752));
#6900=CARTESIAN_POINT('',(0.0301121276954771,0.119774460661166,0.00920005075199997));
#6901=CARTESIAN_POINT('',(0.0299311470591814,0.113847567958051,0.00920005075199997));
#6902=CARTESIAN_POINT('',(0.0356702535822164,0.113816105571687,0.00920005075199999));
#6903=CARTESIAN_POINT('',(0.0371428180582312,0.112397545784358,0.00920005075199999));
#6904=CARTESIAN_POINT('',(0.0373067628176805,0.112189271060776,0.00920005075199999));
#6905=CARTESIAN_POINT('',(0.0373067628176805,0.112189271060776,0.00920005075199999));
#6906=CARTESIAN_POINT('',(0.0373067628176805,0.112189271060776,0.014200050752));
#6907=CARTESIAN_POINT('',(0.0373067628176805,0.112189271060776,0.014200050752));
#6908=CARTESIAN_POINT('',(0.0454604507911431,0.118931936466962,0.014200050752));
#6909=CARTESIAN_POINT('',(0.0454116123688963,0.118895327444075,0.014200050752));
#6910=CARTESIAN_POINT('',(0.0440705055635507,0.117858796927909,0.014200050752));
#6911=CARTESIAN_POINT('',(0.0424157851478952,0.114541868597192,0.014200050752));
#6912=CARTESIAN_POINT('',(0.0375462933394969,0.121682088202751,0.014200050752));
#6913=CARTESIAN_POINT('',(0.0301121276954771,0.119774460661166,0.014200050752));
#6914=CARTESIAN_POINT('',(0.0299311470591814,0.113847567958051,0.014200050752));
#6915=CARTESIAN_POINT('',(0.0356702535822164,0.113816105571687,0.014200050752));
#6916=CARTESIAN_POINT('',(0.0371428180582311,0.112397545784358,0.014200050752));
#6917=CARTESIAN_POINT('',(0.0373067628176805,0.112189271060776,0.014200050752));
#6918=CARTESIAN_POINT('',(0.0416794788771766,0.11218927104692,0.014200050752));
#6919=CARTESIAN_POINT('',(0.0416794788771766,0.11218927104692,0.00920005075200001));
#6920=CARTESIAN_POINT('',(0.0460521949257814,0.11218927104692,0.00920005075200003));
#6921=CARTESIAN_POINT('',(0.0460521949257813,0.11218927104692,0.014200050752));
#6922=CARTESIAN_POINT('',(0.0460521949257813,0.11218927104692,0.014200050752));
#6923=CARTESIAN_POINT('',(0.0416794788771766,0.11218927104692,0.014200050752));
#6924=CARTESIAN_POINT('',(0.0460521949257813,0.10458927104692,0.014200050752));
#6925=CARTESIAN_POINT('',(0.0460521949257814,0.10458927104692,0.00920005075200003));
#6926=CARTESIAN_POINT('',(0.0460521949257814,0.0969892710469197,0.00920005075200003));
#6927=CARTESIAN_POINT('',(0.0460521949257813,0.0969892710469197,0.014200050752));
#6928=CARTESIAN_POINT('',(0.0460521949257813,0.0969892710469197,0.014200050752));
#6929=CARTESIAN_POINT('',(0.0460521949257813,0.10458927104692,0.014200050752));
#6930=CARTESIAN_POINT('',(0.0440429782155766,0.0969892710469197,0.014200050752));
#6931=CARTESIAN_POINT('',(0.0440429782155766,0.0969892710469197,0.00920005075200002));
#6932=CARTESIAN_POINT('',(0.0440429782155766,0.0969892710469197,0.014200050752));
#6933=CARTESIAN_POINT('',(0.051191918354837,0.106515864840706,0.014200050752));
#6934=CARTESIAN_POINT('',(0.051191918354837,0.106515864840706,0.00920005075200004));
#6935=CARTESIAN_POINT('',(0.,0.,0.));
#6936=CARTESIAN_POINT('',(0.04188664421933,0.121721166206687,0.00920005075200001));
#6937=CARTESIAN_POINT('',(0.04188664421933,0.121721166206687,0.00820005075200001));
#6938=CARTESIAN_POINT('',(0.0415841899967292,0.122133384019561,0.00920005075200001));
#6939=CARTESIAN_POINT('',(0.0415841899967292,0.122133384019561,0.00820005075200001));
#6940=CARTESIAN_POINT('',(0.0409401468419372,0.122883736344255,0.00920005075200001));
#6941=CARTESIAN_POINT('',(0.0409401468419372,0.122883736344255,0.00820005075200001));
#6942=CARTESIAN_POINT('',(0.0397604472364933,0.12380504619337,0.00920005075200001));
#6943=CARTESIAN_POINT('',(0.0397604472364933,0.12380504619337,0.00820005075200001));
#6944=CARTESIAN_POINT('',(0.0384246106547982,0.124525103121965,0.009200050752));
#6945=CARTESIAN_POINT('',(0.0384246106547982,0.124525103121965,0.008200050752));
#6946=CARTESIAN_POINT('',(0.0371752493182661,0.125032749459015,0.00920005075199999));
#6947=CARTESIAN_POINT('',(0.0371752493182661,0.125032749459015,0.008200050752));
#6948=CARTESIAN_POINT('',(0.0355190951000049,0.1253009611688,0.00920005075199999));
#6949=CARTESIAN_POINT('',(0.0355190951000049,0.1253009611688,0.00820005075199999));
#6950=CARTESIAN_POINT('',(0.0335149465145462,0.125302957791718,0.00920005075199998));
#6951=CARTESIAN_POINT('',(0.0335149465145462,0.125302957791718,0.00820005075199999));
#6952=CARTESIAN_POINT('',(0.0318611049883913,0.125023108186696,0.00920005075199997));
#6953=CARTESIAN_POINT('',(0.0318611049883913,0.125023108186696,0.00820005075199997));
#6954=CARTESIAN_POINT('',(0.0305089535318731,0.124400400085162,0.00920005075199997));
#6955=CARTESIAN_POINT('',(0.0305089535318731,0.124400400085162,0.00820005075199998));
#6956=CARTESIAN_POINT('',(0.029168133789196,0.123368766090081,0.00920005075199996));
#6957=CARTESIAN_POINT('',(0.029168133789196,0.123368766090081,0.00820005075199996));
#6958=CARTESIAN_POINT('',(0.0280366305732622,0.122029779045208,0.00920005075199996));
#6959=CARTESIAN_POINT('',(0.0280366305732622,0.122029779045208,0.00820005075199996));
#6960=CARTESIAN_POINT('',(0.0271868112786971,0.120501291220183,0.00920005075199996));
#6961=CARTESIAN_POINT('',(0.0271868112786971,0.120501291220183,0.00820005075199996));
#6962=CARTESIAN_POINT('',(0.0265447962994227,0.119042531807791,0.00920005075199995));
#6963=CARTESIAN_POINT('',(0.0265447962994227,0.119042531807791,0.00820005075199996));
#6964=CARTESIAN_POINT('',(0.0261481063223297,0.117504577384052,0.00920005075199995));
#6965=CARTESIAN_POINT('',(0.0261481063223297,0.117504577384052,0.00820005075199996));
#6966=CARTESIAN_POINT('',(0.0260672725959583,0.115580655726459,0.00920005075199995));
#6967=CARTESIAN_POINT('',(0.0260672725959583,0.115580655726459,0.00820005075199996));
#6968=CARTESIAN_POINT('',(0.0264327535687892,0.113690636828356,0.00920005075199996));
#6969=CARTESIAN_POINT('',(0.0264327535687892,0.113690636828356,0.00820005075199996));
#6970=CARTESIAN_POINT('',(0.0270288298637872,0.11266504642813,0.00920005075199996));
#6971=CARTESIAN_POINT('',(0.0270288298637872,0.11266504642813,0.00820005075199996));
#6972=CARTESIAN_POINT('',(0.0273799594122817,0.112195732785148,0.00920005075199996));
#6973=CARTESIAN_POINT('',(0.0273799594122817,0.112195732785148,0.00820005075199996));
#6974=CARTESIAN_POINT('',(0.04188664421933,0.121721166206687,0.00820005075200001));
#6975=CARTESIAN_POINT('',(0.0414320861844532,0.122340687790317,0.00820005075200001));
#6976=CARTESIAN_POINT('',(0.0404278615451899,0.123412155278437,0.008200050752));
#6977=CARTESIAN_POINT('',(0.0384206724610986,0.124565966574888,0.008200050752));
#6978=CARTESIAN_POINT('',(0.0364066279207347,0.125300636289893,0.00820005075199999));
#6979=CARTESIAN_POINT('',(0.0329138450231463,0.125357873822538,0.00820005075199998));
#6980=CARTESIAN_POINT('',(0.0305621321158366,0.124554073721107,0.00820005075199997));
#6981=CARTESIAN_POINT('',(0.028343414047768,0.122650643742436,0.00820005075199996));
#6982=CARTESIAN_POINT('',(0.0269124929369524,0.120023999692342,0.00820005075199996));
#6983=CARTESIAN_POINT('',(0.026031443035662,0.11756416322335,0.00820005075199995));
#6984=CARTESIAN_POINT('',(0.0260961885264947,0.114333877271713,0.00820005075199996));
#6985=CARTESIAN_POINT('',(0.0269699471537866,0.112743748033442,0.00820005075199996));
#6986=CARTESIAN_POINT('',(0.0273799594122817,0.112195732785148,0.00820005075199996));
#6987=CARTESIAN_POINT('',(0.04188664421933,0.121721166206687,0.00820005075200001));
#6988=CARTESIAN_POINT('',(0.0273799594122817,0.112195732785148,0.00820005075199996));
#6989=CARTESIAN_POINT('',(0.0273799594122817,0.112195732785148,0.00920005075199996));
#6990=CARTESIAN_POINT('',(0.0273799594122817,0.112195732785148,0.00920005075199996));
#6991=CARTESIAN_POINT('',(0.04188664421933,0.121721166206687,0.00920005075200001));
#6992=CARTESIAN_POINT('',(0.0414320861844532,0.122340687790317,0.00920005075200001));
#6993=CARTESIAN_POINT('',(0.0404278615451899,0.123412155278437,0.00920005075200001));
#6994=CARTESIAN_POINT('',(0.0384206724610986,0.124565966574888,0.009200050752));
#6995=CARTESIAN_POINT('',(0.0364066279207347,0.125300636289893,0.00920005075199999));
#6996=CARTESIAN_POINT('',(0.0329138450231462,0.125357873822538,0.00920005075199998));
#6997=CARTESIAN_POINT('',(0.0305621321158366,0.124554073721107,0.00920005075199997));
#6998=CARTESIAN_POINT('',(0.028343414047768,0.122650643742436,0.00920005075199996));
#6999=CARTESIAN_POINT('',(0.0269124929369524,0.120023999692342,0.00920005075199996));
#7000=CARTESIAN_POINT('',(0.026031443035662,0.11756416322335,0.00920005075199995));
#7001=CARTESIAN_POINT('',(0.0260961885264947,0.114333877271713,0.00920005075199996));
#7002=CARTESIAN_POINT('',(0.0269699471537866,0.112743748033442,0.00920005075199996));
#7003=CARTESIAN_POINT('',(0.0273799594122817,0.112195732785148,0.00920005075199996));
#7004=CARTESIAN_POINT('',(0.04188664421933,0.121721166206687,0.00920005075200001));
#7005=CARTESIAN_POINT('',(0.04188664421933,0.121721166206687,0.00920005075200001));
#7006=CARTESIAN_POINT('',(0.0323416866579339,0.112195732791466,0.00920005075199998));
#7007=CARTESIAN_POINT('',(0.0323416866579339,0.112195732791466,0.00820005075199998));
#7008=CARTESIAN_POINT('',(0.0373034138974217,0.112195732805322,0.00820005075199999));
#7009=CARTESIAN_POINT('',(0.0373034138974217,0.112195732805322,0.00920005075199999));
#7010=CARTESIAN_POINT('',(0.0373034138974217,0.112195732805322,0.00920005075199999));
#7011=CARTESIAN_POINT('',(0.0323416866579339,0.112195732791466,0.00920005075199998));
#7012=CARTESIAN_POINT('',(0.0454571018708842,0.118938398211509,0.00920005075200002));
#7013=CARTESIAN_POINT('',(0.0454571018708842,0.118938398211509,0.00820005075200003));
#7014=CARTESIAN_POINT('',(0.0449582345983005,0.118564449943738,0.00920005075200002));
#7015=CARTESIAN_POINT('',(0.0449582345983005,0.118564449943738,0.00820005075200003));
#7016=CARTESIAN_POINT('',(0.0441293046986608,0.117685492670786,0.00920005075200002));
#7017=CARTESIAN_POINT('',(0.0441293046986608,0.117685492670786,0.00820005075200003));
#7018=CARTESIAN_POINT('',(0.0431280176117472,0.116558423951807,0.00920005075200002));
#7019=CARTESIAN_POINT('',(0.0431280176117472,0.116558423951807,0.00820005075200002));
#7020=CARTESIAN_POINT('',(0.0420708196895229,0.116321491507714,0.00920005075200001));
#7021=CARTESIAN_POINT('',(0.0420708196895229,0.116321491507714,0.00820005075200001));
#7022=CARTESIAN_POINT('',(0.0407461267797525,0.117301618061393,0.00920005075200001));
#7023=CARTESIAN_POINT('',(0.0407461267797525,0.117301618061393,0.00820005075200001));
#7024=CARTESIAN_POINT('',(0.0391814994489069,0.118745514315713,0.00920005075199999));
#7025=CARTESIAN_POINT('',(0.0391814994489069,0.118745514315713,0.008200050752));
#7026=CARTESIAN_POINT('',(0.0373766865972237,0.120076099229559,0.00920005075199999));
#7027=CARTESIAN_POINT('',(0.0373766865972237,0.120076099229559,0.008200050752));
#7028=CARTESIAN_POINT('',(0.0353127151877214,0.12060596191347,0.00920005075199998));
#7029=CARTESIAN_POINT('',(0.0353127151877214,0.12060596191347,0.00820005075199999));
#7030=CARTESIAN_POINT('',(0.0332574848714586,0.120371137831855,0.00920005075199998));
#7031=CARTESIAN_POINT('',(0.0332574848714586,0.120371137831855,0.00820005075199999));
#7032=CARTESIAN_POINT('',(0.031516229961211,0.119526182184488,0.00920005075199997));
#7033=CARTESIAN_POINT('',(0.031516229961211,0.119526182184488,0.00820005075199998));
#7034=CARTESIAN_POINT('',(0.0304129968626101,0.118160500154575,0.00920005075199997));
#7035=CARTESIAN_POINT('',(0.0304129968626101,0.118160500154575,0.00820005075199998));
#7036=CARTESIAN_POINT('',(0.030130687501838,0.116541329831003,0.00920005075199997));
#7037=CARTESIAN_POINT('',(0.030130687501838,0.116541329831003,0.00820005075199998));
#7038=CARTESIAN_POINT('',(0.0306843723997751,0.115089350875052,0.00920005075199997));
#7039=CARTESIAN_POINT('',(0.0306843723997751,0.115089350875052,0.00820005075199998));
#7040=CARTESIAN_POINT('',(0.0321692829730478,0.114254234681763,0.00920005075199998));
#7041=CARTESIAN_POINT('',(0.0321692829730478,0.114254234681763,0.00820005075199999));
#7042=CARTESIAN_POINT('',(0.034133468897882,0.11375703583741,0.00920005075199998));
#7043=CARTESIAN_POINT('',(0.0341334688978821,0.11375703583741,0.00820005075199999));
#7044=CARTESIAN_POINT('',(0.0360724272816263,0.113231791047082,0.00920005075199999));
#7045=CARTESIAN_POINT('',(0.0360724272816263,0.113231791047082,0.008200050752));
#7046=CARTESIAN_POINT('',(0.0369831151957545,0.112602638910633,0.00920005075199999));
#7047=CARTESIAN_POINT('',(0.0369831151957545,0.112602638910633,0.008200050752));
#7048=CARTESIAN_POINT('',(0.0373034138974217,0.112195732805322,0.00920005075199999));
#7049=CARTESIAN_POINT('',(0.0373034138974218,0.112195732805322,0.008200050752));
#7050=CARTESIAN_POINT('',(0.0454571018708842,0.118938398211509,0.00820005075200002));
#7051=CARTESIAN_POINT('',(0.0454082634486375,0.118901789188621,0.00820005075200002));
#7052=CARTESIAN_POINT('',(0.0440671566432919,0.117865258672455,0.00820005075200002));
#7053=CARTESIAN_POINT('',(0.0424124362276364,0.114548330341738,0.00820005075200001));
#7054=CARTESIAN_POINT('',(0.0375429444192381,0.121688549947297,0.008200050752));
#7055=CARTESIAN_POINT('',(0.0301087787752183,0.119780922405712,0.00820005075199997));
#7056=CARTESIAN_POINT('',(0.0299277981389225,0.113854029702597,0.00820005075199997));
#7057=CARTESIAN_POINT('',(0.0356669046619576,0.113822567316233,0.00820005075199999));
#7058=CARTESIAN_POINT('',(0.0371394691379724,0.112404007528905,0.00820005075199999));
#7059=CARTESIAN_POINT('',(0.0373034138974217,0.112195732805322,0.00820005075199999));
#7060=CARTESIAN_POINT('',(0.0454571018708842,0.118938398211509,0.00820005075200002));
#7061=CARTESIAN_POINT('',(0.0454571018708842,0.118938398211509,0.00920005075200002));
#7062=CARTESIAN_POINT('',(0.0454571018708842,0.118938398211509,0.00920005075200002));
#7063=CARTESIAN_POINT('',(0.0454571018708842,0.118938398211509,0.00920005075200002));
#7064=CARTESIAN_POINT('',(0.0454082634486375,0.118901789188621,0.00920005075200002));
#7065=CARTESIAN_POINT('',(0.0440671566432919,0.117865258672455,0.00920005075200002));
#7066=CARTESIAN_POINT('',(0.0424124362276364,0.114548330341738,0.00920005075200001));
#7067=CARTESIAN_POINT('',(0.0375429444192381,0.121688549947297,0.00920005075199999));
#7068=CARTESIAN_POINT('',(0.0301087787752183,0.119780922405712,0.00920005075199997));
#7069=CARTESIAN_POINT('',(0.0299277981389225,0.113854029702597,0.00920005075199997));
#7070=CARTESIAN_POINT('',(0.0356669046619576,0.113822567316233,0.00920005075199999));
#7071=CARTESIAN_POINT('',(0.0371394691379724,0.112404007528905,0.00920005075199999));
#7072=CARTESIAN_POINT('',(0.0373034138974217,0.112195732805322,0.00920005075199999));
#7073=CARTESIAN_POINT('',(0.045457101854205,0.121291852422053,0.00920005075200002));
#7074=CARTESIAN_POINT('',(0.045457101854205,0.121291852422053,0.00820005075200002));
#7075=CARTESIAN_POINT('',(0.0454571018542654,0.123645306630499,0.00820005075200002));
#7076=CARTESIAN_POINT('',(0.0454571018542654,0.123645306630499,0.00920005075200002));
#7077=CARTESIAN_POINT('',(0.0454571018542654,0.123645306630499,0.00920005075200002));
#7078=CARTESIAN_POINT('',(0.045457101854205,0.121291852422053,0.00920005075200002));
#7079=CARTESIAN_POINT('',(0.04188664421933,0.121721166206687,0.00920005075200001));
#7080=CARTESIAN_POINT('',(0.04188664421933,0.121721166206687,0.00820005075200001));
#7081=CARTESIAN_POINT('',(0.0421110658761182,0.121846761329299,0.00920005075200001));
#7082=CARTESIAN_POINT('',(0.0421110658761182,0.121846761329299,0.00820005075200001));
#7083=CARTESIAN_POINT('',(0.042549243693715,0.122177971158456,0.00920005075200001));
#7084=CARTESIAN_POINT('',(0.042549243693715,0.122177971158456,0.00820005075200001));
#7085=CARTESIAN_POINT('',(0.0431908949146932,0.122590023359909,0.00920005075200001));
#7086=CARTESIAN_POINT('',(0.0431908949146932,0.122590023359909,0.00820005075200001));
#7087=CARTESIAN_POINT('',(0.0441881295673127,0.123099424539989,0.00920005075200002));
#7088=CARTESIAN_POINT('',(0.0441881295673127,0.123099424539989,0.00820005075200002));
#7089=CARTESIAN_POINT('',(0.0450383944000075,0.123477301628703,0.00920005075200002));
#7090=CARTESIAN_POINT('',(0.0450383944000076,0.123477301628703,0.00820005075200002));
#7091=CARTESIAN_POINT('',(0.0454571018542654,0.123645306630499,0.00920005075200002));
#7092=CARTESIAN_POINT('',(0.0454571018542654,0.123645306630499,0.00820005075200002));
#7093=CARTESIAN_POINT('',(0.04188664421933,0.121721166206687,0.00820005075200001));
#7094=CARTESIAN_POINT('',(0.0421354921500082,0.121860431225993,0.00820005075200001));
#7095=CARTESIAN_POINT('',(0.0426379781651757,0.122249349014336,0.00820005075200001));
#7096=CARTESIAN_POINT('',(0.0435293362252709,0.122785912170859,0.00820005075200002));
#7097=CARTESIAN_POINT('',(0.0447562737935618,0.123364101654567,0.00820005075200002));
#7098=CARTESIAN_POINT('',(0.0454571018542654,0.123645306630499,0.00820005075200002));
#7099=CARTESIAN_POINT('',(0.04188664421933,0.121721166206687,0.00920005075200001));
#7100=CARTESIAN_POINT('',(0.0421354921500082,0.121860431225993,0.00920005075200001));
#7101=CARTESIAN_POINT('',(0.0426379781651757,0.122249349014336,0.00920005075200001));
#7102=CARTESIAN_POINT('',(0.0435293362252709,0.122785912170859,0.00920005075200002));
#7103=CARTESIAN_POINT('',(0.0447562737935618,0.123364101654567,0.00920005075200002));
#7104=CARTESIAN_POINT('',(0.0454571018542654,0.123645306630499,0.00920005075200002));
#7105=CARTESIAN_POINT('',(0.0511902438947076,0.106522326585253,0.00920005075200004));
#7106=CARTESIAN_POINT('',(0.0511902438947076,0.106522326585253,0.00820005075200004));
#7107=CARTESIAN_POINT('',(0.,0.,0.));
#7108=CARTESIAN_POINT('',(0.0438367447333811,0.0912017170718108,0.014200050752));
#7109=CARTESIAN_POINT('',(0.0438367447333811,0.0912017170718108,0.00920005075200002));
#7110=CARTESIAN_POINT('',(0.0395035769459446,0.0912017170526497,0.009200050752));
#7111=CARTESIAN_POINT('',(0.0481699125208032,0.0912017170718108,0.00920005075200003));
#7112=CARTESIAN_POINT('',(0.0395035769459445,0.0912017170526497,0.014200050752));
#7113=CARTESIAN_POINT('',(0.0395035769459445,0.0912017170526497,0.014200050752));
#7114=CARTESIAN_POINT('',(0.0438367447333811,0.0912017170718108,0.014200050752));
#7115=CARTESIAN_POINT('',(0.0481699125208032,0.0912017170718108,0.014200050752));
#7116=CARTESIAN_POINT('',(0.0481699125208032,0.0912017170718108,0.014200050752));
#7117=CARTESIAN_POINT('',(0.0395035769459445,0.0912017170526498,0.014200050752));
#7118=CARTESIAN_POINT('',(0.0395035769459446,0.0912017170526498,0.009200050752));
#7119=CARTESIAN_POINT('',(0.039032404768521,0.0903616090228476,0.014200050752));
#7120=CARTESIAN_POINT('',(0.039032404768521,0.0903616090228476,0.009200050752));
#7121=CARTESIAN_POINT('',(0.0384951128190775,0.0890794330105136,0.014200050752));
#7122=CARTESIAN_POINT('',(0.0384951128190775,0.0890794330105136,0.00920005075200001));
#7123=CARTESIAN_POINT('',(0.0382772626664053,0.0875228236827424,0.014200050752));
#7124=CARTESIAN_POINT('',(0.0382772626664053,0.0875228236827424,0.009200050752));
#7125=CARTESIAN_POINT('',(0.038392753841777,0.0864777561813849,0.014200050752));
#7126=CARTESIAN_POINT('',(0.0383927538417771,0.0864777561813849,0.00920005075200001));
#7127=CARTESIAN_POINT('',(0.0388623409362295,0.08561586833098,0.014200050752));
#7128=CARTESIAN_POINT('',(0.0388623409362296,0.08561586833098,0.009200050752));
#7129=CARTESIAN_POINT('',(0.0395420333131819,0.0849260515136832,0.014200050752));
#7130=CARTESIAN_POINT('',(0.0395420333131819,0.0849260515136832,0.009200050752));
#7131=CARTESIAN_POINT('',(0.0400940359137188,0.0843279641365568,0.014200050752));
#7132=CARTESIAN_POINT('',(0.0400940359137188,0.0843279641365568,0.009200050752));
#7133=CARTESIAN_POINT('',(0.0401674340032202,0.0837539793441222,0.014200050752));
#7134=CARTESIAN_POINT('',(0.0401674340032203,0.0837539793441222,0.009200050752));
#7135=CARTESIAN_POINT('',(0.0396419847765715,0.0831416610934469,0.014200050752));
#7136=CARTESIAN_POINT('',(0.0396419847765715,0.0831416610934469,0.00920005075200001));
#7137=CARTESIAN_POINT('',(0.0388644892192228,0.0824454449229529,0.014200050752));
#7138=CARTESIAN_POINT('',(0.0388644892192228,0.0824454449229529,0.00920005075200001));
#7139=CARTESIAN_POINT('',(0.0380917682094359,0.0816205635302292,0.014200050752));
#7140=CARTESIAN_POINT('',(0.038091768209436,0.0816205635302292,0.00920005075200001));
#7141=CARTESIAN_POINT('',(0.0374794249985604,0.0802704848356786,0.014200050752));
#7142=CARTESIAN_POINT('',(0.0374794249985605,0.0802704848356786,0.009200050752));
#7143=CARTESIAN_POINT('',(0.0377014212747753,0.0782455170885158,0.014200050752));
#7144=CARTESIAN_POINT('',(0.0377014212747753,0.0782455170885158,0.009200050752));
#7145=CARTESIAN_POINT('',(0.0391237389008606,0.0766757539371334,0.014200050752));
#7146=CARTESIAN_POINT('',(0.0391237389008607,0.0766757539371334,0.009200050752));
#7147=CARTESIAN_POINT('',(0.0401993532102598,0.0760017170762285,0.014200050752));
#7148=CARTESIAN_POINT('',(0.0401993532102598,0.0760017170762285,0.009200050752));
#7149=CARTESIAN_POINT('',(0.0395035769459446,0.0912017170526498,0.009200050752));
#7150=CARTESIAN_POINT('',(0.0394994563157218,0.0911943698986711,0.009200050752));
#7151=CARTESIAN_POINT('',(0.0384430770067343,0.0893066211538567,0.009200050752));
#7152=CARTESIAN_POINT('',(0.037624538094994,0.0859754781424416,0.009200050752));
#7153=CARTESIAN_POINT('',(0.0413316094296595,0.0839091879907842,0.00920005075200001));
#7154=CARTESIAN_POINT('',(0.0368128118768073,0.0815562163047526,0.00920005075199999));
#7155=CARTESIAN_POINT('',(0.0376223601831102,0.0776573602878308,0.009200050752));
#7156=CARTESIAN_POINT('',(0.040143506068577,0.0760367138513192,0.00920005075200001));
#7157=CARTESIAN_POINT('',(0.0401993532102598,0.0760017170762285,0.00920005075200001));
#7158=CARTESIAN_POINT('',(0.0401993532102598,0.0760017170762285,0.00920005075200001));
#7159=CARTESIAN_POINT('',(0.0401993532102598,0.0760017170762285,0.014200050752));
#7160=CARTESIAN_POINT('',(0.0401993532102598,0.0760017170762285,0.014200050752));
#7161=CARTESIAN_POINT('',(0.0395035769459445,0.0912017170526498,0.014200050752));
#7162=CARTESIAN_POINT('',(0.0394994563157217,0.0911943698986711,0.014200050752));
#7163=CARTESIAN_POINT('',(0.0384430770067343,0.0893066211538567,0.014200050752));
#7164=CARTESIAN_POINT('',(0.037624538094994,0.0859754781424416,0.014200050752));
#7165=CARTESIAN_POINT('',(0.0413316094296595,0.0839091879907842,0.014200050752));
#7166=CARTESIAN_POINT('',(0.0368128118768073,0.0815562163047526,0.014200050752));
#7167=CARTESIAN_POINT('',(0.0376223601831102,0.0776573602878308,0.014200050752));
#7168=CARTESIAN_POINT('',(0.040143506068577,0.0760367138513192,0.014200050752));
#7169=CARTESIAN_POINT('',(0.0401993532102598,0.0760017170762285,0.014200050752));
#7170=CARTESIAN_POINT('',(0.0441846328657621,0.0760017170718118,0.014200050752));
#7171=CARTESIAN_POINT('',(0.0441846328657621,0.0760017170718118,0.00920005075200002));
#7172=CARTESIAN_POINT('',(0.0481699125208032,0.0760017170718118,0.00920005075200003));
#7173=CARTESIAN_POINT('',(0.0481699125208032,0.0760017170718118,0.014200050752));
#7174=CARTESIAN_POINT('',(0.0481699125208032,0.0760017170718118,0.014200050752));
#7175=CARTESIAN_POINT('',(0.0441846328657621,0.0760017170718118,0.014200050752));
#7176=CARTESIAN_POINT('',(0.0481699125208032,0.0836017170718113,0.014200050752));
#7177=CARTESIAN_POINT('',(0.0481699125208032,0.0836017170718113,0.00920005075200003));
#7178=CARTESIAN_POINT('',(0.0481699125208032,0.0836017170718113,0.014200050752));
#7179=CARTESIAN_POINT('',(0.051191918354837,0.106515864840706,0.014200050752));
#7180=CARTESIAN_POINT('',(0.051191918354837,0.106515864840706,0.00920005075200004));
#7181=CARTESIAN_POINT('',(0.,0.,0.));
#7182=CARTESIAN_POINT('',(0.0564004507931615,0.120270755061949,0.0142000507520001));
#7183=CARTESIAN_POINT('',(0.0564004507931615,0.120270755061949,0.00920005075200006));
#7184=CARTESIAN_POINT('',(0.055672019020049,0.120575177414569,0.0142000507520001));
#7185=CARTESIAN_POINT('',(0.055672019020049,0.120575177414569,0.00920005075200006));
#7186=CARTESIAN_POINT('',(0.0540044973590756,0.120941626657395,0.0142000507520001));
#7187=CARTESIAN_POINT('',(0.0540044973590756,0.120941626657395,0.00920005075200006));
#7188=CARTESIAN_POINT('',(0.0500308376310042,0.12089496574768,0.014200050752));
#7189=CARTESIAN_POINT('',(0.0500308376310042,0.12089496574768,0.00920005075200005));
#7190=CARTESIAN_POINT('',(0.0468953424309213,0.120007523647406,0.014200050752));
#7191=CARTESIAN_POINT('',(0.0468953424309213,0.120007523647406,0.00920005075200002));
#7192=CARTESIAN_POINT('',(0.0454604507911431,0.118931936466962,0.014200050752));
#7193=CARTESIAN_POINT('',(0.0454604507911431,0.118931936466962,0.00920005075200002));
#7194=CARTESIAN_POINT('',(0.0564004507931615,0.120270755061949,0.00920005075200006));
#7195=CARTESIAN_POINT('',(0.0553086620446447,0.120727029639275,0.00920005075200006));
#7196=CARTESIAN_POINT('',(0.0517484044803716,0.121226640358173,0.00920005075200005));
#7197=CARTESIAN_POINT('',(0.0472549112982202,0.120277054567674,0.00920005075200003));
#7198=CARTESIAN_POINT('',(0.0454604507911431,0.118931936466962,0.00920005075200002));
#7199=CARTESIAN_POINT('',(0.0564004507931615,0.120270755061949,0.00920005075200006));
#7200=CARTESIAN_POINT('',(0.0454604507911431,0.118931936466962,0.00920005075200002));
#7201=CARTESIAN_POINT('',(0.0454604507911431,0.118931936466962,0.014200050752));
#7202=CARTESIAN_POINT('',(0.0454604507911431,0.118931936466962,0.014200050752));
#7203=CARTESIAN_POINT('',(0.0564004507931615,0.120270755061949,0.0142000507520001));
#7204=CARTESIAN_POINT('',(0.0553086620446447,0.120727029639275,0.0142000507520001));
#7205=CARTESIAN_POINT('',(0.0517484044803716,0.121226640358173,0.014200050752));
#7206=CARTESIAN_POINT('',(0.0472549112982202,0.120277054567674,0.014200050752));
#7207=CARTESIAN_POINT('',(0.0454604507911431,0.118931936466962,0.014200050752));
#7208=CARTESIAN_POINT('',(0.0564004507931615,0.120270755061949,0.0142000507520001));
#7209=CARTESIAN_POINT('',(0.0564004507931615,0.120270755061949,0.0142000507520001));
#7210=CARTESIAN_POINT('',(0.0454604507744637,0.116830219067512,0.014200050752));
#7211=CARTESIAN_POINT('',(0.0454604507744638,0.116830219067512,0.00920005075200002));
#7212=CARTESIAN_POINT('',(0.0454604507744638,0.114728501665939,0.00920005075200002));
#7213=CARTESIAN_POINT('',(0.0454604507744638,0.114728501665939,0.014200050752));
#7214=CARTESIAN_POINT('',(0.0454604507744638,0.114728501665939,0.014200050752));
#7215=CARTESIAN_POINT('',(0.0454604507744637,0.116830219067512,0.014200050752));
#7216=CARTESIAN_POINT('',(0.0509304507744625,0.114728501665939,0.014200050752));
#7217=CARTESIAN_POINT('',(0.0509304507744625,0.114728501665939,0.00920005075200004));
#7218=CARTESIAN_POINT('',(0.0564004507744613,0.114728501665939,0.00920005075200006));
#7219=CARTESIAN_POINT('',(0.0564004507744613,0.114728501665939,0.0142000507520001));
#7220=CARTESIAN_POINT('',(0.0564004507744613,0.114728501665939,0.0142000507520001));
#7221=CARTESIAN_POINT('',(0.0509304507744625,0.114728501665939,0.014200050752));
#7222=CARTESIAN_POINT('',(0.0564004507744613,0.117499628367708,0.0142000507520001));
#7223=CARTESIAN_POINT('',(0.0564004507744613,0.117499628367708,0.00920005075200006));
#7224=CARTESIAN_POINT('',(0.0564004507744613,0.117499628367708,0.0142000507520001));
#7225=CARTESIAN_POINT('',(0.051191918354837,0.106515864840706,0.014200050752));
#7226=CARTESIAN_POINT('',(0.051191918354837,0.106515864840706,0.00920005075200004));
#7227=CARTESIAN_POINT('',(0.,0.,0.));
#7228=CARTESIAN_POINT('',(0.054147101854204,0.115643235967731,0.005860050749776));
#7229=CARTESIAN_POINT('',(0.0564004507744613,0.121998337382689,0.00586005074977602));
#7230=CARTESIAN_POINT('',(0.0564004507744613,0.1237259196959,0.00586005074977602));
#7231=CARTESIAN_POINT('',(0.0564004507931616,0.120270755061949,0.00586005074977608));
#7232=CARTESIAN_POINT('',(0.0564004507931616,0.120270755061949,0.00586005074977608));
#7233=CARTESIAN_POINT('',(0.0553086620446447,0.120727029639275,0.00586005074977602));
#7234=CARTESIAN_POINT('',(0.0517484044803716,0.121226640358173,0.00586005074977602));
#7235=CARTESIAN_POINT('',(0.0472549112982202,0.120277054567674,0.00586005074977602));
#7236=CARTESIAN_POINT('',(0.0454604507911431,0.118931936466962,0.00586005074977602));
#7237=CARTESIAN_POINT('',(0.0454604507911431,0.118931936466962,0.00586005074977602));
#7238=CARTESIAN_POINT('',(0.0454604507744638,0.121285390677508,0.00586005074977602));
#7239=CARTESIAN_POINT('',(0.0454604507745242,0.123638844885953,0.00586005074977602));
#7240=CARTESIAN_POINT('',(0.0454604507745242,0.123638844885953,0.00586005074977602));
#7241=CARTESIAN_POINT('',(0.0455018420088808,0.123655452983879,0.00586005074977602));
#7242=CARTESIAN_POINT('',(0.0462001378081516,0.123932713586882,0.00586005074977602));
#7243=CARTESIAN_POINT('',(0.0471354493432655,0.124232780463546,0.00586005074977602));
#7244=CARTESIAN_POINT('',(0.0476011622406363,0.124282538478923,0.00586005074977602));
#7245=CARTESIAN_POINT('',(0.0474674478090376,0.124358429806242,0.00586005074977602));
#7246=CARTESIAN_POINT('',(0.0471128877998402,0.124737069709382,0.00586005074977602));
#7247=CARTESIAN_POINT('',(0.0465792760018788,0.125132963715764,0.00586005074977602));
#7248=CARTESIAN_POINT('',(0.0463997132232754,0.125126489751815,0.00586005074977602));
#7249=CARTESIAN_POINT('',(0.0463326621313523,0.125718777153664,0.00586005074977602));
#7250=CARTESIAN_POINT('',(0.0467729124700884,0.125943421644414,0.00586005074977602));
#7251=CARTESIAN_POINT('',(0.0477399704307175,0.125886843743989,0.00586005074977602));
#7252=CARTESIAN_POINT('',(0.0491049810216201,0.125897789337525,0.00586005074977602));
#7253=CARTESIAN_POINT('',(0.0491440177361423,0.12596503712784,0.00586005074977602));
#7254=CARTESIAN_POINT('',(0.0491089711720687,0.126018685590669,0.00586005074977602));
#7255=CARTESIAN_POINT('',(0.0490255117985215,0.126002605827947,0.00586005074977602));
#7256=CARTESIAN_POINT('',(0.0487892517201582,0.126495562977916,0.00586005074977602));
#7257=CARTESIAN_POINT('',(0.0487559656673832,0.127064180735659,0.00586005074977602));
#7258=CARTESIAN_POINT('',(0.04935678161538,0.127164105926632,0.00586005074977602));
#7259=CARTESIAN_POINT('',(0.0501953948169333,0.126863030132882,0.00586005074977602));
#7260=CARTESIAN_POINT('',(0.0509265514066689,0.126550771072257,0.00586005074977602));
#7261=CARTESIAN_POINT('',(0.0518189009719633,0.125953835003956,0.00586005074977602));
#7262=CARTESIAN_POINT('',(0.0518063488445674,0.125970245836131,0.00586005074977602));
#7263=CARTESIAN_POINT('',(0.0518848821348103,0.126215446281939,0.00586005074977602));
#7264=CARTESIAN_POINT('',(0.051701836847865,0.126212454108632,0.00586005074977602));
#7265=CARTESIAN_POINT('',(0.05172260480868,0.12672637657155,0.00586005074977602));
#7266=CARTESIAN_POINT('',(0.0518239297472469,0.126643697159149,0.00586005074977602));
#7267=CARTESIAN_POINT('',(0.0523944879424843,0.126713903536548,0.00586005074977602));
#7268=CARTESIAN_POINT('',(0.0526048908796216,0.126619367116086,0.00586005074977602));
#7269=CARTESIAN_POINT('',(0.0531396830128862,0.126218774718723,0.00586005074977602));
#7270=CARTESIAN_POINT('',(0.0539665692617263,0.125076632284009,0.00586005074977602));
#7271=CARTESIAN_POINT('',(0.0540225673166681,0.124684201215839,0.00586005074977602));
#7272=CARTESIAN_POINT('',(0.054168552785456,0.124574855211587,0.00586005074977602));
#7273=CARTESIAN_POINT('',(0.0546343719399919,0.124344173010757,0.00586005074977602));
#7274=CARTESIAN_POINT('',(0.0556376918970266,0.124048643869302,0.00586005074977602));
#7275=CARTESIAN_POINT('',(0.0564004507688306,0.123725919698282,0.00586005074977608));
#7276=CARTESIAN_POINT('',(0.051191918354837,0.106515864840706,0.00920005075200004));
#7277=CARTESIAN_POINT('',(0.0454604507745242,0.123638844885953,0.00920005075200003));
#7278=CARTESIAN_POINT('',(0.0455018420088808,0.123655452983879,0.00920005075200003));
#7279=CARTESIAN_POINT('',(0.0462001378081516,0.123932713586882,0.00920005075200003));
#7280=CARTESIAN_POINT('',(0.0471354493432655,0.124232780463546,0.00920005075200003));
#7281=CARTESIAN_POINT('',(0.0476011622406363,0.124282538478923,0.00920005075200003));
#7282=CARTESIAN_POINT('',(0.0474674478090376,0.124358429806242,0.00920005075200003));
#7283=CARTESIAN_POINT('',(0.0471128877998402,0.124737069709382,0.00920005075200003));
#7284=CARTESIAN_POINT('',(0.0465792760018788,0.125132963715764,0.00920005075200003));
#7285=CARTESIAN_POINT('',(0.0463997132232753,0.125126489751815,0.00920005075200003));
#7286=CARTESIAN_POINT('',(0.0463326621313523,0.125718777153664,0.00920005075200003));
#7287=CARTESIAN_POINT('',(0.0467729124700884,0.125943421644414,0.00920005075200003));
#7288=CARTESIAN_POINT('',(0.0477399704307175,0.125886843743989,0.00920005075200003));
#7289=CARTESIAN_POINT('',(0.04910498102162,0.125897789337525,0.00920005075200004));
#7290=CARTESIAN_POINT('',(0.0491440177361423,0.12596503712784,0.00920005075200004));
#7291=CARTESIAN_POINT('',(0.0491089711720687,0.126018685590669,0.00920005075200004));
#7292=CARTESIAN_POINT('',(0.0490255117985215,0.126002605827947,0.00920005075200004));
#7293=CARTESIAN_POINT('',(0.0487892517201582,0.126495562977916,0.00920005075200004));
#7294=CARTESIAN_POINT('',(0.0487559656673832,0.127064180735659,0.00920005075200004));
#7295=CARTESIAN_POINT('',(0.04935678161538,0.127164105926632,0.00920005075200004));
#7296=CARTESIAN_POINT('',(0.0501953948169333,0.126863030132882,0.00920005075200004));
#7297=CARTESIAN_POINT('',(0.0509265514066689,0.126550771072257,0.00920005075200004));
#7298=CARTESIAN_POINT('',(0.0518189009719633,0.125953835003956,0.00920005075200005));
#7299=CARTESIAN_POINT('',(0.0518063488445674,0.125970245836131,0.00920005075200005));
#7300=CARTESIAN_POINT('',(0.0518848821348103,0.126215446281939,0.00920005075200005));
#7301=CARTESIAN_POINT('',(0.051701836847865,0.126212454108632,0.00920005075200005));
#7302=CARTESIAN_POINT('',(0.05172260480868,0.12672637657155,0.00920005075200005));
#7303=CARTESIAN_POINT('',(0.0518239297472469,0.126643697159149,0.00920005075200005));
#7304=CARTESIAN_POINT('',(0.0523944879424843,0.126713903536548,0.00920005075200005));
#7305=CARTESIAN_POINT('',(0.0526048908796216,0.126619367116086,0.00920005075200005));
#7306=CARTESIAN_POINT('',(0.0531396830128862,0.126218774718723,0.00920005075200005));
#7307=CARTESIAN_POINT('',(0.0539665692617263,0.125076632284009,0.00920005075200005));
#7308=CARTESIAN_POINT('',(0.0540225673166681,0.124684201215839,0.00920005075200005));
#7309=CARTESIAN_POINT('',(0.054168552785456,0.124574855211587,0.00920005075200005));
#7310=CARTESIAN_POINT('',(0.0546343719399919,0.124344173010757,0.00920005075200006));
#7311=CARTESIAN_POINT('',(0.0556376918970266,0.124048643869302,0.00920005075200006));
#7312=CARTESIAN_POINT('',(0.0564004507688305,0.123725919698282,0.00920005075200006));
#7313=CARTESIAN_POINT('',(0.0454604507745242,0.123638844885953,0.00920005075200003));
#7314=CARTESIAN_POINT('',(0.0564004507744613,0.1237259196959,0.00920005075200006));
#7315=CARTESIAN_POINT('',(0.0454604507744638,0.121285390677507,0.00920005075200002));
#7316=CARTESIAN_POINT('',(0.0454604507911431,0.118931936466962,0.00920005075200003));
#7317=CARTESIAN_POINT('',(0.0564004507931615,0.120270755061949,0.00920005075200006));
#7318=CARTESIAN_POINT('',(0.0553086620446447,0.120727029639275,0.00920005075200006));
#7319=CARTESIAN_POINT('',(0.0517484044803716,0.121226640358173,0.00920005075200005));
#7320=CARTESIAN_POINT('',(0.0472549112982202,0.120277054567674,0.00920005075200003));
#7321=CARTESIAN_POINT('',(0.0454604507911431,0.118931936466962,0.00920005075200003));
#7322=CARTESIAN_POINT('',(0.0564004507931615,0.120270755061949,0.00920005075200006));
#7323=CARTESIAN_POINT('',(0.0564004507744613,0.121998337382688,0.00920005075200006));
#7324=CARTESIAN_POINT('',(0.0454604507744648,0.121285390677507,-0.283509689189317));
#7325=CARTESIAN_POINT('',(0.0454604507911441,0.118931936466962,-0.283509689189317));
#7326=CARTESIAN_POINT('',(0.0454604507745252,0.123638844885953,-0.283509689189317));
#7327=CARTESIAN_POINT('',(0.0564004507931616,0.120270755061949,0.00586005074977602));
#7328=CARTESIAN_POINT('',(0.0564004507931616,0.120270755061949,0.00920005075200003));
#7329=CARTESIAN_POINT('',(0.055672019020049,0.120575177414569,0.00586005074977602));
#7330=CARTESIAN_POINT('',(0.055672019020049,0.120575177414569,0.00920005075200003));
#7331=CARTESIAN_POINT('',(0.0540044973590756,0.120941626657395,0.00586005074977602));
#7332=CARTESIAN_POINT('',(0.0540044973590756,0.120941626657395,0.00920005075200003));
#7333=CARTESIAN_POINT('',(0.0500308376310043,0.12089496574768,0.00586005074977603));
#7334=CARTESIAN_POINT('',(0.0500308376310043,0.12089496574768,0.00920005075200004));
#7335=CARTESIAN_POINT('',(0.0468953424309213,0.120007523647406,0.00586005074977603));
#7336=CARTESIAN_POINT('',(0.0468953424309213,0.120007523647406,0.00920005075200003));
#7337=CARTESIAN_POINT('',(0.0454604507911431,0.118931936466962,0.00586005074977603));
#7338=CARTESIAN_POINT('',(0.0454604507911431,0.118931936466962,0.00920005075200003));
#7339=CARTESIAN_POINT('',(0.0564004507931626,0.120270755061949,-0.283509689189317));
#7340=CARTESIAN_POINT('',(0.0564004507744623,0.121998337382688,-0.283509689189317));
#7341=CARTESIAN_POINT('',(0.0564004507744623,0.1237259196959,-0.283509689189317));
#7342=CARTESIAN_POINT('',(0.0454604507745242,0.123638844885953,0.00586005074977575));
#7343=CARTESIAN_POINT('',(0.0454604507745242,0.123638844885953,0.00920005075199981));
#7344=CARTESIAN_POINT('',(0.0457876233400032,0.123770121811864,0.00586005074977575));
#7345=CARTESIAN_POINT('',(0.0457876233400031,0.123770121811864,0.00920005075199981));
#7346=CARTESIAN_POINT('',(0.0464403080331298,0.124008305053851,0.00586005074977575));
#7347=CARTESIAN_POINT('',(0.0464403080331298,0.124008305053851,0.00920005075199981));
#7348=CARTESIAN_POINT('',(0.0471054228888594,0.124204245571616,0.00586005074977575));
#7349=CARTESIAN_POINT('',(0.0471054228888594,0.124204245571616,0.00920005075199981));
#7350=CARTESIAN_POINT('',(0.0474769411146691,0.124269064901085,0.00586005074977575));
#7351=CARTESIAN_POINT('',(0.0474769411146691,0.124269064901085,0.00920005075199981));
#7352=CARTESIAN_POINT('',(0.0475897483391182,0.124296224320978,0.00586005074977575));
#7353=CARTESIAN_POINT('',(0.0475897483391182,0.124296224320978,0.00920005075199981));
#7354=CARTESIAN_POINT('',(0.0474708988717285,0.124360798911245,0.00586005074977575));
#7355=CARTESIAN_POINT('',(0.0474708988717285,0.124360798911245,0.00920005075199981));
#7356=CARTESIAN_POINT('',(0.0473075438326165,0.124527905314755,0.00586005074977575));
#7357=CARTESIAN_POINT('',(0.0473075438326165,0.124527905314755,0.00920005075199981));
#7358=CARTESIAN_POINT('',(0.0470882104148522,0.124734996633399,0.00586005074977575));
#7359=CARTESIAN_POINT('',(0.0470882104148522,0.124734996633399,0.00920005075199981));
#7360=CARTESIAN_POINT('',(0.0468391063013714,0.124936072290768,0.00586005074977575));
#7361=CARTESIAN_POINT('',(0.0468391063013714,0.124936072290768,0.00920005075199981));
#7362=CARTESIAN_POINT('',(0.0466104955677493,0.125096651845357,0.00586005074977575));
#7363=CARTESIAN_POINT('',(0.0466104955677493,0.125096651845357,0.00920005075199981));
#7364=CARTESIAN_POINT('',(0.0464718923195943,0.125121368510196,0.00586005074977575));
#7365=CARTESIAN_POINT('',(0.0464718923195943,0.125121368510196,0.00920005075199981));
#7366=CARTESIAN_POINT('',(0.046398871868074,0.12522211809593,0.00586005074977575));
#7367=CARTESIAN_POINT('',(0.0463988718680739,0.12522211809593,0.00920005075199981));
#7368=CARTESIAN_POINT('',(0.046367786691342,0.125510056743524,0.00586005074977575));
#7369=CARTESIAN_POINT('',(0.046367786691342,0.125510056743524,0.00920005075199981));
#7370=CARTESIAN_POINT('',(0.0464332978730884,0.125745234597185,0.00586005074977575));
#7371=CARTESIAN_POINT('',(0.0464332978730884,0.125745234597185,0.00920005075199981));
#7372=CARTESIAN_POINT('',(0.0466659251075814,0.125890482344202,0.00586005074977575));
#7373=CARTESIAN_POINT('',(0.0466659251075814,0.125890482344202,0.00920005075199981));
#7374=CARTESIAN_POINT('',(0.0471229053773911,0.125924778960476,0.00586005074977575));
#7375=CARTESIAN_POINT('',(0.0471229053773911,0.125924778960476,0.00920005075199981));
#7376=CARTESIAN_POINT('',(0.0479508782679047,0.12589085095462,0.00586005074977575));
#7377=CARTESIAN_POINT('',(0.0479508782679047,0.12589085095462,0.00920005075199981));
#7378=CARTESIAN_POINT('',(0.0488032133997195,0.125901969519959,0.00586005074977575));
#7379=CARTESIAN_POINT('',(0.0488032133997195,0.125901969519959,0.00920005075199981));
#7380=CARTESIAN_POINT('',(0.0491503038418853,0.125927462982193,0.00586005074977575));
#7381=CARTESIAN_POINT('',(0.0491503038418853,0.125927462982193,0.00920005075199981));
#7382=CARTESIAN_POINT('',(0.0491348672002305,0.12600308034566,0.00586005074977575));
#7383=CARTESIAN_POINT('',(0.0491348672002305,0.12600308034566,0.00920005075199981));
#7384=CARTESIAN_POINT('',(0.0490653211438466,0.125999639090084,0.00586005074977575));
#7385=CARTESIAN_POINT('',(0.0490653211438466,0.125999639090084,0.00920005075199981));
#7386=CARTESIAN_POINT('',(0.0489558836895862,0.126149673270692,0.00586005074977575));
#7387=CARTESIAN_POINT('',(0.0489558836895862,0.126149673270692,0.00920005075199981));
#7388=CARTESIAN_POINT('',(0.0488426920536102,0.12643085693477,0.00586005074977575));
#7389=CARTESIAN_POINT('',(0.0488426920536101,0.12643085693477,0.00920005075199981));
#7390=CARTESIAN_POINT('',(0.0487541198585303,0.126808569259364,0.00586005074977575));
#7391=CARTESIAN_POINT('',(0.0487541198585303,0.126808569259364,0.00920005075199981));
#7392=CARTESIAN_POINT('',(0.0488900307259419,0.127135983191816,0.00586005074977575));
#7393=CARTESIAN_POINT('',(0.0488900307259419,0.127135983191816,0.00920005075199981));
#7394=CARTESIAN_POINT('',(0.0494753701584374,0.127116247377362,0.00586005074977575));
#7395=CARTESIAN_POINT('',(0.0494753701584374,0.127116247377362,0.00920005075199981));
#7396=CARTESIAN_POINT('',(0.0500920599698647,0.126898918526125,0.00586005074977575));
#7397=CARTESIAN_POINT('',(0.0500920599698647,0.126898918526125,0.00920005075199981));
#7398=CARTESIAN_POINT('',(0.0505382243039911,0.126717913914677,0.00586005074977575));
#7399=CARTESIAN_POINT('',(0.0505382243039911,0.126717913914677,0.00920005075199981));
#7400=CARTESIAN_POINT('',(0.0509431512999514,0.126506986699656,0.00586005074977575));
#7401=CARTESIAN_POINT('',(0.0509431512999514,0.126506986699656,0.00920005075199981));
#7402=CARTESIAN_POINT('',(0.0513172107401623,0.126280366968493,0.00586005074977575));
#7403=CARTESIAN_POINT('',(0.0513172107401623,0.126280366968493,0.00920005075199981));
#7404=CARTESIAN_POINT('',(0.0516654571210895,0.126057745712289,0.00586005074977575));
#7405=CARTESIAN_POINT('',(0.0516654571210895,0.126057745712289,0.00920005075199981));
#7406=CARTESIAN_POINT('',(0.051821581164026,0.125952984527029,0.00586005074977575));
#7407=CARTESIAN_POINT('',(0.051821581164026,0.125952984527029,0.00920005075199981));
#7408=CARTESIAN_POINT('',(0.0518076640890353,0.125972685031542,0.00586005074977575));
#7409=CARTESIAN_POINT('',(0.0518076640890353,0.125972685031542,0.00920005075199981));
#7410=CARTESIAN_POINT('',(0.0518338471540587,0.126062590825839,0.00586005074977575));
#7411=CARTESIAN_POINT('',(0.0518338471540587,0.126062590825839,0.00920005075199981));
#7412=CARTESIAN_POINT('',(0.0518475944005495,0.12616137393762,0.00586005074977575));
#7413=CARTESIAN_POINT('',(0.0518475944005495,0.12616137393762,0.00920005075199981));
#7414=CARTESIAN_POINT('',(0.0518209641792006,0.126207857151492,0.00586005074977575));
#7415=CARTESIAN_POINT('',(0.0518209641792006,0.126207857151492,0.00920005075199981));
#7416=CARTESIAN_POINT('',(0.0517698451115817,0.126232276622794,0.00586005074977575));
#7417=CARTESIAN_POINT('',(0.0517698451115817,0.126232276622794,0.00920005075199981));
#7418=CARTESIAN_POINT('',(0.0517217758539687,0.126338384088933,0.00586005074977575));
#7419=CARTESIAN_POINT('',(0.0517217758539687,0.126338384088933,0.00920005075199981));
#7420=CARTESIAN_POINT('',(0.05171853361593,0.126540466239373,0.00586005074977575));
#7421=CARTESIAN_POINT('',(0.05171853361593,0.126540466239373,0.00920005075199981));
#7422=CARTESIAN_POINT('',(0.051742933830933,0.126674569019896,0.00586005074977575));
#7423=CARTESIAN_POINT('',(0.051742933830933,0.126674569019896,0.00920005075199981));
#7424=CARTESIAN_POINT('',(0.051772723179123,0.126692929919914,0.00586005074977575));
#7425=CARTESIAN_POINT('',(0.051772723179123,0.126692929919914,0.00920005075199981));
#7426=CARTESIAN_POINT('',(0.051908626460702,0.126657219355555,0.00586005074977575));
#7427=CARTESIAN_POINT('',(0.051908626460702,0.126657219355555,0.00920005075199981));
#7428=CARTESIAN_POINT('',(0.0522168457898799,0.126686765993783,0.00586005074977574));
#7429=CARTESIAN_POINT('',(0.0522168457898799,0.126686765993783,0.00920005075199981));
#7430=CARTESIAN_POINT('',(0.052454970633613,0.126686475181321,0.00586005074977575));
#7431=CARTESIAN_POINT('',(0.052454970633613,0.126686475181321,0.00920005075199981));
#7432=CARTESIAN_POINT('',(0.0525668840382939,0.126632445572124,0.00586005074977574));
#7433=CARTESIAN_POINT('',(0.0525668840382939,0.126632445572124,0.00920005075199981));
#7434=CARTESIAN_POINT('',(0.0527868424573101,0.126486994992578,0.00586005074977575));
#7435=CARTESIAN_POINT('',(0.0527868424573101,0.126486994992578,0.00920005075199981));
#7436=CARTESIAN_POINT('',(0.0531915466951695,0.126114209466401,0.00586005074977575));
#7437=CARTESIAN_POINT('',(0.0531915466951694,0.126114209466401,0.00920005075199981));
#7438=CARTESIAN_POINT('',(0.0536631404022461,0.125484245959633,0.00586005074977575));
#7439=CARTESIAN_POINT('',(0.0536631404022461,0.125484245959633,0.00920005075199981));
#7440=CARTESIAN_POINT('',(0.0539184817087033,0.125053192259402,0.00586005074977575));
#7441=CARTESIAN_POINT('',(0.0539184817087033,0.125053192259402,0.00920005075199981));
#7442=CARTESIAN_POINT('',(0.0540030277417858,0.124817942436458,0.00586005074977575));
#7443=CARTESIAN_POINT('',(0.0540030277417858,0.124817942436458,0.00920005075199981));
#7444=CARTESIAN_POINT('',(0.0540445572320433,0.12467146732626,0.00586005074977575));
#7445=CARTESIAN_POINT('',(0.0540445572320433,0.12467146732626,0.00920005075199981));
#7446=CARTESIAN_POINT('',(0.054157980139327,0.124580934308861,0.00586005074977575));
#7447=CARTESIAN_POINT('',(0.054157980139327,0.124580934308861,0.00920005075199981));
#7448=CARTESIAN_POINT('',(0.0544631044238163,0.124424491600167,0.00586005074977575));
#7449=CARTESIAN_POINT('',(0.0544631044238163,0.124424491600167,0.00920005075199981));
#7450=CARTESIAN_POINT('',(0.0552497625062504,0.124165159732796,0.00586005074977575));
#7451=CARTESIAN_POINT('',(0.0552497625062504,0.124165159732796,0.00920005075199981));
#7452=CARTESIAN_POINT('',(0.0559938163401902,0.123897967200766,0.00586005074977575));
#7453=CARTESIAN_POINT('',(0.0559938163401901,0.123897967200766,0.00920005075199981));
#7454=CARTESIAN_POINT('',(0.0564004507688306,0.123725919698282,0.00586005074977575));
#7455=CARTESIAN_POINT('',(0.0564004507688306,0.123725919698282,0.00920005075199981));
#7456=CARTESIAN_POINT('',(0.,0.,0.));
#7457=CARTESIAN_POINT('',(0.0401960042900011,0.0760081788207746,0.014200050752));
#7458=CARTESIAN_POINT('',(0.0401960042900011,0.0760081788207746,0.00920005075200001));
#7459=CARTESIAN_POINT('',(0.0427839165893772,0.0743864559900866,0.014200050752));
#7460=CARTESIAN_POINT('',(0.0427839165893772,0.0743864559900866,0.00920005075200002));
#7461=CARTESIAN_POINT('',(0.0497363708346528,0.0728888198235425,0.014200050752));
#7462=CARTESIAN_POINT('',(0.0497363708346529,0.0728888198235425,0.00920005075200004));
#7463=CARTESIAN_POINT('',(0.0586487593385496,0.0735994378784096,0.0142000507520001));
#7464=CARTESIAN_POINT('',(0.0586487593385496,0.0735994378784096,0.00920005075200009));
#7465=CARTESIAN_POINT('',(0.0618738921900764,0.07501860126528,0.0142000507520001));
#7466=CARTESIAN_POINT('',(0.0618738921900765,0.07501860126528,0.00920005075200011));
#7467=CARTESIAN_POINT('',(0.0629354764854183,0.0760081788163023,0.0142000507520001));
#7468=CARTESIAN_POINT('',(0.0629354764854183,0.0760081788163023,0.00920005075200011));
#7469=CARTESIAN_POINT('',(0.0401960042900012,0.0760081788207746,0.00920005075200001));
#7470=CARTESIAN_POINT('',(0.045122248071164,0.0729211337105625,0.00920005075200002));
#7471=CARTESIAN_POINT('',(0.0580995709072543,0.0720445203457009,0.00920005075200007));
#7472=CARTESIAN_POINT('',(0.0627307160100071,0.0758173071439418,0.00920005075200009));
#7473=CARTESIAN_POINT('',(0.0629354764854183,0.0760081788163023,0.00920005075200009));
#7474=CARTESIAN_POINT('',(0.0401960042900012,0.0760081788207746,0.00920005075200001));
#7475=CARTESIAN_POINT('',(0.0629354764854183,0.0760081788163023,0.00920005075200009));
#7476=CARTESIAN_POINT('',(0.0401960042900011,0.0760081788207746,0.014200050752));
#7477=CARTESIAN_POINT('',(0.0401960042900011,0.0760081788207746,0.014200050752));
#7478=CARTESIAN_POINT('',(0.0401960042900011,0.0760081788207746,0.014200050752));
#7479=CARTESIAN_POINT('',(0.045122248071164,0.0729211337105625,0.014200050752));
#7480=CARTESIAN_POINT('',(0.0580995709072543,0.0720445203457009,0.0142000507520001));
#7481=CARTESIAN_POINT('',(0.0627307160100071,0.0758173071439418,0.0142000507520001));
#7482=CARTESIAN_POINT('',(0.0629354764854183,0.0760081788163023,0.0142000507520001));
#7483=CARTESIAN_POINT('',(0.0629354764854183,0.0760081788163023,0.0142000507520001));
#7484=CARTESIAN_POINT('',(0.0629354764854183,0.0760081788163023,0.0142000507520001));
#7485=CARTESIAN_POINT('',(0.03625262019883,0.076008178816358,0.014200050752));
#7486=CARTESIAN_POINT('',(0.03625262019883,0.076008178816358,0.00920005075199999));
#7487=CARTESIAN_POINT('',(0.0323092361067605,0.076008178806367,0.00920005075199998));
#7488=CARTESIAN_POINT('',(0.0323092361067604,0.076008178806367,0.014200050752));
#7489=CARTESIAN_POINT('',(0.0323092361067604,0.076008178806367,0.014200050752));
#7490=CARTESIAN_POINT('',(0.03625262019883,0.076008178816358,0.014200050752));
#7491=CARTESIAN_POINT('',(0.0323092361067604,0.076008178806367,0.014200050752));
#7492=CARTESIAN_POINT('',(0.0323092361067604,0.076008178806367,0.00920005075199998));
#7493=CARTESIAN_POINT('',(0.0320223928974341,0.0758208266381871,0.014200050752));
#7494=CARTESIAN_POINT('',(0.0320223928974341,0.0758208266381871,0.00920005075199998));
#7495=CARTESIAN_POINT('',(0.0315600973340222,0.0753539166598569,0.014200050752));
#7496=CARTESIAN_POINT('',(0.0315600973340222,0.0753539166598569,0.00920005075199998));
#7497=CARTESIAN_POINT('',(0.0315567634103196,0.0744837289270536,0.014200050752));
#7498=CARTESIAN_POINT('',(0.0315567634103196,0.0744837289270536,0.00920005075199999));
#7499=CARTESIAN_POINT('',(0.0320365745380731,0.0738675627298712,0.014200050752));
#7500=CARTESIAN_POINT('',(0.0320365745380732,0.0738675627298712,0.00920005075199997));
#7501=CARTESIAN_POINT('',(0.0331722331502615,0.073297753446526,0.014200050752));
#7502=CARTESIAN_POINT('',(0.0331722331502615,0.073297753446526,0.00920005075199999));
#7503=CARTESIAN_POINT('',(0.0352124043550413,0.072611405683852,0.014200050752));
#7504=CARTESIAN_POINT('',(0.0352124043550413,0.072611405683852,0.00920005075199999));
#7505=CARTESIAN_POINT('',(0.0377700796443778,0.0722153077016657,0.014200050752));
#7506=CARTESIAN_POINT('',(0.0377700796443778,0.0722153077016657,0.009200050752));
#7507=CARTESIAN_POINT('',(0.0397374666010884,0.0719735271475849,0.014200050752));
#7508=CARTESIAN_POINT('',(0.0397374666010884,0.0719735271475849,0.009200050752));
#7509=CARTESIAN_POINT('',(0.0410368882207089,0.0717799316250714,0.014200050752));
#7510=CARTESIAN_POINT('',(0.0410368882207089,0.0717799316250714,0.00920005075199999));
#7511=CARTESIAN_POINT('',(0.0422173276931393,0.0716009414978267,0.014200050752));
#7512=CARTESIAN_POINT('',(0.0422173276931393,0.0716009414978267,0.009200050752));
#7513=CARTESIAN_POINT('',(0.0438407374481918,0.0714730475672595,0.014200050752));
#7514=CARTESIAN_POINT('',(0.0438407374481918,0.0714730475672595,0.009200050752));
#7515=CARTESIAN_POINT('',(0.0460727829281804,0.0715303759276699,0.014200050752));
#7516=CARTESIAN_POINT('',(0.0460727829281804,0.0715303759276699,0.00920005075200002));
#7517=CARTESIAN_POINT('',(0.0470363409990504,0.0710410150820247,0.014200050752));
#7518=CARTESIAN_POINT('',(0.0470363409990504,0.0710410150820247,0.00920005075200002));
#7519=CARTESIAN_POINT('',(0.0478106448557209,0.070918918323279,0.014200050752));
#7520=CARTESIAN_POINT('',(0.0478106448557209,0.070918918323279,0.00920005075200002));
#7521=CARTESIAN_POINT('',(0.0323092361067605,0.076008178806367,0.00920005075199998));
#7522=CARTESIAN_POINT('',(0.0321015112116592,0.0758725029102091,0.00920005075199998));
#7523=CARTESIAN_POINT('',(0.0315287277577415,0.0753824331244963,0.00920005075199997));
#7524=CARTESIAN_POINT('',(0.0315322001286008,0.0741853923848129,0.00920005075199997));
#7525=CARTESIAN_POINT('',(0.0329389688557904,0.0733444703415132,0.00920005075199998));
#7526=CARTESIAN_POINT('',(0.0359366859766339,0.0723961108886483,0.00920005075199999));
#7527=CARTESIAN_POINT('',(0.0401294862386914,0.0719625306015447,0.00920005075200001));
#7528=CARTESIAN_POINT('',(0.0429665212957781,0.0714332097405272,0.00920005075200001));
#7529=CARTESIAN_POINT('',(0.0460238138753146,0.0715580692913403,0.00920005075200003));
#7530=CARTESIAN_POINT('',(0.0470661109625392,0.0710363207801448,0.00920005075200003));
#7531=CARTESIAN_POINT('',(0.0478106448557209,0.070918918323279,0.00920005075200003));
#7532=CARTESIAN_POINT('',(0.0478106448557209,0.070918918323279,0.00920005075200003));
#7533=CARTESIAN_POINT('',(0.0478106448557209,0.070918918323279,0.014200050752));
#7534=CARTESIAN_POINT('',(0.0478106448557209,0.070918918323279,0.014200050752));
#7535=CARTESIAN_POINT('',(0.0323092361067604,0.076008178806367,0.014200050752));
#7536=CARTESIAN_POINT('',(0.0321015112116592,0.0758725029102091,0.014200050752));
#7537=CARTESIAN_POINT('',(0.0315287277577414,0.0753824331244963,0.014200050752));
#7538=CARTESIAN_POINT('',(0.0315322001286007,0.0741853923848129,0.014200050752));
#7539=CARTESIAN_POINT('',(0.0329389688557904,0.0733444703415132,0.014200050752));
#7540=CARTESIAN_POINT('',(0.0359366859766338,0.0723961108886483,0.014200050752));
#7541=CARTESIAN_POINT('',(0.0401294862386914,0.0719625306015447,0.014200050752));
#7542=CARTESIAN_POINT('',(0.0429665212957781,0.0714332097405272,0.014200050752));
#7543=CARTESIAN_POINT('',(0.0460238138753146,0.0715580692913403,0.014200050752));
#7544=CARTESIAN_POINT('',(0.0470661109625392,0.0710363207801448,0.014200050752));
#7545=CARTESIAN_POINT('',(0.0478106448557209,0.070918918323279,0.014200050752));
#7546=CARTESIAN_POINT('',(0.0478279519430429,0.0709162469564679,0.014200050752));
#7547=CARTESIAN_POINT('',(0.0478279519430429,0.0709162469564679,0.00920005075200003));
#7548=CARTESIAN_POINT('',(0.0478452590303649,0.0709135755896568,0.00920005075200003));
#7549=CARTESIAN_POINT('',(0.0478452590303649,0.0709135755896568,0.014200050752));
#7550=CARTESIAN_POINT('',(0.0478452590303649,0.0709135755896568,0.014200050752));
#7551=CARTESIAN_POINT('',(0.0478279519430429,0.0709162469564679,0.014200050752));
#7552=CARTESIAN_POINT('',(0.0478452590303649,0.0709135755896568,0.014200050752));
#7553=CARTESIAN_POINT('',(0.0478452590303649,0.0709135755896568,0.00920005075200003));
#7554=CARTESIAN_POINT('',(0.0480140303353761,0.0708876366034995,0.014200050752));
#7555=CARTESIAN_POINT('',(0.0480140303353761,0.0708876366034995,0.00920005075200003));
#7556=CARTESIAN_POINT('',(0.0491741062847187,0.0706675257321505,0.014200050752));
#7557=CARTESIAN_POINT('',(0.0491741062847188,0.0706675257321505,0.00920005075200005));
#7558=CARTESIAN_POINT('',(0.0494863943587742,0.0706756932922403,0.014200050752));
#7559=CARTESIAN_POINT('',(0.0494863943587742,0.0706756932922403,0.00920005075200005));
#7560=CARTESIAN_POINT('',(0.0501322518256046,0.0706121703327904,0.014200050752));
#7561=CARTESIAN_POINT('',(0.0501322518256046,0.0706121703327904,0.00920005075200005));
#7562=CARTESIAN_POINT('',(0.0505487448846107,0.0705836163677141,0.014200050752));
#7563=CARTESIAN_POINT('',(0.0505487448846107,0.0705836163677141,0.00920005075200005));
#7564=CARTESIAN_POINT('',(0.050775525164272,0.070596039336066,0.014200050752));
#7565=CARTESIAN_POINT('',(0.050775525164272,0.070596039336066,0.00920005075200005));
#7566=CARTESIAN_POINT('',(0.0509374148525414,0.0705956797977876,0.014200050752));
#7567=CARTESIAN_POINT('',(0.0509374148525414,0.0705956797977876,0.00920005075200005));
#7568=CARTESIAN_POINT('',(0.0509871493595142,0.0705964974138332,0.014200050752));
#7569=CARTESIAN_POINT('',(0.0509871493595142,0.0705964974138332,0.00920005075200005));
#7570=CARTESIAN_POINT('',(0.0478452590303649,0.0709135755896568,0.00920005075200003));
#7571=CARTESIAN_POINT('',(0.0480287846194201,0.0708853689717504,0.00920005075200003));
#7572=CARTESIAN_POINT('',(0.0491652754328818,0.0706698300088302,0.00920005075200003));
#7573=CARTESIAN_POINT('',(0.0495387985096588,0.0706756730169315,0.00920005075200004));
#7574=CARTESIAN_POINT('',(0.050439691215862,0.0705777951411396,0.00920005075200004));
#7575=CARTESIAN_POINT('',(0.0507609471925085,0.0705959633562575,0.00920005075200004));
#7576=CARTESIAN_POINT('',(0.0509392271419683,0.0705957095911243,0.00920005075200004));
#7577=CARTESIAN_POINT('',(0.0509871493595142,0.0705964974138332,0.00920005075200004));
#7578=CARTESIAN_POINT('',(0.0509871493595142,0.0705964974138332,0.00920005075200004));
#7579=CARTESIAN_POINT('',(0.0509871493595142,0.0705964974138332,0.014200050752));
#7580=CARTESIAN_POINT('',(0.0509871493595142,0.0705964974138332,0.014200050752));
#7581=CARTESIAN_POINT('',(0.0478452590303649,0.0709135755896568,0.014200050752));
#7582=CARTESIAN_POINT('',(0.04802878461942,0.0708853689717504,0.014200050752));
#7583=CARTESIAN_POINT('',(0.0491652754328818,0.0706698300088302,0.014200050752));
#7584=CARTESIAN_POINT('',(0.0495387985096588,0.0706756730169315,0.014200050752));
#7585=CARTESIAN_POINT('',(0.050439691215862,0.0705777951411396,0.014200050752));
#7586=CARTESIAN_POINT('',(0.0507609471925085,0.0705959633562575,0.014200050752));
#7587=CARTESIAN_POINT('',(0.0509392271419683,0.0705957095911243,0.014200050752));
#7588=CARTESIAN_POINT('',(0.0509871493595142,0.0705964974138332,0.014200050752));
#7589=CARTESIAN_POINT('',(0.0511902438947076,0.0705964974138332,0.014200050752));
#7590=CARTESIAN_POINT('',(0.0511902438947076,0.0705964974138332,0.00920005075200004));
#7591=CARTESIAN_POINT('',(0.051393338429901,0.0705964974138332,0.00920005075200004));
#7592=CARTESIAN_POINT('',(0.051393338429901,0.0705964974138332,0.014200050752));
#7593=CARTESIAN_POINT('',(0.051393338429901,0.0705964974138332,0.014200050752));
#7594=CARTESIAN_POINT('',(0.0511902438947076,0.0705964974138332,0.014200050752));
#7595=CARTESIAN_POINT('',(0.0545352287590503,0.0709135755896568,0.0142000507520001));
#7596=CARTESIAN_POINT('',(0.0545352287590503,0.0709135755896568,0.00920005075200005));
#7597=CARTESIAN_POINT('',(0.0543664574540391,0.0708876366034995,0.0142000507520001));
#7598=CARTESIAN_POINT('',(0.0543664574540391,0.0708876366034995,0.00920005075200005));
#7599=CARTESIAN_POINT('',(0.0532063815046965,0.0706675257321506,0.014200050752));
#7600=CARTESIAN_POINT('',(0.0532063815046966,0.0706675257321506,0.00920005075200004));
#7601=CARTESIAN_POINT('',(0.052894093430641,0.0706756932922402,0.014200050752));
#7602=CARTESIAN_POINT('',(0.052894093430641,0.0706756932922402,0.00920005075200003));
#7603=CARTESIAN_POINT('',(0.0522482359638106,0.0706121703327904,0.014200050752));
#7604=CARTESIAN_POINT('',(0.0522482359638106,0.0706121703327904,0.00920005075200003));
#7605=CARTESIAN_POINT('',(0.0518317429048045,0.0705836163677141,0.014200050752));
#7606=CARTESIAN_POINT('',(0.0518317429048045,0.0705836163677141,0.00920005075200003));
#7607=CARTESIAN_POINT('',(0.0516049626251432,0.070596039336066,0.014200050752));
#7608=CARTESIAN_POINT('',(0.0516049626251433,0.070596039336066,0.00920005075200003));
#7609=CARTESIAN_POINT('',(0.0514430729368738,0.0705956797977876,0.014200050752));
#7610=CARTESIAN_POINT('',(0.0514430729368738,0.0705956797977876,0.00920005075200003));
#7611=CARTESIAN_POINT('',(0.051393338429901,0.0705964974138332,0.014200050752));
#7612=CARTESIAN_POINT('',(0.051393338429901,0.0705964974138332,0.00920005075200003));
#7613=CARTESIAN_POINT('',(0.0545352287590504,0.0709135755896568,0.00920005075200005));
#7614=CARTESIAN_POINT('',(0.0543517031699952,0.0708853689717504,0.00920005075200005));
#7615=CARTESIAN_POINT('',(0.0532152123565334,0.0706698300088302,0.00920005075200005));
#7616=CARTESIAN_POINT('',(0.0528416892797565,0.0706756730169315,0.00920005075200005));
#7617=CARTESIAN_POINT('',(0.0519407965735532,0.0705777951411396,0.00920005075200005));
#7618=CARTESIAN_POINT('',(0.0516195405969068,0.0705959633562575,0.00920005075200004));
#7619=CARTESIAN_POINT('',(0.0514412606474469,0.0705957095911243,0.00920005075200004));
#7620=CARTESIAN_POINT('',(0.051393338429901,0.0705964974138332,0.00920005075200004));
#7621=CARTESIAN_POINT('',(0.0545352287590504,0.0709135755896568,0.00920005075200005));
#7622=CARTESIAN_POINT('',(0.0545352287590503,0.0709135755896568,0.0142000507520001));
#7623=CARTESIAN_POINT('',(0.0545352287590503,0.0709135755896568,0.0142000507520001));
#7624=CARTESIAN_POINT('',(0.0545352287590503,0.0709135755896568,0.0142000507520001));
#7625=CARTESIAN_POINT('',(0.0543517031699952,0.0708853689717504,0.0142000507520001));
#7626=CARTESIAN_POINT('',(0.0532152123565334,0.0706698300088302,0.014200050752));
#7627=CARTESIAN_POINT('',(0.0528416892797564,0.0706756730169315,0.014200050752));
#7628=CARTESIAN_POINT('',(0.0519407965735532,0.0705777951411396,0.014200050752));
#7629=CARTESIAN_POINT('',(0.0516195405969067,0.0705959633562575,0.014200050752));
#7630=CARTESIAN_POINT('',(0.0514412606474469,0.0705957095911243,0.014200050752));
#7631=CARTESIAN_POINT('',(0.051393338429901,0.0705964974138332,0.014200050752));
#7632=CARTESIAN_POINT('',(0.0545525358463724,0.0709162469564679,0.0142000507520001));
#7633=CARTESIAN_POINT('',(0.0545525358463724,0.0709162469564679,0.00920005075200005));
#7634=CARTESIAN_POINT('',(0.0545698429336944,0.070918918323279,0.00920005075200005));
#7635=CARTESIAN_POINT('',(0.0545698429336944,0.070918918323279,0.0142000507520001));
#7636=CARTESIAN_POINT('',(0.0545698429336944,0.070918918323279,0.0142000507520001));
#7637=CARTESIAN_POINT('',(0.0545525358463724,0.0709162469564679,0.0142000507520001));
#7638=CARTESIAN_POINT('',(0.0700712516826548,0.076008178806367,0.0142000507520001));
#7639=CARTESIAN_POINT('',(0.0700712516826548,0.076008178806367,0.00920005075200012));
#7640=CARTESIAN_POINT('',(0.0703580948919812,0.0758208266381871,0.0142000507520001));
#7641=CARTESIAN_POINT('',(0.0703580948919812,0.0758208266381871,0.00920005075200012));
#7642=CARTESIAN_POINT('',(0.070820390455393,0.0753539166598569,0.0142000507520001));
#7643=CARTESIAN_POINT('',(0.070820390455393,0.0753539166598569,0.00920005075200011));
#7644=CARTESIAN_POINT('',(0.0708237243790956,0.0744837289270537,0.0142000507520001));
#7645=CARTESIAN_POINT('',(0.0708237243790956,0.0744837289270537,0.00920005075200012));
#7646=CARTESIAN_POINT('',(0.070343913251342,0.0738675627298712,0.0142000507520001));
#7647=CARTESIAN_POINT('',(0.070343913251342,0.0738675627298712,0.00920005075200012));
#7648=CARTESIAN_POINT('',(0.0692082546391537,0.073297753446526,0.0142000507520001));
#7649=CARTESIAN_POINT('',(0.0692082546391537,0.073297753446526,0.00920005075200012));
#7650=CARTESIAN_POINT('',(0.0671680834343741,0.072611405683852,0.0142000507520001));
#7651=CARTESIAN_POINT('',(0.0671680834343741,0.072611405683852,0.00920005075200012));
#7652=CARTESIAN_POINT('',(0.0646104081450374,0.0722153077016657,0.0142000507520001));
#7653=CARTESIAN_POINT('',(0.0646104081450374,0.0722153077016657,0.00920005075200012));
#7654=CARTESIAN_POINT('',(0.0626430211883268,0.0719735271475849,0.0142000507520001));
#7655=CARTESIAN_POINT('',(0.0626430211883268,0.0719735271475849,0.0092000507520001));
#7656=CARTESIAN_POINT('',(0.0613435995687064,0.0717799316250714,0.0142000507520001));
#7657=CARTESIAN_POINT('',(0.0613435995687064,0.0717799316250714,0.00920005075200009));
#7658=CARTESIAN_POINT('',(0.0601631600962759,0.0716009414978267,0.0142000507520001));
#7659=CARTESIAN_POINT('',(0.0601631600962759,0.0716009414978267,0.00920005075200009));
#7660=CARTESIAN_POINT('',(0.0585397503412234,0.0714730475672595,0.0142000507520001));
#7661=CARTESIAN_POINT('',(0.0585397503412235,0.0714730475672595,0.00920005075200007));
#7662=CARTESIAN_POINT('',(0.0563077048612348,0.0715303759276699,0.0142000507520001));
#7663=CARTESIAN_POINT('',(0.0563077048612349,0.0715303759276699,0.00920005075200009));
#7664=CARTESIAN_POINT('',(0.0553441467903649,0.0710410150820247,0.0142000507520001));
#7665=CARTESIAN_POINT('',(0.0553441467903649,0.0710410150820247,0.00920005075200008));
#7666=CARTESIAN_POINT('',(0.0545698429336944,0.070918918323279,0.0142000507520001));
#7667=CARTESIAN_POINT('',(0.0545698429336944,0.070918918323279,0.00920005075200008));
#7668=CARTESIAN_POINT('',(0.0700712516826548,0.076008178806367,0.00920005075200011));
#7669=CARTESIAN_POINT('',(0.070278976577756,0.0758725029102091,0.00920005075200011));
#7670=CARTESIAN_POINT('',(0.0708517600316738,0.0753824331244963,0.00920005075200011));
#7671=CARTESIAN_POINT('',(0.0708482876608145,0.0741853923848129,0.00920005075200011));
#7672=CARTESIAN_POINT('',(0.0694415189336249,0.0733444703415132,0.00920005075200011));
#7673=CARTESIAN_POINT('',(0.0664438018127814,0.0723961108886483,0.0092000507520001));
#7674=CARTESIAN_POINT('',(0.0622510015507239,0.0719625306015447,0.00920005075200008));
#7675=CARTESIAN_POINT('',(0.0594139664936372,0.0714332097405272,0.00920005075200007));
#7676=CARTESIAN_POINT('',(0.0563566739141007,0.0715580692913403,0.00920005075200006));
#7677=CARTESIAN_POINT('',(0.0553143768268761,0.0710363207801448,0.00920005075200006));
#7678=CARTESIAN_POINT('',(0.0545698429336944,0.070918918323279,0.00920005075200005));
#7679=CARTESIAN_POINT('',(0.0700712516826548,0.076008178806367,0.00920005075200011));
#7680=CARTESIAN_POINT('',(0.0700712516826548,0.076008178806367,0.0142000507520001));
#7681=CARTESIAN_POINT('',(0.0700712516826548,0.076008178806367,0.0142000507520001));
#7682=CARTESIAN_POINT('',(0.0700712516826548,0.076008178806367,0.0142000507520001));
#7683=CARTESIAN_POINT('',(0.070278976577756,0.0758725029102091,0.0142000507520001));
#7684=CARTESIAN_POINT('',(0.0708517600316738,0.0753824331244963,0.0142000507520001));
#7685=CARTESIAN_POINT('',(0.0708482876608144,0.0741853923848129,0.0142000507520001));
#7686=CARTESIAN_POINT('',(0.0694415189336248,0.0733444703415132,0.0142000507520001));
#7687=CARTESIAN_POINT('',(0.0664438018127814,0.0723961108886483,0.0142000507520001));
#7688=CARTESIAN_POINT('',(0.0622510015507238,0.0719625306015447,0.0142000507520001));
#7689=CARTESIAN_POINT('',(0.0594139664936372,0.0714332097405272,0.0142000507520001));
#7690=CARTESIAN_POINT('',(0.0563566739141006,0.0715580692913403,0.0142000507520001));
#7691=CARTESIAN_POINT('',(0.0553143768268761,0.0710363207801448,0.0142000507520001));
#7692=CARTESIAN_POINT('',(0.0545698429336944,0.070918918323279,0.0142000507520001));
#7693=CARTESIAN_POINT('',(0.0665033640763961,0.076008178816358,0.0142000507520001));
#7694=CARTESIAN_POINT('',(0.0665033640763961,0.076008178816358,0.0092000507520001));
#7695=CARTESIAN_POINT('',(0.0665033640763961,0.076008178816358,0.0142000507520001));
#7696=CARTESIAN_POINT('',(0.0511902438947076,0.106522326585253,0.014200050752));
#7697=CARTESIAN_POINT('',(0.0511902438947076,0.106522326585253,0.00920005075200004));
#7698=CARTESIAN_POINT('',(0.,0.,0.));
#7699=CARTESIAN_POINT('',(0.0604938435700853,0.121721166206687,0.00160005080010203));
#7700=CARTESIAN_POINT('',(0.0604938435700853,0.121721166206687,0.00820005075200008));
#7701=CARTESIAN_POINT('',(0.0607498026339993,0.12207001531385,0.00160005080010204));
#7702=CARTESIAN_POINT('',(0.0607498026339993,0.12207001531385,0.00820005075200008));
#7703=CARTESIAN_POINT('',(0.0612914278813731,0.122714790344809,0.00160005080010204));
#7704=CARTESIAN_POINT('',(0.0612914278813731,0.122714790344809,0.00820005075200008));
#7705=CARTESIAN_POINT('',(0.0622395529444577,0.123533242168471,0.00160005080010204));
#7706=CARTESIAN_POINT('',(0.0622395529444577,0.123533242168471,0.00820005075200009));
#7707=CARTESIAN_POINT('',(0.0633412408566162,0.124209002792529,0.00160005080010204));
#7708=CARTESIAN_POINT('',(0.0633412408566162,0.124209002792529,0.00820005075200009));
#7709=CARTESIAN_POINT('',(0.0644358609109627,0.124736444417196,0.00160005080010205));
#7710=CARTESIAN_POINT('',(0.0644358609109626,0.124736444417196,0.00820005075200009));
#7711=CARTESIAN_POINT('',(0.0655548090170125,0.12510556175145,0.00160005080010205));
#7712=CARTESIAN_POINT('',(0.0655548090170125,0.12510556175145,0.0082000507520001));
#7713=CARTESIAN_POINT('',(0.0670313544708404,0.125298173763552,0.00160005080010205));
#7714=CARTESIAN_POINT('',(0.0670313544708403,0.125298173763552,0.0082000507520001));
#7715=CARTESIAN_POINT('',(0.0687003172024264,0.125299559516186,0.00160005080010206));
#7716=CARTESIAN_POINT('',(0.0687003172024264,0.125299559516186,0.00820005075200011));
#7717=CARTESIAN_POINT('',(0.0701647120594667,0.125098571197545,0.00160005080010207));
#7718=CARTESIAN_POINT('',(0.0701647120594667,0.125098571197545,0.00820005075200011));
#7719=CARTESIAN_POINT('',(0.0713550951591552,0.124668596150914,0.00160005080010207));
#7720=CARTESIAN_POINT('',(0.0713550951591552,0.124668596150914,0.00820005075200012));
#7721=CARTESIAN_POINT('',(0.0724994216455015,0.123950502620446,0.00160005080010208));
#7722=CARTESIAN_POINT('',(0.0724994216455015,0.123950502620446,0.00820005075200012));
#7723=CARTESIAN_POINT('',(0.0735805524734175,0.122970810225007,0.00160005080010208));
#7724=CARTESIAN_POINT('',(0.0735805524734174,0.122970810225007,0.00820005075200013));
#7725=CARTESIAN_POINT('',(0.0744790799255648,0.12179204420637,0.00160005080010208));
#7726=CARTESIAN_POINT('',(0.0744790799255648,0.12179204420637,0.00820005075200013));
#7727=CARTESIAN_POINT('',(0.0751853299023858,0.120503439856958,0.00160005080010208));
#7728=CARTESIAN_POINT('',(0.0751853299023857,0.120503439856958,0.00820005075200013));
#7729=CARTESIAN_POINT('',(0.0757408146340207,0.119257599714777,0.00160005080010209));
#7730=CARTESIAN_POINT('',(0.0757408146340206,0.119257599714777,0.00820005075200013));
#7731=CARTESIAN_POINT('',(0.0761275168625506,0.117996181635102,0.00160005080010208));
#7732=CARTESIAN_POINT('',(0.0761275168625506,0.117996181635102,0.00820005075200013));
#7733=CARTESIAN_POINT('',(0.0762450732180866,0.116988560844701,0.00160005080010209));
#7734=CARTESIAN_POINT('',(0.0762450732180866,0.116988560844701,0.00820005075200013));
#7735=CARTESIAN_POINT('',(0.076258827688538,0.116459233680136,0.00160005080010209));
#7736=CARTESIAN_POINT('',(0.076258827688538,0.116459233680136,0.00820005075200013));
#7737=CARTESIAN_POINT('',(0.0604938435700853,0.121721166206687,0.00160005080010203));
#7738=CARTESIAN_POINT('',(0.0609484016049621,0.122340687790317,0.00160005080010203));
#7739=CARTESIAN_POINT('',(0.0619526262442254,0.123412155278437,0.00160005080010204));
#7740=CARTESIAN_POINT('',(0.0639598153283167,0.124565966574888,0.00160005080010204));
#7741=CARTESIAN_POINT('',(0.0659738598686806,0.125300636289893,0.00160005080010205));
#7742=CARTESIAN_POINT('',(0.069466642766269,0.125357873822538,0.00160005080010207));
#7743=CARTESIAN_POINT('',(0.0718183556735787,0.124554073721107,0.00160005080010208));
#7744=CARTESIAN_POINT('',(0.0740370737416473,0.122650643742436,0.00160005080010208));
#7745=CARTESIAN_POINT('',(0.0754679948524629,0.120023999692342,0.00160005080010209));
#7746=CARTESIAN_POINT('',(0.0761312454991995,0.118172245181575,0.00160005080010209));
#7747=CARTESIAN_POINT('',(0.0762493584872147,0.116823646509032,0.00160005080010209));
#7748=CARTESIAN_POINT('',(0.076258827688538,0.116459233680136,0.00160005080010209));
#7749=CARTESIAN_POINT('',(0.0604938435700853,0.121721166206687,0.00160005080010203));
#7750=CARTESIAN_POINT('',(0.076258827688538,0.116459233680136,0.00160005080010209));
#7751=CARTESIAN_POINT('',(0.0604938435700853,0.121721166206687,0.00159805080010203));
#7752=CARTESIAN_POINT('',(0.0604938435700853,0.121721166206687,0.00820005075200008));
#7753=CARTESIAN_POINT('',(0.0604938435700853,0.121721166206687,0.00820005075200008));
#7754=CARTESIAN_POINT('',(0.0609484016049621,0.122340687790317,0.00820005075200008));
#7755=CARTESIAN_POINT('',(0.0619526262442253,0.123412155278437,0.00820005075200008));
#7756=CARTESIAN_POINT('',(0.0639598153283167,0.124565966574888,0.00820005075200009));
#7757=CARTESIAN_POINT('',(0.0659738598686806,0.125300636289893,0.0082000507520001));
#7758=CARTESIAN_POINT('',(0.069466642766269,0.125357873822538,0.00820005075200011));
#7759=CARTESIAN_POINT('',(0.0718183556735786,0.124554073721107,0.00820005075200012));
#7760=CARTESIAN_POINT('',(0.0740370737416473,0.122650643742436,0.00820005075200012));
#7761=CARTESIAN_POINT('',(0.0754679948524629,0.120023999692342,0.00820005075200013));
#7762=CARTESIAN_POINT('',(0.0761312454991995,0.118172245181575,0.00820005075200013));
#7763=CARTESIAN_POINT('',(0.0762493584872147,0.116823646509032,0.00820005075200013));
#7764=CARTESIAN_POINT('',(0.076258827688538,0.116459233680136,0.00820005075200013));
#7765=CARTESIAN_POINT('',(0.076258827688538,0.116459233680136,0.00820005075200013));
#7766=CARTESIAN_POINT('',(0.076258827688538,0.116459233680136,0.00159805080010209));
#7767=CARTESIAN_POINT('',(0.0604914961463529,0.121670363049141,0.00159805079895705));
#7768=CARTESIAN_POINT('',(0.0604914961463529,0.121670363049141,0.001600050800102));
#7769=CARTESIAN_POINT('',(0.0604887940985187,0.121615836434617,0.00160005080010202));
#7770=CARTESIAN_POINT('',(0.0604887940985187,0.121615836434617,0.00159805080010203));
#7771=CARTESIAN_POINT('',(0.0604887940985187,0.121615836434617,0.00820005075200008));
#7772=CARTESIAN_POINT('',(0.0604914961463529,0.121670363049141,0.00820005075200008));
#7773=CARTESIAN_POINT('',(0.0563971018485717,0.123732381442829,0.00160005080010201));
#7774=CARTESIAN_POINT('',(0.0563971018485717,0.123732381442829,0.00820005075200005));
#7775=CARTESIAN_POINT('',(0.0568138000059109,0.123556075964959,0.00160005080010202));
#7776=CARTESIAN_POINT('',(0.0568138000059109,0.123556075964959,0.00820005075200006));
#7777=CARTESIAN_POINT('',(0.0577293941205056,0.12310545163637,0.00160005080010202));
#7778=CARTESIAN_POINT('',(0.0577293941205056,0.12310545163637,0.00820005075200006));
#7779=CARTESIAN_POINT('',(0.0591409285799617,0.122221244088124,0.00160005080010202));
#7780=CARTESIAN_POINT('',(0.0591409285799617,0.122221244088124,0.00820005075200006));
#7781=CARTESIAN_POINT('',(0.0600395144446389,0.121668624226939,0.00160005080010203));
#7782=CARTESIAN_POINT('',(0.0600395144446389,0.121668624226939,0.00820005075200007));
#7783=CARTESIAN_POINT('',(0.0604116780294596,0.12153168690099,0.00160005080010203));
#7784=CARTESIAN_POINT('',(0.0604116780294596,0.12153168690099,0.00820005075200007));
#7785=CARTESIAN_POINT('',(0.0604624941933859,0.121588407201164,0.00160005080010203));
#7786=CARTESIAN_POINT('',(0.0604624941933859,0.121588407201164,0.00820005075200007));
#7787=CARTESIAN_POINT('',(0.0604887940985187,0.121615836434617,0.00160005080010203));
#7788=CARTESIAN_POINT('',(0.0604887940985187,0.121615836434617,0.00820005075200007));
#7789=CARTESIAN_POINT('',(0.0563971018485717,0.123732381442829,0.00160005080010202));
#7790=CARTESIAN_POINT('',(0.0566790064841533,0.123613107261711,0.00160005080010202));
#7791=CARTESIAN_POINT('',(0.0582021709573783,0.122911400523171,0.00160005080010202));
#7792=CARTESIAN_POINT('',(0.0602847724712597,0.121403054042852,0.00160005080010203));
#7793=CARTESIAN_POINT('',(0.0604598292159586,0.121585627788553,0.00160005080010203));
#7794=CARTESIAN_POINT('',(0.0604887940985187,0.121615836434617,0.00160005080010203));
#7795=CARTESIAN_POINT('',(0.0563971018542025,0.123732381440446,0.001600050800102));
#7796=CARTESIAN_POINT('',(0.0563971018542025,0.123732381440446,0.00159805080010201));
#7797=CARTESIAN_POINT('',(0.0563971018542025,0.123732381440446,0.00820005075200006));
#7798=CARTESIAN_POINT('',(0.0563971018485717,0.123732381442829,0.00820005075200006));
#7799=CARTESIAN_POINT('',(0.0566790064841532,0.123613107261711,0.00820005075200006));
#7800=CARTESIAN_POINT('',(0.0582021709573783,0.122911400523171,0.00820005075200007));
#7801=CARTESIAN_POINT('',(0.0602847724712597,0.121403054042852,0.00820005075200007));
#7802=CARTESIAN_POINT('',(0.0604598292159585,0.121585627788553,0.00820005075200008));
#7803=CARTESIAN_POINT('',(0.0604887940985187,0.121615836434617,0.00820005075200008));
#7804=CARTESIAN_POINT('',(0.0563971018542025,0.122004799127235,0.00159805080010201));
#7805=CARTESIAN_POINT('',(0.0563971018542025,0.122004799127235,0.001600050800102));
#7806=CARTESIAN_POINT('',(0.0563971018729028,0.120277216806495,0.00160005080010204));
#7807=CARTESIAN_POINT('',(0.0563971018729028,0.120277216806495,0.00159805080010202));
#7808=CARTESIAN_POINT('',(0.0563971018729027,0.120277216806495,0.00820005075200006));
#7809=CARTESIAN_POINT('',(0.0563971018542025,0.122004799127235,0.00820005075200006));
#7810=CARTESIAN_POINT('',(0.071258827688929,0.116459233665089,0.00160005080010205));
#7811=CARTESIAN_POINT('',(0.071258827688929,0.116459233665089,0.00820005075200011));
#7812=CARTESIAN_POINT('',(0.0716227175533711,0.116864549268064,0.00160005080010206));
#7813=CARTESIAN_POINT('',(0.0716227175533711,0.116864549268064,0.00820005075200011));
#7814=CARTESIAN_POINT('',(0.0717856194470472,0.11768802451671,0.00160005080010206));
#7815=CARTESIAN_POINT('',(0.0717856194470472,0.11768802451671,0.00820005075200011));
#7816=CARTESIAN_POINT('',(0.0711181657950352,0.118981975200887,0.00160005080010205));
#7817=CARTESIAN_POINT('',(0.0711181657950351,0.118981975200887,0.00820005075200011));
#7818=CARTESIAN_POINT('',(0.0704163196856023,0.120399169918153,0.00160005080010205));
#7819=CARTESIAN_POINT('',(0.0704163196856023,0.120399169918153,0.00820005075200011));
#7820=CARTESIAN_POINT('',(0.0696544130383875,0.121527681130662,0.00160005080010205));
#7821=CARTESIAN_POINT('',(0.0696544130383875,0.121527681130662,0.0082000507520001));
#7822=CARTESIAN_POINT('',(0.0686171482155306,0.121734105872585,0.00160005080010205));
#7823=CARTESIAN_POINT('',(0.0686171482155305,0.121734105872585,0.0082000507520001));
#7824=CARTESIAN_POINT('',(0.0673395572037609,0.121165432734805,0.00160005080010204));
#7825=CARTESIAN_POINT('',(0.0673395572037609,0.121165432734805,0.0082000507520001));
#7826=CARTESIAN_POINT('',(0.0659630676975082,0.120504089677164,0.00160005080010204));
#7827=CARTESIAN_POINT('',(0.0659630676975081,0.120504089677164,0.00820005075200009));
#7828=CARTESIAN_POINT('',(0.0646331775132544,0.119950482944364,0.00160005080010203));
#7829=CARTESIAN_POINT('',(0.0646331775132544,0.119950482944364,0.00820005075200009));
#7830=CARTESIAN_POINT('',(0.0635646350674733,0.119288955134477,0.00160005080010203));
#7831=CARTESIAN_POINT('',(0.0635646350674732,0.119288955134477,0.00820005075200008));
#7832=CARTESIAN_POINT('',(0.06287917387267,0.118439242021434,0.00160005080010203));
#7833=CARTESIAN_POINT('',(0.0628791738726699,0.118439242021434,0.00820005075200008));
#7834=CARTESIAN_POINT('',(0.0620701275273978,0.117606804355847,0.00160005080010202));
#7835=CARTESIAN_POINT('',(0.0620701275273977,0.117606804355847,0.00820005075200008));
#7836=CARTESIAN_POINT('',(0.0608775054671441,0.117010837936903,0.00160005080010202));
#7837=CARTESIAN_POINT('',(0.0608775054671441,0.117010837936903,0.00820005075200007));
#7838=CARTESIAN_POINT('',(0.0597619583755197,0.117175492450824,0.00160005080010201));
#7839=CARTESIAN_POINT('',(0.0597619583755197,0.117175492450824,0.00820005075200007));
#7840=CARTESIAN_POINT('',(0.0588727999593893,0.118234591603329,0.00160005080010201));
#7841=CARTESIAN_POINT('',(0.0588727999593893,0.118234591603329,0.00820005075200007));
#7842=CARTESIAN_POINT('',(0.0578638415773356,0.119486227026833,0.00160005080010201));
#7843=CARTESIAN_POINT('',(0.0578638415773356,0.119486227026833,0.00820005075200006));
#7844=CARTESIAN_POINT('',(0.0569244948219178,0.120056811535582,0.001600050800102));
#7845=CARTESIAN_POINT('',(0.0569244948219178,0.120056811535582,0.00820005075200006));
#7846=CARTESIAN_POINT('',(0.0563971018729028,0.120277216806495,0.001600050800102));
#7847=CARTESIAN_POINT('',(0.0563971018729028,0.120277216806495,0.00820005075200006));
#7848=CARTESIAN_POINT('',(0.071258827688929,0.116459233665089,0.00160005080010207));
#7849=CARTESIAN_POINT('',(0.0720443074596164,0.117334133567478,0.00160005080010208));
#7850=CARTESIAN_POINT('',(0.0709553934008597,0.119164330588438,0.00160005080010207));
#7851=CARTESIAN_POINT('',(0.0695148396378783,0.122380311039088,0.00160005080010207));
#7852=CARTESIAN_POINT('',(0.0665638724859927,0.12067472511487,0.00160005080010206));
#7853=CARTESIAN_POINT('',(0.0635948538663498,0.119623460768926,0.00160005080010204));
#7854=CARTESIAN_POINT('',(0.0624866867965564,0.117721743279631,0.00160005080010204));
#7855=CARTESIAN_POINT('',(0.0597628173896491,0.116459565145092,0.00160005080010203));
#7856=CARTESIAN_POINT('',(0.0584659237536986,0.119141009200203,0.00160005080010202));
#7857=CARTESIAN_POINT('',(0.0568979490746045,0.120067905393851,0.00160005080010202));
#7858=CARTESIAN_POINT('',(0.0563971018729028,0.120277216806495,0.00160005080010202));
#7859=CARTESIAN_POINT('',(0.071258827688929,0.116459233665089,0.00160005080010206));
#7860=CARTESIAN_POINT('',(0.071258827688929,0.116459233665089,0.00159805080010207));
#7861=CARTESIAN_POINT('',(0.071258827688929,0.116459233665089,0.00820005075200011));
#7862=CARTESIAN_POINT('',(0.071258827688929,0.116459233665089,0.00820005075200011));
#7863=CARTESIAN_POINT('',(0.0720443074596164,0.117334133567478,0.00820005075200012));
#7864=CARTESIAN_POINT('',(0.0709553934008596,0.119164330588438,0.00820005075200011));
#7865=CARTESIAN_POINT('',(0.0695148396378783,0.122380311039088,0.00820005075200011));
#7866=CARTESIAN_POINT('',(0.0665638724859927,0.12067472511487,0.0082000507520001));
#7867=CARTESIAN_POINT('',(0.0635948538663498,0.119623460768926,0.00820005075200009));
#7868=CARTESIAN_POINT('',(0.0624866867965564,0.117721743279631,0.00820005075200008));
#7869=CARTESIAN_POINT('',(0.0597628173896491,0.116459565145092,0.00820005075200007));
#7870=CARTESIAN_POINT('',(0.0584659237536986,0.119141009200203,0.00820005075200007));
#7871=CARTESIAN_POINT('',(0.0568979490746045,0.120067905393851,0.00820005075200006));
#7872=CARTESIAN_POINT('',(0.0563971018729027,0.120277216806495,0.00820005075200006));
#7873=CARTESIAN_POINT('',(0.0624691298088301,0.11076538227181,0.001600050800102));
#7874=CARTESIAN_POINT('',(0.0624691298088301,0.11076538227181,0.00820005075200008));
#7875=CARTESIAN_POINT('',(0.0637819741666865,0.113303072983659,0.00160005080010201));
#7876=CARTESIAN_POINT('',(0.0637819741666865,0.113303072983659,0.00820005075200009));
#7877=CARTESIAN_POINT('',(0.0698001520467808,0.114834500317958,0.00160005080010203));
#7878=CARTESIAN_POINT('',(0.0698001520467808,0.114834500317958,0.00820005075200011));
#7879=CARTESIAN_POINT('',(0.071258827688929,0.116459233665089,0.00160005080010203));
#7880=CARTESIAN_POINT('',(0.071258827688929,0.116459233665089,0.00820005075200011));
#7881=CARTESIAN_POINT('',(0.0624691298088301,0.11076538227181,0.00160005080010204));
#7882=CARTESIAN_POINT('',(0.0637819741666865,0.113303072983659,0.00160005080010204));
#7883=CARTESIAN_POINT('',(0.0698001520467808,0.114834500317958,0.00160005080010207));
#7884=CARTESIAN_POINT('',(0.071258827688929,0.116459233665089,0.00160005080010207));
#7885=CARTESIAN_POINT('',(0.0624691298088301,0.11076538227181,0.001600050800102));
#7886=CARTESIAN_POINT('',(0.0624691298088301,0.11076538227181,0.00159805080010204));
#7887=CARTESIAN_POINT('',(0.0624691298088301,0.11076538227181,0.00820005075200008));
#7888=CARTESIAN_POINT('',(0.0624691298088301,0.11076538227181,0.00820005075200008));
#7889=CARTESIAN_POINT('',(0.0637819741666865,0.113303072983659,0.00820005075200009));
#7890=CARTESIAN_POINT('',(0.0698001520467808,0.114834500317958,0.00820005075200011));
#7891=CARTESIAN_POINT('',(0.0712588276889289,0.116459233665089,0.00820005075200011));
#7892=CARTESIAN_POINT('',(0.068043818135431,0.110765382270764,0.00159805080010206));
#7893=CARTESIAN_POINT('',(0.068043818135431,0.110765382270764,0.001600050800102));
#7894=CARTESIAN_POINT('',(0.073618506462027,0.110765382270764,0.00160005080010209));
#7895=CARTESIAN_POINT('',(0.073618506462027,0.110765382270764,0.00159805080010208));
#7896=CARTESIAN_POINT('',(0.073618506462027,0.110765382270764,0.00820005075200012));
#7897=CARTESIAN_POINT('',(0.068043818135431,0.110765382270764,0.0082000507520001));
#7898=CARTESIAN_POINT('',(0.076258827688538,0.116459233680136,0.00160005080010209));
#7899=CARTESIAN_POINT('',(0.076258827688538,0.116459233680136,0.00820005075200013));
#7900=CARTESIAN_POINT('',(0.0762734283157192,0.115897343012368,0.00160005080010209));
#7901=CARTESIAN_POINT('',(0.0762734283157191,0.115897343012368,0.00820005075200013));
#7902=CARTESIAN_POINT('',(0.0762023399910284,0.114726611183697,0.00160005080010209));
#7903=CARTESIAN_POINT('',(0.0762023399910284,0.114726611183697,0.00820005075200013));
#7904=CARTESIAN_POINT('',(0.0756826181271774,0.113146569089888,0.00160005080010209));
#7905=CARTESIAN_POINT('',(0.0756826181271774,0.113146569089888,0.00820005075200013));
#7906=CARTESIAN_POINT('',(0.0747748021987401,0.111838228465538,0.00160005080010208));
#7907=CARTESIAN_POINT('',(0.0747748021987401,0.111838228465538,0.00820005075200013));
#7908=CARTESIAN_POINT('',(0.0740458582267091,0.11110032972166,0.00160005080010208));
#7909=CARTESIAN_POINT('',(0.0740458582267091,0.11110032972166,0.00820005075200012));
#7910=CARTESIAN_POINT('',(0.073618506461018,0.110765382269973,0.00160005080010208));
#7911=CARTESIAN_POINT('',(0.073618506461018,0.110765382269973,0.00820005075200012));
#7912=CARTESIAN_POINT('',(0.076258827688538,0.116459233680136,0.00160005080010209));
#7913=CARTESIAN_POINT('',(0.0762798253229806,0.11565116052738,0.00160005080010209));
#7914=CARTESIAN_POINT('',(0.0760766225511986,0.113627586536211,0.00160005080010209));
#7915=CARTESIAN_POINT('',(0.0748478549708451,0.111871077371026,0.00160005080010209));
#7916=CARTESIAN_POINT('',(0.0738679729941747,0.110960907797818,0.00160005080010208));
#7917=CARTESIAN_POINT('',(0.073618506461018,0.110765382269973,0.00160005080010208));
#7918=CARTESIAN_POINT('',(0.076258827688538,0.116459233680136,0.00820005075200013));
#7919=CARTESIAN_POINT('',(0.0762798253229806,0.11565116052738,0.00820005075200013));
#7920=CARTESIAN_POINT('',(0.0760766225511986,0.113627586536211,0.00820005075200013));
#7921=CARTESIAN_POINT('',(0.074847854970845,0.111871077371026,0.00820005075200013));
#7922=CARTESIAN_POINT('',(0.0738679729941747,0.110960907797818,0.00820005075200012));
#7923=CARTESIAN_POINT('',(0.073618506461018,0.110765382269973,0.00820005075200012));
#7924=CARTESIAN_POINT('',(0.0511902438947076,0.106522326585253,0.00820005075200004));
#7925=CARTESIAN_POINT('',(0.051145925756742,0.10051685155575,0.001600050800102));
#7926=CARTESIAN_POINT('',(0.,0.,0.));
#7927=CARTESIAN_POINT('',(0.0604971924903441,0.121714704462141,0.0142000507520001));
#7928=CARTESIAN_POINT('',(0.0604971924903441,0.121714704462141,0.00920005075200008));
#7929=CARTESIAN_POINT('',(0.0607531515542581,0.122063553569303,0.0142000507520001));
#7930=CARTESIAN_POINT('',(0.0607531515542581,0.122063553569303,0.00920005075200008));
#7931=CARTESIAN_POINT('',(0.0612947768016318,0.122708328600263,0.0142000507520001));
#7932=CARTESIAN_POINT('',(0.0612947768016318,0.122708328600263,0.00920005075200008));
#7933=CARTESIAN_POINT('',(0.0622429018647164,0.123526780423924,0.0142000507520001));
#7934=CARTESIAN_POINT('',(0.0622429018647164,0.123526780423924,0.00920005075200009));
#7935=CARTESIAN_POINT('',(0.0633445897768748,0.124202541047983,0.0142000507520001));
#7936=CARTESIAN_POINT('',(0.0633445897768748,0.124202541047983,0.00920005075200009));
#7937=CARTESIAN_POINT('',(0.0644392098312214,0.124729982672649,0.0142000507520001));
#7938=CARTESIAN_POINT('',(0.0644392098312214,0.124729982672649,0.00920005075200011));
#7939=CARTESIAN_POINT('',(0.0655581579372713,0.125099100006904,0.0142000507520001));
#7940=CARTESIAN_POINT('',(0.0655581579372713,0.125099100006904,0.0092000507520001));
#7941=CARTESIAN_POINT('',(0.0670347033910992,0.125291712019006,0.0142000507520001));
#7942=CARTESIAN_POINT('',(0.0670347033910992,0.125291712019006,0.0092000507520001));
#7943=CARTESIAN_POINT('',(0.0687036661226852,0.12529309777164,0.0142000507520001));
#7944=CARTESIAN_POINT('',(0.0687036661226852,0.12529309777164,0.0092000507520001));
#7945=CARTESIAN_POINT('',(0.0701680609797255,0.125092109452999,0.0142000507520001));
#7946=CARTESIAN_POINT('',(0.0701680609797255,0.125092109452999,0.0092000507520001));
#7947=CARTESIAN_POINT('',(0.071358444079414,0.124662134406368,0.0142000507520001));
#7948=CARTESIAN_POINT('',(0.071358444079414,0.124662134406368,0.00920005075200012));
#7949=CARTESIAN_POINT('',(0.0725027705657603,0.1239440408759,0.0142000507520001));
#7950=CARTESIAN_POINT('',(0.0725027705657604,0.1239440408759,0.00920005075200011));
#7951=CARTESIAN_POINT('',(0.0735839013936761,0.12296434848046,0.0142000507520001));
#7952=CARTESIAN_POINT('',(0.0735839013936762,0.12296434848046,0.00920005075200012));
#7953=CARTESIAN_POINT('',(0.0744824288458236,0.121785582461823,0.0142000507520001));
#7954=CARTESIAN_POINT('',(0.0744824288458236,0.121785582461823,0.00920005075200012));
#7955=CARTESIAN_POINT('',(0.0751886788226446,0.120496978112412,0.0142000507520001));
#7956=CARTESIAN_POINT('',(0.0751886788226446,0.120496978112412,0.00920005075200012));
#7957=CARTESIAN_POINT('',(0.0757441635542795,0.11925113797023,0.0142000507520001));
#7958=CARTESIAN_POINT('',(0.0757441635542795,0.11925113797023,0.00920005075200012));
#7959=CARTESIAN_POINT('',(0.0761308657828094,0.117989719890556,0.0142000507520001));
#7960=CARTESIAN_POINT('',(0.0761308657828094,0.117989719890556,0.00920005075200012));
#7961=CARTESIAN_POINT('',(0.0762484221383455,0.116982099100155,0.0142000507520001));
#7962=CARTESIAN_POINT('',(0.0762484221383455,0.116982099100155,0.00920005075200012));
#7963=CARTESIAN_POINT('',(0.0762621766087967,0.116452771935589,0.0142000507520001));
#7964=CARTESIAN_POINT('',(0.0762621766087967,0.116452771935589,0.00920005075200012));
#7965=CARTESIAN_POINT('',(0.0604971924903441,0.121714704462141,0.00920005075200008));
#7966=CARTESIAN_POINT('',(0.0609517505252209,0.12233422604577,0.00920005075200008));
#7967=CARTESIAN_POINT('',(0.0619559751644841,0.123405693533891,0.00920005075200008));
#7968=CARTESIAN_POINT('',(0.0639631642485755,0.124559504830342,0.00920005075200009));
#7969=CARTESIAN_POINT('',(0.0659772087889394,0.125294174545347,0.0092000507520001));
#7970=CARTESIAN_POINT('',(0.0694699916865278,0.125351412077991,0.00920005075200011));
#7971=CARTESIAN_POINT('',(0.0718217045938375,0.12454761197656,0.00920005075200012));
#7972=CARTESIAN_POINT('',(0.0740404226619061,0.12264418199789,0.00920005075200012));
#7973=CARTESIAN_POINT('',(0.0754713437727217,0.120017537947796,0.00920005075200013));
#7974=CARTESIAN_POINT('',(0.0761345944194583,0.118165783437029,0.00920005075200013));
#7975=CARTESIAN_POINT('',(0.0762527074074735,0.116817184764486,0.00920005075200013));
#7976=CARTESIAN_POINT('',(0.0762621766087967,0.116452771935589,0.00920005075200013));
#7977=CARTESIAN_POINT('',(0.0604971924903441,0.121714704462141,0.00920005075200008));
#7978=CARTESIAN_POINT('',(0.0762621766087967,0.116452771935589,0.00920005075200013));
#7979=CARTESIAN_POINT('',(0.0604971924903441,0.121714704462141,0.0142000507520001));
#7980=CARTESIAN_POINT('',(0.0604971924903441,0.121714704462141,0.0142000507520001));
#7981=CARTESIAN_POINT('',(0.0604971924903441,0.121714704462141,0.0142000507520001));
#7982=CARTESIAN_POINT('',(0.0609517505252208,0.12233422604577,0.0142000507520001));
#7983=CARTESIAN_POINT('',(0.0619559751644841,0.123405693533891,0.0142000507520001));
#7984=CARTESIAN_POINT('',(0.0639631642485754,0.124559504830342,0.0142000507520001));
#7985=CARTESIAN_POINT('',(0.0659772087889394,0.125294174545347,0.0142000507520001));
#7986=CARTESIAN_POINT('',(0.0694699916865278,0.125351412077991,0.0142000507520001));
#7987=CARTESIAN_POINT('',(0.0718217045938375,0.12454761197656,0.0142000507520001));
#7988=CARTESIAN_POINT('',(0.074040422661906,0.12264418199789,0.0142000507520001));
#7989=CARTESIAN_POINT('',(0.0754713437727217,0.120017537947796,0.0142000507520001));
#7990=CARTESIAN_POINT('',(0.0761345944194583,0.118165783437029,0.0142000507520001));
#7991=CARTESIAN_POINT('',(0.0762527074074735,0.116817184764486,0.0142000507520001));
#7992=CARTESIAN_POINT('',(0.0762621766087967,0.116452771935589,0.0142000507520001));
#7993=CARTESIAN_POINT('',(0.0762621766087967,0.116452771935589,0.0142000507520001));
#7994=CARTESIAN_POINT('',(0.0762621766087967,0.116452771935589,0.0142000507520001));
#7995=CARTESIAN_POINT('',(0.0604948450666117,0.121663901304595,0.0142000507571811));
#7996=CARTESIAN_POINT('',(0.0604948450666117,0.121663901304595,0.00920005075200007));
#7997=CARTESIAN_POINT('',(0.0604921430187775,0.121609374690071,0.00920005075200008));
#7998=CARTESIAN_POINT('',(0.0604921430187775,0.121609374690071,0.0142000507520001));
#7999=CARTESIAN_POINT('',(0.0604921430187775,0.121609374690071,0.0142000507520001));
#8000=CARTESIAN_POINT('',(0.0604948450666117,0.121663901304595,0.0142000507520001));
#8001=CARTESIAN_POINT('',(0.0564004507688305,0.123725919698282,0.0142000507520001));
#8002=CARTESIAN_POINT('',(0.0564004507688305,0.123725919698282,0.00920005075200006));
#8003=CARTESIAN_POINT('',(0.0568171489261696,0.123549614220413,0.0142000507520001));
#8004=CARTESIAN_POINT('',(0.0568171489261696,0.123549614220413,0.00920005075200006));
#8005=CARTESIAN_POINT('',(0.0577327430407644,0.123098989891824,0.0142000507520001));
#8006=CARTESIAN_POINT('',(0.0577327430407644,0.123098989891824,0.00920005075200006));
#8007=CARTESIAN_POINT('',(0.0591442775002205,0.122214782343578,0.0142000507520001));
#8008=CARTESIAN_POINT('',(0.0591442775002205,0.122214782343578,0.00920005075200008));
#8009=CARTESIAN_POINT('',(0.0600428633648977,0.121662162482393,0.0142000507520001));
#8010=CARTESIAN_POINT('',(0.0600428633648977,0.121662162482393,0.00920005075200008));
#8011=CARTESIAN_POINT('',(0.0604150269497184,0.121525225156444,0.0142000507520001));
#8012=CARTESIAN_POINT('',(0.0604150269497184,0.121525225156444,0.00920005075200008));
#8013=CARTESIAN_POINT('',(0.0604658431136446,0.121581945456618,0.0142000507520001));
#8014=CARTESIAN_POINT('',(0.0604658431136446,0.121581945456618,0.00920005075200008));
#8015=CARTESIAN_POINT('',(0.0604921430187775,0.121609374690071,0.0142000507520001));
#8016=CARTESIAN_POINT('',(0.0604921430187775,0.121609374690071,0.00920005075200008));
#8017=CARTESIAN_POINT('',(0.0564004507688305,0.123725919698282,0.00920005075200006));
#8018=CARTESIAN_POINT('',(0.0566823554044121,0.123606645517165,0.00920005075200006));
#8019=CARTESIAN_POINT('',(0.0582055198776371,0.122904938778625,0.00920005075200007));
#8020=CARTESIAN_POINT('',(0.0602881213915185,0.121396592298306,0.00920005075200007));
#8021=CARTESIAN_POINT('',(0.0604631781362173,0.121579166044006,0.00920005075200008));
#8022=CARTESIAN_POINT('',(0.0604921430187775,0.121609374690071,0.00920005075200008));
#8023=CARTESIAN_POINT('',(0.0564004507744613,0.1237259196959,0.00920005075200006));
#8024=CARTESIAN_POINT('',(0.0564004507744613,0.1237259196959,0.0142000507520001));
#8025=CARTESIAN_POINT('',(0.0564004507744613,0.1237259196959,0.0142000507520001));
#8026=CARTESIAN_POINT('',(0.0564004507688305,0.123725919698282,0.0142000507520001));
#8027=CARTESIAN_POINT('',(0.056682355404412,0.123606645517165,0.0142000507520001));
#8028=CARTESIAN_POINT('',(0.0582055198776371,0.122904938778625,0.0142000507520001));
#8029=CARTESIAN_POINT('',(0.0602881213915185,0.121396592298306,0.0142000507520001));
#8030=CARTESIAN_POINT('',(0.0604631781362173,0.121579166044006,0.0142000507520001));
#8031=CARTESIAN_POINT('',(0.0604921430187775,0.121609374690071,0.0142000507520001));
#8032=CARTESIAN_POINT('',(0.0564004507744613,0.121998337382688,0.0142000507520001));
#8033=CARTESIAN_POINT('',(0.0564004507744613,0.121998337382688,0.00920005075200006));
#8034=CARTESIAN_POINT('',(0.0564004507931615,0.120270755061949,0.00920005075200006));
#8035=CARTESIAN_POINT('',(0.0564004507931615,0.120270755061949,0.0142000507520001));
#8036=CARTESIAN_POINT('',(0.0564004507931615,0.120270755061949,0.0142000507520001));
#8037=CARTESIAN_POINT('',(0.0564004507744613,0.121998337382688,0.0142000507520001));
#8038=CARTESIAN_POINT('',(0.0712621766091877,0.116452771920543,0.0142000507520001));
#8039=CARTESIAN_POINT('',(0.0712621766091877,0.116452771920543,0.00920005075200011));
#8040=CARTESIAN_POINT('',(0.0716260664736298,0.116858087523518,0.0142000507520001));
#8041=CARTESIAN_POINT('',(0.0716260664736298,0.116858087523518,0.00920005075200012));
#8042=CARTESIAN_POINT('',(0.0717889683673059,0.117681562772164,0.0142000507520001));
#8043=CARTESIAN_POINT('',(0.0717889683673059,0.117681562772164,0.00920005075200013));
#8044=CARTESIAN_POINT('',(0.0711215147152939,0.11897551345634,0.0142000507520001));
#8045=CARTESIAN_POINT('',(0.0711215147152939,0.11897551345634,0.00920005075200011));
#8046=CARTESIAN_POINT('',(0.070419668605861,0.120392708173607,0.0142000507520001));
#8047=CARTESIAN_POINT('',(0.070419668605861,0.120392708173607,0.00920005075200011));
#8048=CARTESIAN_POINT('',(0.0696577619586462,0.121521219386115,0.0142000507520001));
#8049=CARTESIAN_POINT('',(0.0696577619586462,0.121521219386115,0.00920005075200011));
#8050=CARTESIAN_POINT('',(0.0686204971357893,0.121727644128039,0.0142000507520001));
#8051=CARTESIAN_POINT('',(0.0686204971357893,0.121727644128039,0.00920005075200011));
#8052=CARTESIAN_POINT('',(0.0673429061240197,0.121158970990258,0.0142000507520001));
#8053=CARTESIAN_POINT('',(0.0673429061240197,0.121158970990258,0.00920005075200011));
#8054=CARTESIAN_POINT('',(0.0659664166177669,0.120497627932618,0.0142000507520001));
#8055=CARTESIAN_POINT('',(0.0659664166177669,0.120497627932618,0.00920005075200011));
#8056=CARTESIAN_POINT('',(0.0646365264335132,0.119944021199818,0.0142000507520001));
#8057=CARTESIAN_POINT('',(0.0646365264335132,0.119944021199818,0.00920005075200011));
#8058=CARTESIAN_POINT('',(0.0635679839877321,0.119282493389931,0.0142000507520001));
#8059=CARTESIAN_POINT('',(0.0635679839877321,0.119282493389931,0.0092000507520001));
#8060=CARTESIAN_POINT('',(0.0628825227929287,0.118432780276888,0.0142000507520001));
#8061=CARTESIAN_POINT('',(0.0628825227929287,0.118432780276888,0.0092000507520001));
#8062=CARTESIAN_POINT('',(0.0620734764476565,0.117600342611301,0.0142000507520001));
#8063=CARTESIAN_POINT('',(0.0620734764476565,0.117600342611301,0.00920005075200009));
#8064=CARTESIAN_POINT('',(0.0608808543874029,0.117004376192357,0.0142000507520001));
#8065=CARTESIAN_POINT('',(0.0608808543874029,0.117004376192357,0.00920005075200008));
#8066=CARTESIAN_POINT('',(0.0597653072957785,0.117169030706278,0.0142000507520001));
#8067=CARTESIAN_POINT('',(0.0597653072957785,0.117169030706278,0.00920005075200008));
#8068=CARTESIAN_POINT('',(0.0588761488796481,0.118228129858783,0.0142000507520001));
#8069=CARTESIAN_POINT('',(0.0588761488796481,0.118228129858783,0.00920005075200006));
#8070=CARTESIAN_POINT('',(0.0578671904975944,0.119479765282286,0.0142000507520001));
#8071=CARTESIAN_POINT('',(0.0578671904975944,0.119479765282286,0.00920005075200008));
#8072=CARTESIAN_POINT('',(0.0569278437421766,0.120050349791036,0.0142000507520001));
#8073=CARTESIAN_POINT('',(0.0569278437421766,0.120050349791036,0.00920005075200007));
#8074=CARTESIAN_POINT('',(0.0564004507931615,0.120270755061949,0.0142000507520001));
#8075=CARTESIAN_POINT('',(0.0564004507931615,0.120270755061949,0.00920005075200007));
#8076=CARTESIAN_POINT('',(0.0712621766091877,0.116452771920543,0.00920005075200011));
#8077=CARTESIAN_POINT('',(0.0720476563798752,0.117327671822932,0.00920005075200012));
#8078=CARTESIAN_POINT('',(0.0709587423211185,0.119157868843891,0.00920005075200011));
#8079=CARTESIAN_POINT('',(0.0695181885581371,0.122373849294542,0.00920005075200011));
#8080=CARTESIAN_POINT('',(0.0665672214062515,0.120668263370323,0.0092000507520001));
#8081=CARTESIAN_POINT('',(0.0635982027866086,0.11961699902438,0.00920005075200009));
#8082=CARTESIAN_POINT('',(0.0624900357168152,0.117715281535085,0.00920005075200008));
#8083=CARTESIAN_POINT('',(0.0597661663099079,0.116453103400546,0.00920005075200007));
#8084=CARTESIAN_POINT('',(0.0584692726739574,0.119134547455657,0.00920005075200007));
#8085=CARTESIAN_POINT('',(0.0569012979948633,0.120061443649304,0.00920005075200006));
#8086=CARTESIAN_POINT('',(0.0564004507931615,0.120270755061949,0.00920005075200006));
#8087=CARTESIAN_POINT('',(0.0712621766091877,0.116452771920543,0.00920005075200011));
#8088=CARTESIAN_POINT('',(0.0712621766091877,0.116452771920543,0.0142000507520001));
#8089=CARTESIAN_POINT('',(0.0712621766091877,0.116452771920543,0.0142000507520001));
#8090=CARTESIAN_POINT('',(0.0712621766091877,0.116452771920543,0.0142000507520001));
#8091=CARTESIAN_POINT('',(0.0720476563798751,0.117327671822932,0.0142000507520001));
#8092=CARTESIAN_POINT('',(0.0709587423211184,0.119157868843891,0.0142000507520001));
#8093=CARTESIAN_POINT('',(0.069518188558137,0.122373849294542,0.0142000507520001));
#8094=CARTESIAN_POINT('',(0.0665672214062515,0.120668263370323,0.0142000507520001));
#8095=CARTESIAN_POINT('',(0.0635982027866086,0.11961699902438,0.0142000507520001));
#8096=CARTESIAN_POINT('',(0.0624900357168151,0.117715281535085,0.0142000507520001));
#8097=CARTESIAN_POINT('',(0.0597661663099079,0.116453103400546,0.0142000507520001));
#8098=CARTESIAN_POINT('',(0.0584692726739574,0.119134547455657,0.0142000507520001));
#8099=CARTESIAN_POINT('',(0.0569012979948633,0.120061443649304,0.0142000507520001));
#8100=CARTESIAN_POINT('',(0.0564004507931615,0.120270755061949,0.0142000507520001));
#8101=CARTESIAN_POINT('',(0.0737621766091877,0.116452771920543,0.0142000507520001));
#8102=CARTESIAN_POINT('',(0.0737621766091877,0.116452771920543,0.00920005075200012));
#8103=CARTESIAN_POINT('',(0.0737621766091877,0.116452771920543,0.0142000507520001));
#8104=CARTESIAN_POINT('',(0.051191918354837,0.106515864840706,0.014200050752));
#8105=CARTESIAN_POINT('',(0.051191918354837,0.106515864840706,0.00920005075200004));
#8106=CARTESIAN_POINT('',(0.,0.,0.));
#8107=CARTESIAN_POINT('',(0.0672376589617453,0.099825382270767,0.00159805080010206));
#8108=CARTESIAN_POINT('',(0.0672376589617453,0.099825382270767,0.001600050800102));
#8109=CARTESIAN_POINT('',(0.0646860430710657,0.0998253822574062,0.00160005080010203));
#8110=CARTESIAN_POINT('',(0.0697892748370413,0.099825382270767,0.001600050800102));
#8111=CARTESIAN_POINT('',(0.0646860430710657,0.0998253822574062,0.00159805080010205));
#8112=CARTESIAN_POINT('',(0.0646860430710657,0.0998253822574062,0.00820005075200009));
#8113=CARTESIAN_POINT('',(0.0672376589617452,0.099825382270767,0.0082000507520001));
#8114=CARTESIAN_POINT('',(0.0697892748370412,0.099825382270767,0.00820005075200011));
#8115=CARTESIAN_POINT('',(0.0697892748370413,0.099825382270767,0.00159805080010207));
#8116=CARTESIAN_POINT('',(0.0511902438947076,0.106522326585253,0.00820005075200004));
#8117=CARTESIAN_POINT('',(0.0697892748403016,0.0998253822802747,0.00820005075200011));
#8118=CARTESIAN_POINT('',(0.0697356291046287,0.0996689303290768,0.00820005075200011));
#8119=CARTESIAN_POINT('',(0.0692137315499551,0.098255452213286,0.00820005075200011));
#8120=CARTESIAN_POINT('',(0.0677669235132839,0.0958695098609842,0.0082000507520001));
#8121=CARTESIAN_POINT('',(0.0651980322478738,0.0944148855443109,0.00820005075200009));
#8122=CARTESIAN_POINT('',(0.0658827454601028,0.094466648169074,0.0082000507520001));
#8123=CARTESIAN_POINT('',(0.0672725467688002,0.0929187378043031,0.0082000507520001));
#8124=CARTESIAN_POINT('',(0.0679467246489103,0.0913971435921517,0.0082000507520001));
#8125=CARTESIAN_POINT('',(0.0680222760380769,0.0912081788222024,0.0082000507520001));
#8126=CARTESIAN_POINT('',(0.068022276040414,0.091208178816357,0.0082000507520001));
#8127=CARTESIAN_POINT('',(0.0625678584672547,0.0912081788151024,0.00820005075200008));
#8128=CARTESIAN_POINT('',(0.0613040766885369,0.092884535971494,0.00820005075200008));
#8129=CARTESIAN_POINT('',(0.0578057980312636,0.0967080398537601,0.00820005075200007));
#8130=CARTESIAN_POINT('',(0.063045500600951,0.098547426267003,0.00820005075200008));
#8131=CARTESIAN_POINT('',(0.0646860430710657,0.0998253822574062,0.00820005075200009));
#8132=CARTESIAN_POINT('',(0.0625678584672547,0.0912081788151024,0.00820005075200008));
#8133=CARTESIAN_POINT('',(0.0652950672538139,0.091208178816357,0.00820005075200009));
#8134=CARTESIAN_POINT('',(0.0697892748403016,0.0998253822802747,0.001600050800102));
#8135=CARTESIAN_POINT('',(0.0697892748403016,0.0998253822802747,0.00820005075200011));
#8136=CARTESIAN_POINT('',(0.0696234188732889,0.0993416813983411,0.001600050800102));
#8137=CARTESIAN_POINT('',(0.0696234188732889,0.0993416813983411,0.00820005075200011));
#8138=CARTESIAN_POINT('',(0.0692094601733003,0.0983608588397495,0.001600050800102));
#8139=CARTESIAN_POINT('',(0.0692094601733002,0.0983608588397495,0.00820005075200011));
#8140=CARTESIAN_POINT('',(0.0683309568321946,0.0969377614552812,0.001600050800102));
#8141=CARTESIAN_POINT('',(0.0683309568321945,0.0969377614552812,0.00820005075200011));
#8142=CARTESIAN_POINT('',(0.0673672596277277,0.095895747495462,0.00160005080010199));
#8143=CARTESIAN_POINT('',(0.0673672596277277,0.095895747495462,0.0082000507520001));
#8144=CARTESIAN_POINT('',(0.066473688568835,0.0952084153210681,0.00160005080010199));
#8145=CARTESIAN_POINT('',(0.066473688568835,0.0952084153210681,0.0082000507520001));
#8146=CARTESIAN_POINT('',(0.0658843573326645,0.0948008613610816,0.00160005080010199));
#8147=CARTESIAN_POINT('',(0.0658843573326644,0.0948008613610816,0.0082000507520001));
#8148=CARTESIAN_POINT('',(0.0654881838263718,0.0945194886268639,0.00160005080010199));
#8149=CARTESIAN_POINT('',(0.0654881838263718,0.0945194886268639,0.0082000507520001));
#8150=CARTESIAN_POINT('',(0.065443321344362,0.0944368561337913,0.00160005080010199));
#8151=CARTESIAN_POINT('',(0.0654433213443619,0.0944368561337913,0.0082000507520001));
#8152=CARTESIAN_POINT('',(0.0657309797188927,0.0943964605375868,0.00160005080010199));
#8153=CARTESIAN_POINT('',(0.0657309797188927,0.0943964605375868,0.0082000507520001));
#8154=CARTESIAN_POINT('',(0.0661349371491151,0.094067762675571,0.00160005080010199));
#8155=CARTESIAN_POINT('',(0.0661349371491151,0.094067762675571,0.0082000507520001));
#8156=CARTESIAN_POINT('',(0.0666259976926301,0.0935489130497914,0.00160005080010199));
#8157=CARTESIAN_POINT('',(0.0666259976926301,0.0935489130497914,0.0082000507520001));
#8158=CARTESIAN_POINT('',(0.0673170748739754,0.0926422325823939,0.001600050800102));
#8159=CARTESIAN_POINT('',(0.0673170748739754,0.0926422325823939,0.0082000507520001));
#8160=CARTESIAN_POINT('',(0.0677879132991471,0.0917943533655838,0.001600050800102));
#8161=CARTESIAN_POINT('',(0.067787913299147,0.0917943533655838,0.0082000507520001));
#8162=CARTESIAN_POINT('',(0.0680222760380769,0.0912081788222024,0.001600050800102));
#8163=CARTESIAN_POINT('',(0.0680222760380769,0.0912081788222024,0.0082000507520001));
#8164=CARTESIAN_POINT('',(0.0697892748403016,0.0998253822802747,0.00160005080010207));
#8165=CARTESIAN_POINT('',(0.0697356291046287,0.0996689303290768,0.00160005080010207));
#8166=CARTESIAN_POINT('',(0.0692137315499552,0.098255452213286,0.00160005080010207));
#8167=CARTESIAN_POINT('',(0.067766923513284,0.0958695098609842,0.00160005080010206));
#8168=CARTESIAN_POINT('',(0.0651980322478738,0.0944148855443109,0.00160005080010205));
#8169=CARTESIAN_POINT('',(0.0658827454601028,0.094466648169074,0.00160005080010206));
#8170=CARTESIAN_POINT('',(0.0672725467688002,0.0929187378043031,0.00160005080010206));
#8171=CARTESIAN_POINT('',(0.0679467246489103,0.0913971435921517,0.00160005080010206));
#8172=CARTESIAN_POINT('',(0.0680222760380769,0.0912081788222024,0.00160005080010206));
#8173=CARTESIAN_POINT('',(0.068022276040414,0.091208178816357,0.001600050800102));
#8174=CARTESIAN_POINT('',(0.068022276040414,0.091208178816357,0.00159805080010206));
#8175=CARTESIAN_POINT('',(0.0625678584672547,0.0912081788151024,0.001600050800102));
#8176=CARTESIAN_POINT('',(0.0625678584672547,0.0912081788151024,0.00820005075200008));
#8177=CARTESIAN_POINT('',(0.061899581750871,0.0920946217713352,0.001600050800102));
#8178=CARTESIAN_POINT('',(0.061899581750871,0.0920946217713352,0.00820005075200008));
#8179=CARTESIAN_POINT('',(0.0607358167355733,0.0934788043320601,0.00160005080010199));
#8180=CARTESIAN_POINT('',(0.0607358167355733,0.0934788043320601,0.00820005075200007));
#8181=CARTESIAN_POINT('',(0.059887164169129,0.0951817820983568,0.00160005080010199));
#8182=CARTESIAN_POINT('',(0.059887164169129,0.0951817820983568,0.00820005075200007));
#8183=CARTESIAN_POINT('',(0.0598901327414641,0.0966958213832621,0.00160005080010199));
#8184=CARTESIAN_POINT('',(0.059890132741464,0.0966958213832621,0.00820005075200007));
#8185=CARTESIAN_POINT('',(0.0618527498751545,0.0981448054734878,0.001600050800102));
#8186=CARTESIAN_POINT('',(0.0618527498751545,0.0981448054734878,0.00820005075200008));
#8187=CARTESIAN_POINT('',(0.0639081272124242,0.0992193984138358,0.00160005080010201));
#8188=CARTESIAN_POINT('',(0.0639081272124242,0.0992193984138358,0.00820005075200009));
#8189=CARTESIAN_POINT('',(0.0646860430710657,0.0998253822574062,0.00160005080010201));
#8190=CARTESIAN_POINT('',(0.0646860430710657,0.0998253822574062,0.00820005075200009));
#8191=CARTESIAN_POINT('',(0.0625678584672547,0.0912081788151024,0.00160005080010204));
#8192=CARTESIAN_POINT('',(0.0613040766885369,0.092884535971494,0.00160005080010203));
#8193=CARTESIAN_POINT('',(0.0578057980312636,0.0967080398537601,0.00160005080010202));
#8194=CARTESIAN_POINT('',(0.063045500600951,0.098547426267003,0.00160005080010204));
#8195=CARTESIAN_POINT('',(0.0646860430710657,0.0998253822574062,0.00160005080010204));
#8196=CARTESIAN_POINT('',(0.0625678584672547,0.0912081788151024,0.001600050800102));
#8197=CARTESIAN_POINT('',(0.0625678584672547,0.0912081788151024,0.00159805080010204));
#8198=CARTESIAN_POINT('',(0.065295067253814,0.091208178816357,0.00159805080010205));
#8199=CARTESIAN_POINT('',(0.065295067253814,0.091208178816357,0.001600050800102));
#8200=CARTESIAN_POINT('',(0.051145925756742,0.10051685155575,0.001600050800102));
#8201=CARTESIAN_POINT('',(0.,0.,0.));
#8202=CARTESIAN_POINT('',(0.0762621766087967,0.116452771935589,0.0142000507520001));
#8203=CARTESIAN_POINT('',(0.0762621766087967,0.116452771935589,0.00920005075200013));
#8204=CARTESIAN_POINT('',(0.0762767772359779,0.115890881267822,0.0142000507520001));
#8205=CARTESIAN_POINT('',(0.0762767772359779,0.115890881267822,0.00920005075200013));
#8206=CARTESIAN_POINT('',(0.0762056889112872,0.11472014943915,0.0142000507520001));
#8207=CARTESIAN_POINT('',(0.0762056889112872,0.11472014943915,0.00920005075200013));
#8208=CARTESIAN_POINT('',(0.0756859670474361,0.113140107345342,0.0142000507520001));
#8209=CARTESIAN_POINT('',(0.0756859670474361,0.113140107345342,0.00920005075200013));
#8210=CARTESIAN_POINT('',(0.0747781511189989,0.111831766720992,0.0142000507520001));
#8211=CARTESIAN_POINT('',(0.0747781511189989,0.111831766720992,0.00920005075200014));
#8212=CARTESIAN_POINT('',(0.0740492071469679,0.111093867977114,0.0142000507520001));
#8213=CARTESIAN_POINT('',(0.0740492071469679,0.111093867977114,0.00920005075200013));
#8214=CARTESIAN_POINT('',(0.0736218553812768,0.110758920525427,0.0142000507520001));
#8215=CARTESIAN_POINT('',(0.0736218553812768,0.110758920525427,0.00920005075200013));
#8216=CARTESIAN_POINT('',(0.0762621766087967,0.116452771935589,0.00920005075200013));
#8217=CARTESIAN_POINT('',(0.0762831742432394,0.115644698782833,0.00920005075200013));
#8218=CARTESIAN_POINT('',(0.0760799714714573,0.113621124791664,0.00920005075200013));
#8219=CARTESIAN_POINT('',(0.0748512038911038,0.11186461562648,0.00920005075200013));
#8220=CARTESIAN_POINT('',(0.0738713219144335,0.110954446053271,0.00920005075200012));
#8221=CARTESIAN_POINT('',(0.0736218553812768,0.110758920525427,0.00920005075200012));
#8222=CARTESIAN_POINT('',(0.0762621766087967,0.116452771935589,0.00920005075200013));
#8223=CARTESIAN_POINT('',(0.0736218553822858,0.110758920526218,0.00920005075200012));
#8224=CARTESIAN_POINT('',(0.0762621766087967,0.116452771935589,0.0142000507520001));
#8225=CARTESIAN_POINT('',(0.0762621766087967,0.116452771935589,0.0142000507520001));
#8226=CARTESIAN_POINT('',(0.0762621766087967,0.116452771935589,0.0142000507520001));
#8227=CARTESIAN_POINT('',(0.0762831742432394,0.115644698782833,0.0142000507520001));
#8228=CARTESIAN_POINT('',(0.0760799714714573,0.113621124791664,0.0142000507520001));
#8229=CARTESIAN_POINT('',(0.0748512038911038,0.11186461562648,0.0142000507520001));
#8230=CARTESIAN_POINT('',(0.0738713219144335,0.110954446053271,0.0142000507520001));
#8231=CARTESIAN_POINT('',(0.0736218553812768,0.110758920525427,0.0142000507520001));
#8232=CARTESIAN_POINT('',(0.0736218553822858,0.110758920526218,0.0142000507520001));
#8233=CARTESIAN_POINT('',(0.0736218553822858,0.110758920526218,0.0142000507520001));
#8234=CARTESIAN_POINT('',(0.0737621766091877,0.116452771920543,0.0142000507520001));
#8235=CARTESIAN_POINT('',(0.0737621766091877,0.116452771920543,0.00920005075200012));
#8236=CARTESIAN_POINT('',(0.0712621766091877,0.116452771920543,0.00920005075200011));
#8237=CARTESIAN_POINT('',(0.0712621766091877,0.116452771920543,0.0142000507520001));
#8238=CARTESIAN_POINT('',(0.0712621766091877,0.116452771920543,0.0142000507520001));
#8239=CARTESIAN_POINT('',(0.0737621766091877,0.116452771920543,0.0142000507520001));
#8240=CARTESIAN_POINT('',(0.0624724787290889,0.110758920527264,0.0142000507520001));
#8241=CARTESIAN_POINT('',(0.0624724787290889,0.110758920527264,0.00920005075200008));
#8242=CARTESIAN_POINT('',(0.0637853230869453,0.113296611239113,0.0142000507520001));
#8243=CARTESIAN_POINT('',(0.0637853230869453,0.113296611239113,0.0092000507520001));
#8244=CARTESIAN_POINT('',(0.0698035009670395,0.114828038573411,0.0142000507520001));
#8245=CARTESIAN_POINT('',(0.0698035009670395,0.114828038573411,0.0092000507520001));
#8246=CARTESIAN_POINT('',(0.0712621766091877,0.116452771920543,0.0142000507520001));
#8247=CARTESIAN_POINT('',(0.0712621766091877,0.116452771920543,0.0092000507520001));
#8248=CARTESIAN_POINT('',(0.0624724787290889,0.110758920527264,0.00920005075200008));
#8249=CARTESIAN_POINT('',(0.0637853230869453,0.113296611239113,0.00920005075200009));
#8250=CARTESIAN_POINT('',(0.0698035009670395,0.114828038573411,0.00920005075200011));
#8251=CARTESIAN_POINT('',(0.0712621766091877,0.116452771920543,0.00920005075200011));
#8252=CARTESIAN_POINT('',(0.0624724787290889,0.110758920527264,0.00920005075200008));
#8253=CARTESIAN_POINT('',(0.0624724787290889,0.110758920527264,0.0142000507520001));
#8254=CARTESIAN_POINT('',(0.0624724787290889,0.110758920527264,0.0142000507520001));
#8255=CARTESIAN_POINT('',(0.0624724787290889,0.110758920527264,0.0142000507520001));
#8256=CARTESIAN_POINT('',(0.0637853230869453,0.113296611239113,0.0142000507520001));
#8257=CARTESIAN_POINT('',(0.0698035009670395,0.114828038573411,0.0142000507520001));
#8258=CARTESIAN_POINT('',(0.0712621766091877,0.116452771920543,0.0142000507520001));
#8259=CARTESIAN_POINT('',(0.0680471670556898,0.110758920526218,0.0142000507520001));
#8260=CARTESIAN_POINT('',(0.0680471670556898,0.110758920526218,0.0092000507520001));
#8261=CARTESIAN_POINT('',(0.0680471670556898,0.110758920526218,0.0142000507520001));
#8262=CARTESIAN_POINT('',(0.051191918354837,0.106515864840706,0.014200050752));
#8263=CARTESIAN_POINT('',(0.051191918354837,0.106515864840706,0.00920005075200004));
#8264=CARTESIAN_POINT('',(0.,0.,0.));
#8265=CARTESIAN_POINT('',(0.03625262019883,0.076008178816358,0.00159805080010195));
#8266=CARTESIAN_POINT('',(0.0401960042900012,0.0760081788207746,0.00159805080010197));
#8267=CARTESIAN_POINT('',(0.0401960042900012,0.0760081788207746,0.001600050800102));
#8268=CARTESIAN_POINT('',(0.0401960042900012,0.0760081788207746,0.00820005075200001));
#8269=CARTESIAN_POINT('',(0.03625262019883,0.076008178816358,0.001600050800102));
#8270=CARTESIAN_POINT('',(0.0323092361067605,0.076008178806367,0.00160005080010196));
#8271=CARTESIAN_POINT('',(0.0323092361067605,0.076008178806367,0.00159805080010193));
#8272=CARTESIAN_POINT('',(0.0323092361067605,0.076008178806367,0.00820005075199998));
#8273=CARTESIAN_POINT('',(0.03625262019883,0.076008178816358,0.00820005075199999));
#8274=CARTESIAN_POINT('',(0.0323092361067605,0.076008178806367,0.00160005080010196));
#8275=CARTESIAN_POINT('',(0.0323092361067604,0.076008178806367,0.00820005075199998));
#8276=CARTESIAN_POINT('',(0.0320223928974341,0.0758208266381871,0.00160005080010196));
#8277=CARTESIAN_POINT('',(0.0320223928974341,0.0758208266381871,0.00820005075199998));
#8278=CARTESIAN_POINT('',(0.0315600973340223,0.0753539166598569,0.00160005080010195));
#8279=CARTESIAN_POINT('',(0.0315600973340223,0.0753539166598569,0.00820005075199997));
#8280=CARTESIAN_POINT('',(0.0315567634103196,0.0744837289270536,0.00160005080010195));
#8281=CARTESIAN_POINT('',(0.0315567634103196,0.0744837289270536,0.00820005075199997));
#8282=CARTESIAN_POINT('',(0.0320365745380732,0.0738675627298712,0.00160005080010195));
#8283=CARTESIAN_POINT('',(0.0320365745380732,0.0738675627298712,0.00820005075199997));
#8284=CARTESIAN_POINT('',(0.0331722331502615,0.073297753446526,0.00160005080010196));
#8285=CARTESIAN_POINT('',(0.0331722331502615,0.073297753446526,0.00820005075199998));
#8286=CARTESIAN_POINT('',(0.0352124043550414,0.072611405683852,0.00160005080010197));
#8287=CARTESIAN_POINT('',(0.0352124043550413,0.072611405683852,0.00820005075199999));
#8288=CARTESIAN_POINT('',(0.0377700796443779,0.0722153077016657,0.00160005080010198));
#8289=CARTESIAN_POINT('',(0.0377700796443778,0.0722153077016657,0.008200050752));
#8290=CARTESIAN_POINT('',(0.0397374666010885,0.0719735271475849,0.00160005080010198));
#8291=CARTESIAN_POINT('',(0.0397374666010885,0.0719735271475849,0.00820005075200001));
#8292=CARTESIAN_POINT('',(0.0410368882207089,0.0717799316250714,0.00160005080010199));
#8293=CARTESIAN_POINT('',(0.0410368882207089,0.0717799316250714,0.00820005075200001));
#8294=CARTESIAN_POINT('',(0.0422173276931394,0.0716009414978267,0.00160005080010199));
#8295=CARTESIAN_POINT('',(0.0422173276931394,0.0716009414978267,0.00820005075200001));
#8296=CARTESIAN_POINT('',(0.0438407374481918,0.0714730475672595,0.00160005080010199));
#8297=CARTESIAN_POINT('',(0.0438407374481918,0.0714730475672595,0.00820005075200002));
#8298=CARTESIAN_POINT('',(0.0460727829281805,0.0715303759276699,0.00160005080010201));
#8299=CARTESIAN_POINT('',(0.0460727829281804,0.0715303759276699,0.00820005075200003));
#8300=CARTESIAN_POINT('',(0.0470363409990504,0.0710410150820247,0.00160005080010201));
#8301=CARTESIAN_POINT('',(0.0470363409990504,0.0710410150820247,0.00820005075200003));
#8302=CARTESIAN_POINT('',(0.0478106448557209,0.070918918323279,0.00160005080010201));
#8303=CARTESIAN_POINT('',(0.0478106448557209,0.070918918323279,0.00820005075200003));
#8304=CARTESIAN_POINT('',(0.0323092361067605,0.076008178806367,0.00160005080010194));
#8305=CARTESIAN_POINT('',(0.0321015112116593,0.0758725029102091,0.00160005080010194));
#8306=CARTESIAN_POINT('',(0.0315287277577415,0.0753824331244963,0.00160005080010193));
#8307=CARTESIAN_POINT('',(0.0315322001286008,0.0741853923848129,0.00160005080010193));
#8308=CARTESIAN_POINT('',(0.0329389688557905,0.0733444703415132,0.00160005080010194));
#8309=CARTESIAN_POINT('',(0.0359366859766339,0.0723961108886483,0.00160005080010194));
#8310=CARTESIAN_POINT('',(0.0401294862386914,0.0719625306015447,0.00160005080010196));
#8311=CARTESIAN_POINT('',(0.0429665212957781,0.0714332097405272,0.00160005080010197));
#8312=CARTESIAN_POINT('',(0.0460238138753146,0.0715580692913403,0.00160005080010199));
#8313=CARTESIAN_POINT('',(0.0470661109625392,0.0710363207801448,0.00160005080010199));
#8314=CARTESIAN_POINT('',(0.0478106448557209,0.070918918323279,0.00160005080010199));
#8315=CARTESIAN_POINT('',(0.0478106448557209,0.070918918323279,0.001600050800102));
#8316=CARTESIAN_POINT('',(0.0478106448557209,0.070918918323279,0.00159805080010199));
#8317=CARTESIAN_POINT('',(0.0478106448557209,0.070918918323279,0.00820005075200003));
#8318=CARTESIAN_POINT('',(0.0323092361067605,0.076008178806367,0.00820005075199998));
#8319=CARTESIAN_POINT('',(0.0321015112116592,0.0758725029102091,0.00820005075199998));
#8320=CARTESIAN_POINT('',(0.0315287277577415,0.0753824331244963,0.00820005075199997));
#8321=CARTESIAN_POINT('',(0.0315322001286008,0.0741853923848129,0.00820005075199997));
#8322=CARTESIAN_POINT('',(0.0329389688557904,0.0733444703415132,0.00820005075199998));
#8323=CARTESIAN_POINT('',(0.0359366859766339,0.0723961108886483,0.00820005075199999));
#8324=CARTESIAN_POINT('',(0.0401294862386914,0.0719625306015447,0.008200050752));
#8325=CARTESIAN_POINT('',(0.0429665212957781,0.0714332097405272,0.00820005075200001));
#8326=CARTESIAN_POINT('',(0.0460238138753146,0.0715580692913403,0.00820005075200003));
#8327=CARTESIAN_POINT('',(0.0470661109625392,0.0710363207801448,0.00820005075200003));
#8328=CARTESIAN_POINT('',(0.0478106448557209,0.070918918323279,0.00820005075200003));
#8329=CARTESIAN_POINT('',(0.0478279519430429,0.0709162469564679,0.00159805080010199));
#8330=CARTESIAN_POINT('',(0.0478279519430429,0.0709162469564679,0.001600050800102));
#8331=CARTESIAN_POINT('',(0.0478452590303649,0.0709135755896568,0.001600050800102));
#8332=CARTESIAN_POINT('',(0.0478452590303649,0.0709135755896568,0.00159805080010199));
#8333=CARTESIAN_POINT('',(0.0478452590303649,0.0709135755896568,0.00820005075200003));
#8334=CARTESIAN_POINT('',(0.0478279519430429,0.0709162469564679,0.00820005075200003));
#8335=CARTESIAN_POINT('',(0.0478452590303649,0.0709135755896568,0.00160005080010199));
#8336=CARTESIAN_POINT('',(0.0478452590303649,0.0709135755896568,0.00820005075200003));
#8337=CARTESIAN_POINT('',(0.0480140303353762,0.0708876366034995,0.00160005080010199));
#8338=CARTESIAN_POINT('',(0.0480140303353762,0.0708876366034995,0.00820005075200003));
#8339=CARTESIAN_POINT('',(0.0491741062847189,0.0706675257321505,0.001600050800102));
#8340=CARTESIAN_POINT('',(0.0491741062847188,0.0706675257321505,0.00820005075200004));
#8341=CARTESIAN_POINT('',(0.0494863943587742,0.0706756932922403,0.001600050800102));
#8342=CARTESIAN_POINT('',(0.0494863943587742,0.0706756932922403,0.00820005075200004));
#8343=CARTESIAN_POINT('',(0.0501322518256046,0.0706121703327904,0.001600050800102));
#8344=CARTESIAN_POINT('',(0.0501322518256046,0.0706121703327904,0.00820005075200004));
#8345=CARTESIAN_POINT('',(0.0505487448846107,0.0705836163677141,0.001600050800102));
#8346=CARTESIAN_POINT('',(0.0505487448846107,0.0705836163677141,0.00820005075200004));
#8347=CARTESIAN_POINT('',(0.050775525164272,0.070596039336066,0.001600050800102));
#8348=CARTESIAN_POINT('',(0.050775525164272,0.070596039336066,0.00820005075200004));
#8349=CARTESIAN_POINT('',(0.0509374148525415,0.0705956797977876,0.001600050800102));
#8350=CARTESIAN_POINT('',(0.0509374148525415,0.0705956797977876,0.00820005075200004));
#8351=CARTESIAN_POINT('',(0.0509871493595143,0.0705964974138332,0.001600050800102));
#8352=CARTESIAN_POINT('',(0.0509871493595143,0.0705964974138332,0.00820005075200004));
#8353=CARTESIAN_POINT('',(0.0478452590303649,0.0709135755896568,0.00160005080010199));
#8354=CARTESIAN_POINT('',(0.0480287846194201,0.0708853689717504,0.00160005080010199));
#8355=CARTESIAN_POINT('',(0.0491652754328819,0.0706698300088302,0.00160005080010199));
#8356=CARTESIAN_POINT('',(0.0495387985096588,0.0706756730169315,0.001600050800102));
#8357=CARTESIAN_POINT('',(0.050439691215862,0.0705777951411396,0.001600050800102));
#8358=CARTESIAN_POINT('',(0.0507609471925085,0.0705959633562575,0.001600050800102));
#8359=CARTESIAN_POINT('',(0.0509392271419684,0.0705957095911243,0.001600050800102));
#8360=CARTESIAN_POINT('',(0.0509871493595143,0.0705964974138332,0.001600050800102));
#8361=CARTESIAN_POINT('',(0.0509871493595143,0.0705964974138332,0.001600050800102));
#8362=CARTESIAN_POINT('',(0.0509871493595143,0.0705964974138332,0.001598050800102));
#8363=CARTESIAN_POINT('',(0.0509871493595143,0.0705964974138332,0.00820005075200004));
#8364=CARTESIAN_POINT('',(0.0478452590303649,0.0709135755896568,0.00820005075200003));
#8365=CARTESIAN_POINT('',(0.0480287846194201,0.0708853689717504,0.00820005075200003));
#8366=CARTESIAN_POINT('',(0.0491652754328818,0.0706698300088302,0.00820005075200003));
#8367=CARTESIAN_POINT('',(0.0495387985096588,0.0706756730169315,0.00820005075200004));
#8368=CARTESIAN_POINT('',(0.050439691215862,0.0705777951411396,0.00820005075200004));
#8369=CARTESIAN_POINT('',(0.0507609471925085,0.0705959633562575,0.00820005075200004));
#8370=CARTESIAN_POINT('',(0.0509392271419683,0.0705957095911243,0.00820005075200004));
#8371=CARTESIAN_POINT('',(0.0509871493595143,0.0705964974138332,0.00820005075200004));
#8372=CARTESIAN_POINT('',(0.0511902438947076,0.0705964974138332,0.001598050800102));
#8373=CARTESIAN_POINT('',(0.0511902438947076,0.0705964974138332,0.001600050800102));
#8374=CARTESIAN_POINT('',(0.051393338429901,0.0705964974138332,0.00160005080010201));
#8375=CARTESIAN_POINT('',(0.051393338429901,0.0705964974138332,0.001598050800102));
#8376=CARTESIAN_POINT('',(0.051393338429901,0.0705964974138332,0.00820005075200004));
#8377=CARTESIAN_POINT('',(0.0511902438947076,0.0705964974138332,0.00820005075200004));
#8378=CARTESIAN_POINT('',(0.0545352287590504,0.0709135755896568,0.00160005080010198));
#8379=CARTESIAN_POINT('',(0.0545352287590504,0.0709135755896568,0.00820005075200004));
#8380=CARTESIAN_POINT('',(0.0543664574540391,0.0708876366034995,0.00160005080010198));
#8381=CARTESIAN_POINT('',(0.0543664574540391,0.0708876366034995,0.00820005075200004));
#8382=CARTESIAN_POINT('',(0.0532063815046965,0.0706675257321506,0.00160005080010197));
#8383=CARTESIAN_POINT('',(0.0532063815046965,0.0706675257321506,0.00820005075200003));
#8384=CARTESIAN_POINT('',(0.0528940934306411,0.0706756932922402,0.00160005080010197));
#8385=CARTESIAN_POINT('',(0.0528940934306411,0.0706756932922402,0.00820005075200003));
#8386=CARTESIAN_POINT('',(0.0522482359638107,0.0706121703327904,0.00160005080010197));
#8387=CARTESIAN_POINT('',(0.0522482359638107,0.0706121703327904,0.00820005075200003));
#8388=CARTESIAN_POINT('',(0.0518317429048046,0.0705836163677141,0.00160005080010197));
#8389=CARTESIAN_POINT('',(0.0518317429048046,0.0705836163677141,0.00820005075200003));
#8390=CARTESIAN_POINT('',(0.0516049626251433,0.070596039336066,0.00160005080010197));
#8391=CARTESIAN_POINT('',(0.0516049626251433,0.070596039336066,0.00820005075200003));
#8392=CARTESIAN_POINT('',(0.0514430729368738,0.0705956797977876,0.00160005080010197));
#8393=CARTESIAN_POINT('',(0.0514430729368738,0.0705956797977876,0.00820005075200003));
#8394=CARTESIAN_POINT('',(0.051393338429901,0.0705964974138332,0.00160005080010196));
#8395=CARTESIAN_POINT('',(0.051393338429901,0.0705964974138332,0.00820005075200002));
#8396=CARTESIAN_POINT('',(0.0545352287590504,0.0709135755896568,0.00160005080010202));
#8397=CARTESIAN_POINT('',(0.0543517031699952,0.0708853689717504,0.00160005080010202));
#8398=CARTESIAN_POINT('',(0.0532152123565334,0.0706698300088302,0.00160005080010201));
#8399=CARTESIAN_POINT('',(0.0528416892797565,0.0706756730169315,0.00160005080010201));
#8400=CARTESIAN_POINT('',(0.0519407965735533,0.0705777951411396,0.00160005080010201));
#8401=CARTESIAN_POINT('',(0.0516195405969068,0.0705959633562575,0.001600050800102));
#8402=CARTESIAN_POINT('',(0.0514412606474469,0.0705957095911243,0.001600050800102));
#8403=CARTESIAN_POINT('',(0.051393338429901,0.0705964974138332,0.001600050800102));
#8404=CARTESIAN_POINT('',(0.0545352287590504,0.0709135755896568,0.001600050800102));
#8405=CARTESIAN_POINT('',(0.0545352287590504,0.0709135755896568,0.00159805080010201));
#8406=CARTESIAN_POINT('',(0.0545352287590504,0.0709135755896568,0.00820005075200006));
#8407=CARTESIAN_POINT('',(0.0545352287590504,0.0709135755896568,0.00820005075200006));
#8408=CARTESIAN_POINT('',(0.0543517031699952,0.0708853689717504,0.00820005075200006));
#8409=CARTESIAN_POINT('',(0.0532152123565334,0.0706698300088302,0.00820005075200005));
#8410=CARTESIAN_POINT('',(0.0528416892797565,0.0706756730169315,0.00820005075200005));
#8411=CARTESIAN_POINT('',(0.0519407965735532,0.0705777951411396,0.00820005075200005));
#8412=CARTESIAN_POINT('',(0.0516195405969068,0.0705959633562575,0.00820005075200004));
#8413=CARTESIAN_POINT('',(0.0514412606474469,0.0705957095911243,0.00820005075200004));
#8414=CARTESIAN_POINT('',(0.051393338429901,0.0705964974138332,0.00820005075200004));
#8415=CARTESIAN_POINT('',(0.0545525358463724,0.0709162469564679,0.00159805080010201));
#8416=CARTESIAN_POINT('',(0.0545525358463724,0.0709162469564679,0.001600050800102));
#8417=CARTESIAN_POINT('',(0.0545698429336944,0.070918918323279,0.00160005080010204));
#8418=CARTESIAN_POINT('',(0.0545698429336944,0.070918918323279,0.00159805080010201));
#8419=CARTESIAN_POINT('',(0.0545698429336944,0.070918918323279,0.00820005075200006));
#8420=CARTESIAN_POINT('',(0.0545525358463724,0.0709162469564679,0.00820005075200006));
#8421=CARTESIAN_POINT('',(0.0511902438947076,0.106522326585253,0.00820005075200004));
#8422=CARTESIAN_POINT('',(0.0401960042900012,0.0760081788207746,0.00820005075200001));
#8423=CARTESIAN_POINT('',(0.045122248071164,0.0729211337105625,0.00820005075200002));
#8424=CARTESIAN_POINT('',(0.0580995709072543,0.0720445203457009,0.00820005075200007));
#8425=CARTESIAN_POINT('',(0.0627307160100071,0.0758173071439418,0.00820005075200008));
#8426=CARTESIAN_POINT('',(0.0629354764854183,0.0760081788163023,0.00820005075200008));
#8427=CARTESIAN_POINT('',(0.0629354764854183,0.0760081788163023,0.00820005075200008));
#8428=CARTESIAN_POINT('',(0.0700712516826548,0.076008178806367,0.00820005075200011));
#8429=CARTESIAN_POINT('',(0.070278976577756,0.0758725029102091,0.00820005075200011));
#8430=CARTESIAN_POINT('',(0.0708517600316738,0.0753824331244963,0.00820005075200011));
#8431=CARTESIAN_POINT('',(0.0708482876608145,0.0741853923848129,0.00820005075200011));
#8432=CARTESIAN_POINT('',(0.0694415189336249,0.0733444703415132,0.00820005075200011));
#8433=CARTESIAN_POINT('',(0.0664438018127814,0.0723961108886483,0.0082000507520001));
#8434=CARTESIAN_POINT('',(0.0622510015507239,0.0719625306015447,0.00820005075200008));
#8435=CARTESIAN_POINT('',(0.0594139664936372,0.0714332097405272,0.00820005075200007));
#8436=CARTESIAN_POINT('',(0.0563566739141007,0.0715580692913403,0.00820005075200006));
#8437=CARTESIAN_POINT('',(0.0553143768268761,0.0710363207801448,0.00820005075200006));
#8438=CARTESIAN_POINT('',(0.0545698429336944,0.070918918323279,0.00820005075200006));
#8439=CARTESIAN_POINT('',(0.0700712516826548,0.076008178806367,0.00820005075200011));
#8440=CARTESIAN_POINT('',(0.0665033640763961,0.076008178816358,0.0082000507520001));
#8441=CARTESIAN_POINT('',(0.0401960042900012,0.0760081788207746,0.001600050800102));
#8442=CARTESIAN_POINT('',(0.0401960042900011,0.0760081788207746,0.00820005075200001));
#8443=CARTESIAN_POINT('',(0.0427839165893772,0.0743864559900866,0.00160005080010201));
#8444=CARTESIAN_POINT('',(0.0427839165893772,0.0743864559900866,0.00820005075200002));
#8445=CARTESIAN_POINT('',(0.0497363708346528,0.0728888198235425,0.00160005080010203));
#8446=CARTESIAN_POINT('',(0.0497363708346528,0.0728888198235425,0.00820005075200004));
#8447=CARTESIAN_POINT('',(0.0586487593385496,0.0735994378784096,0.00160005080010206));
#8448=CARTESIAN_POINT('',(0.0586487593385495,0.0735994378784096,0.00820005075200007));
#8449=CARTESIAN_POINT('',(0.0618738921900764,0.07501860126528,0.00160005080010208));
#8450=CARTESIAN_POINT('',(0.0618738921900764,0.07501860126528,0.00820005075200009));
#8451=CARTESIAN_POINT('',(0.0629354764854183,0.0760081788163023,0.00160005080010208));
#8452=CARTESIAN_POINT('',(0.0629354764854183,0.0760081788163023,0.00820005075200009));
#8453=CARTESIAN_POINT('',(0.0401960042900012,0.0760081788207746,0.00160005080010197));
#8454=CARTESIAN_POINT('',(0.045122248071164,0.0729211337105625,0.00160005080010198));
#8455=CARTESIAN_POINT('',(0.0580995709072543,0.0720445203457009,0.00160005080010202));
#8456=CARTESIAN_POINT('',(0.0627307160100071,0.0758173071439418,0.00160005080010204));
#8457=CARTESIAN_POINT('',(0.0629354764854183,0.0760081788163023,0.00160005080010204));
#8458=CARTESIAN_POINT('',(0.0629354764854183,0.0760081788163023,0.001600050800102));
#8459=CARTESIAN_POINT('',(0.0629354764854183,0.0760081788163023,0.00159805080010204));
#8460=CARTESIAN_POINT('',(0.0700712516826548,0.076008178806367,0.001600050800102));
#8461=CARTESIAN_POINT('',(0.0700712516826548,0.076008178806367,0.0082000507520001));
#8462=CARTESIAN_POINT('',(0.0703580948919812,0.0758208266381871,0.00160005080010201));
#8463=CARTESIAN_POINT('',(0.0703580948919811,0.0758208266381871,0.00820005075200011));
#8464=CARTESIAN_POINT('',(0.070820390455393,0.0753539166598569,0.00160005080010201));
#8465=CARTESIAN_POINT('',(0.070820390455393,0.0753539166598569,0.0082000507520001));
#8466=CARTESIAN_POINT('',(0.0708237243790957,0.0744837289270537,0.00160005080010201));
#8467=CARTESIAN_POINT('',(0.0708237243790956,0.0744837289270537,0.00820005075200011));
#8468=CARTESIAN_POINT('',(0.0703439132513421,0.0738675627298712,0.00160005080010201));
#8469=CARTESIAN_POINT('',(0.0703439132513421,0.0738675627298712,0.0082000507520001));
#8470=CARTESIAN_POINT('',(0.0692082546391538,0.073297753446526,0.001600050800102));
#8471=CARTESIAN_POINT('',(0.0692082546391537,0.073297753446526,0.0082000507520001));
#8472=CARTESIAN_POINT('',(0.0671680834343742,0.072611405683852,0.001600050800102));
#8473=CARTESIAN_POINT('',(0.0671680834343741,0.072611405683852,0.00820005075200009));
#8474=CARTESIAN_POINT('',(0.0646104081450374,0.0722153077016657,0.00160005080010199));
#8475=CARTESIAN_POINT('',(0.0646104081450374,0.0722153077016657,0.00820005075200009));
#8476=CARTESIAN_POINT('',(0.0626430211883269,0.0719735271475849,0.00160005080010198));
#8477=CARTESIAN_POINT('',(0.0626430211883268,0.0719735271475849,0.00820005075200008));
#8478=CARTESIAN_POINT('',(0.0613435995687065,0.0717799316250714,0.00160005080010197));
#8479=CARTESIAN_POINT('',(0.0613435995687064,0.0717799316250714,0.00820005075200007));
#8480=CARTESIAN_POINT('',(0.060163160096276,0.0716009414978267,0.00160005080010197));
#8481=CARTESIAN_POINT('',(0.060163160096276,0.0716009414978267,0.00820005075200007));
#8482=CARTESIAN_POINT('',(0.0585397503412235,0.0714730475672595,0.00160005080010196));
#8483=CARTESIAN_POINT('',(0.0585397503412234,0.0714730475672595,0.00820005075200006));
#8484=CARTESIAN_POINT('',(0.0563077048612349,0.0715303759276699,0.00160005080010196));
#8485=CARTESIAN_POINT('',(0.0563077048612349,0.0715303759276699,0.00820005075200006));
#8486=CARTESIAN_POINT('',(0.0553441467903649,0.0710410150820247,0.00160005080010195));
#8487=CARTESIAN_POINT('',(0.0553441467903649,0.0710410150820247,0.00820005075200005));
#8488=CARTESIAN_POINT('',(0.0545698429336944,0.070918918323279,0.00160005080010195));
#8489=CARTESIAN_POINT('',(0.0545698429336944,0.070918918323279,0.00820005075200005));
#8490=CARTESIAN_POINT('',(0.0700712516826548,0.076008178806367,0.00160005080010207));
#8491=CARTESIAN_POINT('',(0.070278976577756,0.0758725029102091,0.00160005080010207));
#8492=CARTESIAN_POINT('',(0.0708517600316738,0.0753824331244963,0.00160005080010207));
#8493=CARTESIAN_POINT('',(0.0708482876608145,0.0741853923848129,0.00160005080010207));
#8494=CARTESIAN_POINT('',(0.0694415189336249,0.0733444703415132,0.00160005080010207));
#8495=CARTESIAN_POINT('',(0.0664438018127815,0.0723961108886483,0.00160005080010206));
#8496=CARTESIAN_POINT('',(0.0622510015507239,0.0719625306015447,0.00160005080010204));
#8497=CARTESIAN_POINT('',(0.0594139664936372,0.0714332097405272,0.00160005080010203));
#8498=CARTESIAN_POINT('',(0.0563566739141007,0.0715580692913403,0.00160005080010202));
#8499=CARTESIAN_POINT('',(0.0553143768268761,0.0710363207801448,0.00160005080010202));
#8500=CARTESIAN_POINT('',(0.0545698429336944,0.070918918323279,0.00160005080010201));
#8501=CARTESIAN_POINT('',(0.0700712516826548,0.076008178806367,0.001600050800102));
#8502=CARTESIAN_POINT('',(0.0700712516826548,0.076008178806367,0.00159805080010207));
#8503=CARTESIAN_POINT('',(0.0665033640763962,0.076008178816358,0.00159805080010206));
#8504=CARTESIAN_POINT('',(0.0665033640763962,0.076008178816358,0.001600050800102));
#8505=CARTESIAN_POINT('',(0.051145925756742,0.10051685155575,0.001600050800102));
#8506=CARTESIAN_POINT('',(0.,0.,0.));
#8507=CARTESIAN_POINT('',(0.0736218553812768,0.110758920525427,0.0142000507520001));
#8508=CARTESIAN_POINT('',(0.0736218553812768,0.110758920525427,0.00920005075200012));
#8509=CARTESIAN_POINT('',(0.0727853157649834,0.110103262037016,0.0142000507520001));
#8510=CARTESIAN_POINT('',(0.0727853157649834,0.110103262037016,0.00920005075200012));
#8511=CARTESIAN_POINT('',(0.0716542816406209,0.109581040868586,0.0142000507520001));
#8512=CARTESIAN_POINT('',(0.0716542816406209,0.109581040868586,0.0092000507520001));
#8513=CARTESIAN_POINT('',(0.0696188694571584,0.109219151943799,0.0142000507520001));
#8514=CARTESIAN_POINT('',(0.0696188694571584,0.109219151943799,0.0092000507520001));
#8515=CARTESIAN_POINT('',(0.0736218553812768,0.110758920525427,0.00920005075200012));
#8516=CARTESIAN_POINT('',(0.0727853157649834,0.110103262037016,0.00920005075200012));
#8517=CARTESIAN_POINT('',(0.0716542816406209,0.109581040868586,0.00920005075200011));
#8518=CARTESIAN_POINT('',(0.0696188694571584,0.109219151943799,0.00920005075200011));
#8519=CARTESIAN_POINT('',(0.0736218553822858,0.110758920526218,0.00920005075200012));
#8520=CARTESIAN_POINT('',(0.0696188694571584,0.109219151943799,0.00920005075200011));
#8521=CARTESIAN_POINT('',(0.0736218553822858,0.110758920526218,0.0142000507520001));
#8522=CARTESIAN_POINT('',(0.0736218553822858,0.110758920526218,0.0142000507520001));
#8523=CARTESIAN_POINT('',(0.0736218553812768,0.110758920525427,0.0142000507520001));
#8524=CARTESIAN_POINT('',(0.0727853157649834,0.110103262037016,0.0142000507520001));
#8525=CARTESIAN_POINT('',(0.0716542816406209,0.109581040868586,0.0142000507520001));
#8526=CARTESIAN_POINT('',(0.0696188694571584,0.109219151943799,0.0142000507520001));
#8527=CARTESIAN_POINT('',(0.0696188694571584,0.109219151943799,0.0142000507520001));
#8528=CARTESIAN_POINT('',(0.0696188694571584,0.109219151943799,0.0142000507520001));
#8529=CARTESIAN_POINT('',(0.0680471670556898,0.110758920526218,0.0142000507520001));
#8530=CARTESIAN_POINT('',(0.0680471670556898,0.110758920526218,0.0092000507520001));
#8531=CARTESIAN_POINT('',(0.0624724787290889,0.110758920527264,0.00920005075200008));
#8532=CARTESIAN_POINT('',(0.0624724787290889,0.110758920527264,0.0142000507520001));
#8533=CARTESIAN_POINT('',(0.0624724787290889,0.110758920527264,0.0142000507520001));
#8534=CARTESIAN_POINT('',(0.0680471670556898,0.110758920526218,0.0142000507520001));
#8535=CARTESIAN_POINT('',(0.0646893919913244,0.0998189205128598,0.0142000507520001));
#8536=CARTESIAN_POINT('',(0.0646893919913244,0.0998189205128598,0.00920005075200009));
#8537=CARTESIAN_POINT('',(0.0650901969453131,0.100131141074817,0.0142000507520001));
#8538=CARTESIAN_POINT('',(0.0650901969453131,0.100131141074817,0.00920005075200009));
#8539=CARTESIAN_POINT('',(0.0657665485030894,0.100790323500884,0.0142000507520001));
#8540=CARTESIAN_POINT('',(0.0657665485030894,0.100790323500884,0.00920005075200009));
#8541=CARTESIAN_POINT('',(0.0660165255416253,0.101976985318465,0.0142000507520001));
#8542=CARTESIAN_POINT('',(0.0660165255416253,0.101976985318465,0.00920005075200009));
#8543=CARTESIAN_POINT('',(0.065514893801649,0.10336032158127,0.0142000507520001));
#8544=CARTESIAN_POINT('',(0.065514893801649,0.10336032158127,0.00920005075200008));
#8545=CARTESIAN_POINT('',(0.0642935215271096,0.105363200459824,0.0142000507520001));
#8546=CARTESIAN_POINT('',(0.0642935215271096,0.105363200459824,0.00920005075200008));
#8547=CARTESIAN_POINT('',(0.0627844341899002,0.107479828973701,0.0142000507520001));
#8548=CARTESIAN_POINT('',(0.0627844341899002,0.107479828973701,0.00920005075200007));
#8549=CARTESIAN_POINT('',(0.0621093824977327,0.109451829291197,0.0142000507520001));
#8550=CARTESIAN_POINT('',(0.0621093824977327,0.109451829291197,0.00920005075200008));
#8551=CARTESIAN_POINT('',(0.0622573088983774,0.110343003379432,0.0142000507520001));
#8552=CARTESIAN_POINT('',(0.0622573088983774,0.110343003379432,0.00920005075200007));
#8553=CARTESIAN_POINT('',(0.0624724787290889,0.110758920527264,0.0142000507520001));
#8554=CARTESIAN_POINT('',(0.0624724787290889,0.110758920527264,0.00920005075200007));
#8555=CARTESIAN_POINT('',(0.0646893919913244,0.0998189205128598,0.00920005075200009));
#8556=CARTESIAN_POINT('',(0.0652777144435499,0.100277214166213,0.00920005075200009));
#8557=CARTESIAN_POINT('',(0.0675674441266582,0.102844854199177,0.0092000507520001));
#8558=CARTESIAN_POINT('',(0.0613299420388381,0.107786846615752,0.00920005075200008));
#8559=CARTESIAN_POINT('',(0.0623797833994872,0.110579743098078,0.00920005075200008));
#8560=CARTESIAN_POINT('',(0.0624724787290889,0.110758920527264,0.00920005075200008));
#8561=CARTESIAN_POINT('',(0.0646893919913244,0.0998189205128598,0.00920005075200009));
#8562=CARTESIAN_POINT('',(0.0646893919913244,0.0998189205128598,0.0142000507520001));
#8563=CARTESIAN_POINT('',(0.0646893919913244,0.0998189205128598,0.0142000507520001));
#8564=CARTESIAN_POINT('',(0.0646893919913244,0.0998189205128598,0.0142000507520001));
#8565=CARTESIAN_POINT('',(0.0652777144435499,0.100277214166213,0.0142000507520001));
#8566=CARTESIAN_POINT('',(0.0675674441266582,0.102844854199177,0.0142000507520001));
#8567=CARTESIAN_POINT('',(0.0613299420388381,0.107786846615752,0.0142000507520001));
#8568=CARTESIAN_POINT('',(0.0623797833994872,0.110579743098078,0.0142000507520001));
#8569=CARTESIAN_POINT('',(0.0624724787290889,0.110758920527264,0.0142000507520001));
#8570=CARTESIAN_POINT('',(0.067241007882004,0.0998189205262208,0.0142000507520001));
#8571=CARTESIAN_POINT('',(0.067241007882004,0.0998189205262208,0.0092000507520001));
#8572=CARTESIAN_POINT('',(0.0697926237573,0.0998189205262208,0.00920005075200011));
#8573=CARTESIAN_POINT('',(0.0697926237573,0.0998189205262208,0.0142000507520001));
#8574=CARTESIAN_POINT('',(0.0697926237573,0.0998189205262208,0.0142000507520001));
#8575=CARTESIAN_POINT('',(0.067241007882004,0.0998189205262208,0.0142000507520001));
#8576=CARTESIAN_POINT('',(0.0696188694571584,0.109219151943799,0.0142000507520001));
#8577=CARTESIAN_POINT('',(0.0696188694571584,0.109219151943799,0.00920005075200011));
#8578=CARTESIAN_POINT('',(0.0696707245377742,0.108588479525452,0.0142000507520001));
#8579=CARTESIAN_POINT('',(0.0696707245377742,0.108588479525452,0.00920005075200011));
#8580=CARTESIAN_POINT('',(0.070011183581753,0.107201144872391,0.0142000507520001));
#8581=CARTESIAN_POINT('',(0.070011183581753,0.107201144872391,0.00920005075200011));
#8582=CARTESIAN_POINT('',(0.0703972230723435,0.104725519426829,0.0142000507520001));
#8583=CARTESIAN_POINT('',(0.0703972230723436,0.104725519426829,0.00920005075200011));
#8584=CARTESIAN_POINT('',(0.0703901239261483,0.102176337233678,0.0142000507520001));
#8585=CARTESIAN_POINT('',(0.0703901239261483,0.102176337233678,0.00920005075200011));
#8586=CARTESIAN_POINT('',(0.0700643811156447,0.100611471293436,0.0142000507520001));
#8587=CARTESIAN_POINT('',(0.0700643811156447,0.100611471293436,0.00920005075200011));
#8588=CARTESIAN_POINT('',(0.0697926237605604,0.0998189205357286,0.0142000507520001));
#8589=CARTESIAN_POINT('',(0.0697926237605604,0.0998189205357286,0.00920005075200011));
#8590=CARTESIAN_POINT('',(0.0696188694571584,0.109219151943799,0.00920005075200011));
#8591=CARTESIAN_POINT('',(0.0696851946681601,0.108412490750276,0.00920005075200011));
#8592=CARTESIAN_POINT('',(0.0702282104711402,0.106445828972483,0.00920005075200011));
#8593=CARTESIAN_POINT('',(0.0705046448712074,0.102945518779235,0.00920005075200011));
#8594=CARTESIAN_POINT('',(0.0701321749250235,0.100809184562224,0.00920005075200011));
#8595=CARTESIAN_POINT('',(0.0697926237605604,0.0998189205357286,0.00920005075200011));
#8596=CARTESIAN_POINT('',(0.0696188694571584,0.109219151943799,0.0142000507520001));
#8597=CARTESIAN_POINT('',(0.0696851946681601,0.108412490750276,0.0142000507520001));
#8598=CARTESIAN_POINT('',(0.0702282104711401,0.106445828972483,0.0142000507520001));
#8599=CARTESIAN_POINT('',(0.0705046448712074,0.102945518779235,0.0142000507520001));
#8600=CARTESIAN_POINT('',(0.0701321749250235,0.100809184562224,0.0142000507520001));
#8601=CARTESIAN_POINT('',(0.0697926237605604,0.0998189205357286,0.0142000507520001));
#8602=CARTESIAN_POINT('',(0.051191918354837,0.106515864840706,0.014200050752));
#8603=CARTESIAN_POINT('',(0.051191918354837,0.106515864840706,0.00920005075200004));
#8604=CARTESIAN_POINT('',(0.,0.,0.));
#8605=CARTESIAN_POINT('',(0.0369292198873508,0.091208178816357,0.00159805080010195));
#8606=CARTESIAN_POINT('',(0.0343582117513384,0.0912081788222024,0.00159805080010194));
#8607=CARTESIAN_POINT('',(0.0343582117513384,0.0912081788222024,0.001600050800102));
#8608=CARTESIAN_POINT('',(0.0343582117513384,0.0912081788222024,0.00820005075199999));
#8609=CARTESIAN_POINT('',(0.0369292198873508,0.091208178816357,0.001600050800102));
#8610=CARTESIAN_POINT('',(0.0395002280256858,0.091208178797196,0.00160005080010197));
#8611=CARTESIAN_POINT('',(0.0395002280256858,0.091208178797196,0.00159805080010196));
#8612=CARTESIAN_POINT('',(0.0395002280256858,0.091208178797196,0.008200050752));
#8613=CARTESIAN_POINT('',(0.0369292198873507,0.091208178816357,0.00820005075199999));
#8614=CARTESIAN_POINT('',(0.0511902438947076,0.106522326585253,0.00820005075200004));
#8615=CARTESIAN_POINT('',(0.0340737769101076,0.0969957327908592,0.00820005075199998));
#8616=CARTESIAN_POINT('',(0.0343898279251417,0.0965760246111119,0.00820005075199998));
#8617=CARTESIAN_POINT('',(0.0354559837379164,0.0953924932388907,0.00820005075199999));
#8618=CARTESIAN_POINT('',(0.0371824555415415,0.0944148855443109,0.00820005075199999));
#8619=CARTESIAN_POINT('',(0.0364977423293124,0.094466648169074,0.00820005075199999));
#8620=CARTESIAN_POINT('',(0.035107941020615,0.0929187378043031,0.00820005075199999));
#8621=CARTESIAN_POINT('',(0.0344337631405049,0.0913971435921517,0.00820005075199999));
#8622=CARTESIAN_POINT('',(0.0343582117513384,0.0912081788222024,0.00820005075199999));
#8623=CARTESIAN_POINT('',(0.0340737769101076,0.0969957327908592,0.00820005075199998));
#8624=CARTESIAN_POINT('',(0.0420304125851319,0.0969957327745233,0.00820005075200001));
#8625=CARTESIAN_POINT('',(0.0424824665331952,0.0952405170029366,0.00820005075200001));
#8626=CARTESIAN_POINT('',(0.0406546040462156,0.0932664509336138,0.008200050752));
#8627=CARTESIAN_POINT('',(0.0395002280256858,0.091208178797196,0.008200050752));
#8628=CARTESIAN_POINT('',(0.0420304125851319,0.0969957327745233,0.00820005075200001));
#8629=CARTESIAN_POINT('',(0.0380520947473818,0.096995732791466,0.008200050752));
#8630=CARTESIAN_POINT('',(0.0340737769101076,0.0969957327908592,0.001600050800102));
#8631=CARTESIAN_POINT('',(0.0340737769101076,0.0969957327908592,0.00820005075199998));
#8632=CARTESIAN_POINT('',(0.0343269368505883,0.0966595424521171,0.001600050800102));
#8633=CARTESIAN_POINT('',(0.0343269368505883,0.0966595424521171,0.00820005075199998));
#8634=CARTESIAN_POINT('',(0.0348780948364617,0.0960199730920802,0.001600050800102));
#8635=CARTESIAN_POINT('',(0.0348780948364617,0.0960199730920802,0.00820005075199998));
#8636=CARTESIAN_POINT('',(0.0358972029352403,0.0952021310945984,0.00160005080010201));
#8637=CARTESIAN_POINT('',(0.0358972029352402,0.0952021310945984,0.00820005075199999));
#8638=CARTESIAN_POINT('',(0.0366238890580109,0.0947178653279412,0.00160005080010201));
#8639=CARTESIAN_POINT('',(0.0366238890580109,0.0947178653279412,0.00820005075199999));
#8640=CARTESIAN_POINT('',(0.0369118427748689,0.0944951237859866,0.00160005080010201));
#8641=CARTESIAN_POINT('',(0.0369118427748689,0.0944951237859866,0.00820005075199999));
#8642=CARTESIAN_POINT('',(0.0369162809253255,0.0944393007477959,0.00160005080010201));
#8643=CARTESIAN_POINT('',(0.0369162809253254,0.0944393007477959,0.00820005075199999));
#8644=CARTESIAN_POINT('',(0.0367303185162421,0.0944171035448408,0.00160005080010201));
#8645=CARTESIAN_POINT('',(0.0367303185162421,0.0944171035448408,0.00820005075199999));
#8646=CARTESIAN_POINT('',(0.0363715507574335,0.0941894964761806,0.00160005080010201));
#8647=CARTESIAN_POINT('',(0.0363715507574335,0.0941894964761806,0.00820005075199999));
#8648=CARTESIAN_POINT('',(0.0357663387516277,0.0935885765516489,0.00160005080010201));
#8649=CARTESIAN_POINT('',(0.0357663387516277,0.0935885765516489,0.00820005075199999));
#8650=CARTESIAN_POINT('',(0.0349747143384806,0.0925075590353992,0.001600050800102));
#8651=CARTESIAN_POINT('',(0.0349747143384806,0.0925075590353992,0.00820005075199998));
#8652=CARTESIAN_POINT('',(0.0345346229280108,0.0916494082659507,0.001600050800102));
#8653=CARTESIAN_POINT('',(0.0345346229280107,0.0916494082659507,0.00820005075199998));
#8654=CARTESIAN_POINT('',(0.0343582117513384,0.0912081788222024,0.001600050800102));
#8655=CARTESIAN_POINT('',(0.0343582117513383,0.0912081788222024,0.00820005075199998));
#8656=CARTESIAN_POINT('',(0.0340737769101076,0.0969957327908592,0.00159805080010194));
#8657=CARTESIAN_POINT('',(0.0340737769101076,0.0969957327908592,0.001600050800102));
#8658=CARTESIAN_POINT('',(0.0340737769101076,0.0969957327908592,0.00160005080010194));
#8659=CARTESIAN_POINT('',(0.0343898279251417,0.0965760246111119,0.00160005080010194));
#8660=CARTESIAN_POINT('',(0.0354559837379164,0.0953924932388907,0.00160005080010194));
#8661=CARTESIAN_POINT('',(0.0371824555415415,0.0944148855443109,0.00160005080010195));
#8662=CARTESIAN_POINT('',(0.0364977423293125,0.094466648169074,0.00160005080010195));
#8663=CARTESIAN_POINT('',(0.035107941020615,0.0929187378043031,0.00160005080010194));
#8664=CARTESIAN_POINT('',(0.0344337631405049,0.0913971435921517,0.00160005080010194));
#8665=CARTESIAN_POINT('',(0.0343582117513384,0.0912081788222024,0.00160005080010194));
#8666=CARTESIAN_POINT('',(0.042030412585132,0.0969957327745233,0.001600050800102));
#8667=CARTESIAN_POINT('',(0.0420304125851319,0.0969957327745233,0.00820005075200001));
#8668=CARTESIAN_POINT('',(0.0424824665331953,0.0952405170029366,0.001600050800102));
#8669=CARTESIAN_POINT('',(0.0424824665331952,0.0952405170029366,0.00820005075200001));
#8670=CARTESIAN_POINT('',(0.0406546040462156,0.0932664509336138,0.00160005080010199));
#8671=CARTESIAN_POINT('',(0.0406546040462156,0.0932664509336138,0.008200050752));
#8672=CARTESIAN_POINT('',(0.0395002280256858,0.091208178797196,0.00160005080010199));
#8673=CARTESIAN_POINT('',(0.0395002280256858,0.091208178797196,0.008200050752));
#8674=CARTESIAN_POINT('',(0.042030412585132,0.0969957327745233,0.00160005080010197));
#8675=CARTESIAN_POINT('',(0.0424824665331953,0.0952405170029366,0.00160005080010197));
#8676=CARTESIAN_POINT('',(0.0406546040462156,0.0932664509336138,0.00160005080010197));
#8677=CARTESIAN_POINT('',(0.0395002280256858,0.091208178797196,0.00160005080010196));
#8678=CARTESIAN_POINT('',(0.042030412585132,0.0969957327745233,0.001600050800102));
#8679=CARTESIAN_POINT('',(0.042030412585132,0.0969957327745233,0.00159805080010197));
#8680=CARTESIAN_POINT('',(0.0380520947473818,0.096995732791466,0.00159805080010195));
#8681=CARTESIAN_POINT('',(0.0380520947473818,0.096995732791466,0.001600050800102));
#8682=CARTESIAN_POINT('',(0.051145925756742,0.10051685155575,0.001600050800102));
#8683=CARTESIAN_POINT('',(0.,0.,0.));
#8684=CARTESIAN_POINT('',(0.0697926237605604,0.0998189205357286,0.0142000507520001));
#8685=CARTESIAN_POINT('',(0.0697926237605604,0.0998189205357286,0.00920005075200011));
#8686=CARTESIAN_POINT('',(0.0696267677935477,0.0993352196537948,0.0142000507520001));
#8687=CARTESIAN_POINT('',(0.0696267677935477,0.0993352196537948,0.00920005075200011));
#8688=CARTESIAN_POINT('',(0.069212809093559,0.0983543970952034,0.0142000507520001));
#8689=CARTESIAN_POINT('',(0.069212809093559,0.0983543970952034,0.00920005075200012));
#8690=CARTESIAN_POINT('',(0.0683343057524533,0.096931299710735,0.0142000507520001));
#8691=CARTESIAN_POINT('',(0.0683343057524534,0.096931299710735,0.00920005075200011));
#8692=CARTESIAN_POINT('',(0.0673706085479866,0.0958892857509159,0.0142000507520001));
#8693=CARTESIAN_POINT('',(0.0673706085479866,0.0958892857509159,0.00920005075200012));
#8694=CARTESIAN_POINT('',(0.0664770374890939,0.0952019535765219,0.0142000507520001));
#8695=CARTESIAN_POINT('',(0.0664770374890939,0.0952019535765219,0.00920005075200011));
#8696=CARTESIAN_POINT('',(0.0658877062529233,0.0947943996165354,0.0142000507520001));
#8697=CARTESIAN_POINT('',(0.0658877062529233,0.0947943996165354,0.00920005075200012));
#8698=CARTESIAN_POINT('',(0.0654915327466306,0.0945130268823177,0.0142000507520001));
#8699=CARTESIAN_POINT('',(0.0654915327466306,0.0945130268823177,0.00920005075200011));
#8700=CARTESIAN_POINT('',(0.0654466702646208,0.0944303943892451,0.0142000507520001));
#8701=CARTESIAN_POINT('',(0.0654466702646208,0.0944303943892451,0.00920005075200012));
#8702=CARTESIAN_POINT('',(0.0657343286391515,0.0943899987930406,0.0142000507520001));
#8703=CARTESIAN_POINT('',(0.0657343286391515,0.0943899987930406,0.00920005075200011));
#8704=CARTESIAN_POINT('',(0.0661382860693739,0.0940613009310247,0.0142000507520001));
#8705=CARTESIAN_POINT('',(0.0661382860693739,0.0940613009310247,0.00920005075200011));
#8706=CARTESIAN_POINT('',(0.0666293466128888,0.0935424513052452,0.0142000507520001));
#8707=CARTESIAN_POINT('',(0.0666293466128889,0.0935424513052452,0.00920005075200011));
#8708=CARTESIAN_POINT('',(0.0673204237942342,0.0926357708378477,0.0142000507520001));
#8709=CARTESIAN_POINT('',(0.0673204237942342,0.0926357708378477,0.00920005075200012));
#8710=CARTESIAN_POINT('',(0.0677912622194059,0.0917878916210374,0.0142000507520001));
#8711=CARTESIAN_POINT('',(0.0677912622194059,0.0917878916210374,0.00920005075200011));
#8712=CARTESIAN_POINT('',(0.0680256249583357,0.0912017170776562,0.0142000507520001));
#8713=CARTESIAN_POINT('',(0.0680256249583357,0.0912017170776562,0.00920005075200011));
#8714=CARTESIAN_POINT('',(0.0697926237605604,0.0998189205357286,0.00920005075200011));
#8715=CARTESIAN_POINT('',(0.0697389780248875,0.0996624685845306,0.00920005075200011));
#8716=CARTESIAN_POINT('',(0.069217080470214,0.0982489904687398,0.00920005075200011));
#8717=CARTESIAN_POINT('',(0.0677702724335428,0.095863048116438,0.0092000507520001));
#8718=CARTESIAN_POINT('',(0.0652013811681326,0.0944084237997647,0.00920005075200009));
#8719=CARTESIAN_POINT('',(0.0658860943803616,0.0944601864245277,0.0092000507520001));
#8720=CARTESIAN_POINT('',(0.067275895689059,0.0929122760597569,0.0092000507520001));
#8721=CARTESIAN_POINT('',(0.0679500735691691,0.0913906818476054,0.0092000507520001));
#8722=CARTESIAN_POINT('',(0.0680256249583357,0.0912017170776562,0.0092000507520001));
#8723=CARTESIAN_POINT('',(0.0697926237573,0.0998189205262208,0.00920005075200011));
#8724=CARTESIAN_POINT('',(0.0680256249606728,0.0912017170718108,0.0092000507520001));
#8725=CARTESIAN_POINT('',(0.0697926237573,0.0998189205262208,0.0142000507520001));
#8726=CARTESIAN_POINT('',(0.0697926237573,0.0998189205262208,0.0142000507520001));
#8727=CARTESIAN_POINT('',(0.0697926237605604,0.0998189205357286,0.0142000507520001));
#8728=CARTESIAN_POINT('',(0.0697389780248875,0.0996624685845306,0.0142000507520001));
#8729=CARTESIAN_POINT('',(0.0692170804702139,0.0982489904687398,0.0142000507520001));
#8730=CARTESIAN_POINT('',(0.0677702724335428,0.095863048116438,0.0142000507520001));
#8731=CARTESIAN_POINT('',(0.0652013811681326,0.0944084237997647,0.0142000507520001));
#8732=CARTESIAN_POINT('',(0.0658860943803616,0.0944601864245277,0.0142000507520001));
#8733=CARTESIAN_POINT('',(0.067275895689059,0.0929122760597569,0.0142000507520001));
#8734=CARTESIAN_POINT('',(0.0679500735691691,0.0913906818476054,0.0142000507520001));
#8735=CARTESIAN_POINT('',(0.0680256249583357,0.0912017170776562,0.0142000507520001));
#8736=CARTESIAN_POINT('',(0.0680256249606728,0.0912017170718108,0.0142000507520001));
#8737=CARTESIAN_POINT('',(0.0680256249606728,0.0912017170718108,0.0142000507520001));
#8738=CARTESIAN_POINT('',(0.067241007882004,0.0998189205262208,0.0142000507520001));
#8739=CARTESIAN_POINT('',(0.067241007882004,0.0998189205262208,0.0092000507520001));
#8740=CARTESIAN_POINT('',(0.0646893919913244,0.0998189205128598,0.00920005075200009));
#8741=CARTESIAN_POINT('',(0.0646893919913244,0.0998189205128598,0.0142000507520001));
#8742=CARTESIAN_POINT('',(0.0646893919913244,0.0998189205128598,0.0142000507520001));
#8743=CARTESIAN_POINT('',(0.067241007882004,0.0998189205262208,0.0142000507520001));
#8744=CARTESIAN_POINT('',(0.0625712073875134,0.0912017170705562,0.0142000507520001));
#8745=CARTESIAN_POINT('',(0.0625712073875134,0.0912017170705562,0.00920005075200008));
#8746=CARTESIAN_POINT('',(0.0619029306711298,0.0920881600267889,0.0142000507520001));
#8747=CARTESIAN_POINT('',(0.0619029306711298,0.0920881600267889,0.00920005075200008));
#8748=CARTESIAN_POINT('',(0.060739165655832,0.0934723425875138,0.0142000507520001));
#8749=CARTESIAN_POINT('',(0.060739165655832,0.0934723425875138,0.00920005075200007));
#8750=CARTESIAN_POINT('',(0.0598905130893879,0.0951753203538106,0.0142000507520001));
#8751=CARTESIAN_POINT('',(0.0598905130893879,0.0951753203538106,0.00920005075200008));
#8752=CARTESIAN_POINT('',(0.0598934816617227,0.0966893596387156,0.0142000507520001));
#8753=CARTESIAN_POINT('',(0.0598934816617227,0.0966893596387156,0.00920005075200007));
#8754=CARTESIAN_POINT('',(0.0618560987954133,0.0981383437289415,0.0142000507520001));
#8755=CARTESIAN_POINT('',(0.0618560987954133,0.0981383437289415,0.00920005075200009));
#8756=CARTESIAN_POINT('',(0.0639114761326829,0.0992129366692894,0.0142000507520001));
#8757=CARTESIAN_POINT('',(0.0639114761326829,0.0992129366692894,0.0092000507520001));
#8758=CARTESIAN_POINT('',(0.0646893919913244,0.0998189205128598,0.0142000507520001));
#8759=CARTESIAN_POINT('',(0.0646893919913244,0.0998189205128598,0.0092000507520001));
#8760=CARTESIAN_POINT('',(0.0625712073875135,0.0912017170705562,0.00920005075200008));
#8761=CARTESIAN_POINT('',(0.0613074256087957,0.0928780742269478,0.00920005075200008));
#8762=CARTESIAN_POINT('',(0.0578091469515224,0.0967015781092138,0.00920005075200007));
#8763=CARTESIAN_POINT('',(0.0630488495212097,0.0985409645224567,0.00920005075200009));
#8764=CARTESIAN_POINT('',(0.0646893919913244,0.0998189205128598,0.00920005075200009));
#8765=CARTESIAN_POINT('',(0.0625712073875135,0.0912017170705562,0.00920005075200008));
#8766=CARTESIAN_POINT('',(0.0625712073875134,0.0912017170705562,0.0142000507520001));
#8767=CARTESIAN_POINT('',(0.0625712073875134,0.0912017170705562,0.0142000507520001));
#8768=CARTESIAN_POINT('',(0.0625712073875134,0.0912017170705562,0.0142000507520001));
#8769=CARTESIAN_POINT('',(0.0613074256087957,0.0928780742269478,0.0142000507520001));
#8770=CARTESIAN_POINT('',(0.0578091469515224,0.0967015781092138,0.0142000507520001));
#8771=CARTESIAN_POINT('',(0.0630488495212097,0.0985409645224567,0.0142000507520001));
#8772=CARTESIAN_POINT('',(0.0646893919913244,0.0998189205128598,0.0142000507520001));
#8773=CARTESIAN_POINT('',(0.0652984161740727,0.0912017170718108,0.0142000507520001));
#8774=CARTESIAN_POINT('',(0.0652984161740727,0.0912017170718108,0.00920005075200009));
#8775=CARTESIAN_POINT('',(0.0652984161740727,0.0912017170718108,0.0142000507520001));
#8776=CARTESIAN_POINT('',(0.051191918354837,0.106515864840706,0.014200050752));
#8777=CARTESIAN_POINT('',(0.051191918354837,0.106515864840706,0.00920005075200004));
#8778=CARTESIAN_POINT('',(0.,0.,0.));
#8779=CARTESIAN_POINT('',(0.04188664421933,0.121721166206687,0.00160005080010197));
#8780=CARTESIAN_POINT('',(0.04188664421933,0.121721166206687,0.00820005075200001));
#8781=CARTESIAN_POINT('',(0.0415841899967292,0.122133384019561,0.00160005080010197));
#8782=CARTESIAN_POINT('',(0.0415841899967291,0.122133384019561,0.00820005075200001));
#8783=CARTESIAN_POINT('',(0.0409401468419372,0.122883736344255,0.00160005080010197));
#8784=CARTESIAN_POINT('',(0.0409401468419372,0.122883736344255,0.008200050752));
#8785=CARTESIAN_POINT('',(0.0397604472364934,0.12380504619337,0.00160005080010197));
#8786=CARTESIAN_POINT('',(0.0397604472364934,0.12380504619337,0.008200050752));
#8787=CARTESIAN_POINT('',(0.0384246106547983,0.124525103121965,0.00160005080010196));
#8788=CARTESIAN_POINT('',(0.0384246106547982,0.124525103121965,0.008200050752));
#8789=CARTESIAN_POINT('',(0.0371752493182661,0.125032749459015,0.00160005080010196));
#8790=CARTESIAN_POINT('',(0.0371752493182661,0.125032749459015,0.00820005075199999));
#8791=CARTESIAN_POINT('',(0.0355190951000049,0.1253009611688,0.00160005080010196));
#8792=CARTESIAN_POINT('',(0.0355190951000049,0.1253009611688,0.00820005075199999));
#8793=CARTESIAN_POINT('',(0.0335149465145462,0.125302957791718,0.00160005080010195));
#8794=CARTESIAN_POINT('',(0.0335149465145462,0.125302957791718,0.00820005075199998));
#8795=CARTESIAN_POINT('',(0.0318611049883913,0.125023108186696,0.00160005080010194));
#8796=CARTESIAN_POINT('',(0.0318611049883913,0.125023108186696,0.00820005075199997));
#8797=CARTESIAN_POINT('',(0.0305089535318731,0.124400400085162,0.00160005080010194));
#8798=CARTESIAN_POINT('',(0.0305089535318731,0.124400400085162,0.00820005075199997));
#8799=CARTESIAN_POINT('',(0.0291681337891961,0.123368766090081,0.00160005080010193));
#8800=CARTESIAN_POINT('',(0.0291681337891961,0.123368766090081,0.00820005075199997));
#8801=CARTESIAN_POINT('',(0.0280366305732623,0.122029779045208,0.00160005080010193));
#8802=CARTESIAN_POINT('',(0.0280366305732623,0.122029779045208,0.00820005075199996));
#8803=CARTESIAN_POINT('',(0.0271868112786972,0.120501291220183,0.00160005080010193));
#8804=CARTESIAN_POINT('',(0.0271868112786971,0.120501291220183,0.00820005075199996));
#8805=CARTESIAN_POINT('',(0.0265447962994228,0.119042531807791,0.00160005080010192));
#8806=CARTESIAN_POINT('',(0.0265447962994228,0.119042531807791,0.00820005075199996));
#8807=CARTESIAN_POINT('',(0.0261481063223297,0.117504577384052,0.00160005080010192));
#8808=CARTESIAN_POINT('',(0.0261481063223297,0.117504577384052,0.00820005075199995));
#8809=CARTESIAN_POINT('',(0.0260672725959583,0.115580655726459,0.00160005080010192));
#8810=CARTESIAN_POINT('',(0.0260672725959583,0.115580655726459,0.00820005075199996));
#8811=CARTESIAN_POINT('',(0.0264327535687893,0.113690636828356,0.00160005080010192));
#8812=CARTESIAN_POINT('',(0.0264327535687893,0.113690636828356,0.00820005075199996));
#8813=CARTESIAN_POINT('',(0.0270288298637872,0.11266504642813,0.00160005080010193));
#8814=CARTESIAN_POINT('',(0.0270288298637872,0.11266504642813,0.00820005075199996));
#8815=CARTESIAN_POINT('',(0.0273799594122817,0.112195732785148,0.00160005080010193));
#8816=CARTESIAN_POINT('',(0.0273799594122816,0.112195732785148,0.00820005075199996));
#8817=CARTESIAN_POINT('',(0.04188664421933,0.121721166206687,0.00159805080010197));
#8818=CARTESIAN_POINT('',(0.04188664421933,0.121721166206687,0.00160005080010198));
#8819=CARTESIAN_POINT('',(0.04188664421933,0.121721166206687,0.00820005075200001));
#8820=CARTESIAN_POINT('',(0.04188664421933,0.121721166206687,0.00160005080010197));
#8821=CARTESIAN_POINT('',(0.0414320861844532,0.122340687790317,0.00160005080010197));
#8822=CARTESIAN_POINT('',(0.04042786154519,0.123412155278437,0.00160005080010196));
#8823=CARTESIAN_POINT('',(0.0384206724610986,0.124565966574888,0.00160005080010195));
#8824=CARTESIAN_POINT('',(0.0364066279207347,0.125300636289893,0.00160005080010195));
#8825=CARTESIAN_POINT('',(0.0329138450231463,0.125357873822538,0.00160005080010194));
#8826=CARTESIAN_POINT('',(0.0305621321158367,0.124554073721107,0.00160005080010193));
#8827=CARTESIAN_POINT('',(0.028343414047768,0.122650643742436,0.00160005080010192));
#8828=CARTESIAN_POINT('',(0.0269124929369524,0.120023999692342,0.00160005080010192));
#8829=CARTESIAN_POINT('',(0.026031443035662,0.11756416322335,0.00160005080010191));
#8830=CARTESIAN_POINT('',(0.0260961885264947,0.114333877271713,0.00160005080010192));
#8831=CARTESIAN_POINT('',(0.0269699471537867,0.112743748033442,0.00160005080010192));
#8832=CARTESIAN_POINT('',(0.0273799594122817,0.112195732785148,0.00160005080010192));
#8833=CARTESIAN_POINT('',(0.0273799594122817,0.112195732785148,0.001600050800102));
#8834=CARTESIAN_POINT('',(0.0273799594122817,0.112195732785148,0.00159805080010192));
#8835=CARTESIAN_POINT('',(0.0273799594122817,0.112195732785148,0.00820005075199996));
#8836=CARTESIAN_POINT('',(0.04188664421933,0.121721166206687,0.00820005075200001));
#8837=CARTESIAN_POINT('',(0.0414320861844532,0.122340687790317,0.00820005075200001));
#8838=CARTESIAN_POINT('',(0.0404278615451899,0.123412155278437,0.008200050752));
#8839=CARTESIAN_POINT('',(0.0384206724610986,0.124565966574888,0.008200050752));
#8840=CARTESIAN_POINT('',(0.0364066279207347,0.125300636289893,0.00820005075199999));
#8841=CARTESIAN_POINT('',(0.0329138450231463,0.125357873822538,0.00820005075199998));
#8842=CARTESIAN_POINT('',(0.0305621321158366,0.124554073721107,0.00820005075199997));
#8843=CARTESIAN_POINT('',(0.028343414047768,0.122650643742436,0.00820005075199996));
#8844=CARTESIAN_POINT('',(0.0269124929369524,0.120023999692342,0.00820005075199996));
#8845=CARTESIAN_POINT('',(0.026031443035662,0.11756416322335,0.00820005075199995));
#8846=CARTESIAN_POINT('',(0.0260961885264947,0.114333877271713,0.00820005075199996));
#8847=CARTESIAN_POINT('',(0.0269699471537866,0.112743748033442,0.00820005075199996));
#8848=CARTESIAN_POINT('',(0.0273799594122817,0.112195732785148,0.00820005075199996));
#8849=CARTESIAN_POINT('',(0.0323416866579339,0.112195732791466,0.00159805080010193));
#8850=CARTESIAN_POINT('',(0.0323416866579339,0.112195732791466,0.001600050800102));
#8851=CARTESIAN_POINT('',(0.0373034138974217,0.112195732805322,0.00160005080010195));
#8852=CARTESIAN_POINT('',(0.0373034138974217,0.112195732805322,0.00159805080010195));
#8853=CARTESIAN_POINT('',(0.0373034138974217,0.112195732805322,0.00820005075199999));
#8854=CARTESIAN_POINT('',(0.0323416866579339,0.112195732791466,0.00820005075199998));
#8855=CARTESIAN_POINT('',(0.0454571018708842,0.118938398211509,0.001600050800102));
#8856=CARTESIAN_POINT('',(0.0454571018708842,0.118938398211509,0.00820005075200002));
#8857=CARTESIAN_POINT('',(0.0449582345983005,0.118564449943738,0.001600050800102));
#8858=CARTESIAN_POINT('',(0.0449582345983005,0.118564449943738,0.00820005075200002));
#8859=CARTESIAN_POINT('',(0.0441293046986608,0.117685492670786,0.00160005080010199));
#8860=CARTESIAN_POINT('',(0.0441293046986608,0.117685492670786,0.00820005075200001));
#8861=CARTESIAN_POINT('',(0.0431280176117473,0.116558423951807,0.00160005080010199));
#8862=CARTESIAN_POINT('',(0.0431280176117472,0.116558423951807,0.00820005075200001));
#8863=CARTESIAN_POINT('',(0.0420708196895229,0.116321491507714,0.00160005080010199));
#8864=CARTESIAN_POINT('',(0.0420708196895229,0.116321491507714,0.00820005075200001));
#8865=CARTESIAN_POINT('',(0.0407461267797525,0.117301618061393,0.00160005080010198));
#8866=CARTESIAN_POINT('',(0.0407461267797525,0.117301618061393,0.008200050752));
#8867=CARTESIAN_POINT('',(0.0391814994489069,0.118745514315713,0.00160005080010198));
#8868=CARTESIAN_POINT('',(0.0391814994489069,0.118745514315713,0.008200050752));
#8869=CARTESIAN_POINT('',(0.0373766865972237,0.120076099229559,0.00160005080010197));
#8870=CARTESIAN_POINT('',(0.0373766865972237,0.120076099229559,0.00820005075199999));
#8871=CARTESIAN_POINT('',(0.0353127151877215,0.12060596191347,0.00160005080010197));
#8872=CARTESIAN_POINT('',(0.0353127151877214,0.12060596191347,0.00820005075199998));
#8873=CARTESIAN_POINT('',(0.0332574848714586,0.120371137831855,0.00160005080010196));
#8874=CARTESIAN_POINT('',(0.0332574848714586,0.120371137831855,0.00820005075199997));
#8875=CARTESIAN_POINT('',(0.031516229961211,0.119526182184488,0.00160005080010195));
#8876=CARTESIAN_POINT('',(0.031516229961211,0.119526182184488,0.00820005075199997));
#8877=CARTESIAN_POINT('',(0.0304129968626101,0.118160500154575,0.00160005080010195));
#8878=CARTESIAN_POINT('',(0.0304129968626101,0.118160500154575,0.00820005075199996));
#8879=CARTESIAN_POINT('',(0.030130687501838,0.116541329831003,0.00160005080010195));
#8880=CARTESIAN_POINT('',(0.030130687501838,0.116541329831003,0.00820005075199996));
#8881=CARTESIAN_POINT('',(0.0306843723997752,0.115089350875052,0.00160005080010195));
#8882=CARTESIAN_POINT('',(0.0306843723997751,0.115089350875052,0.00820005075199997));
#8883=CARTESIAN_POINT('',(0.0321692829730478,0.114254234681763,0.00160005080010195));
#8884=CARTESIAN_POINT('',(0.0321692829730477,0.114254234681763,0.00820005075199997));
#8885=CARTESIAN_POINT('',(0.034133468897882,0.11375703583741,0.00160005080010196));
#8886=CARTESIAN_POINT('',(0.034133468897882,0.11375703583741,0.00820005075199998));
#8887=CARTESIAN_POINT('',(0.0360724272816263,0.113231791047082,0.00160005080010197));
#8888=CARTESIAN_POINT('',(0.0360724272816263,0.113231791047082,0.00820005075199998));
#8889=CARTESIAN_POINT('',(0.0369831151957545,0.112602638910633,0.00160005080010197));
#8890=CARTESIAN_POINT('',(0.0369831151957544,0.112602638910633,0.00820005075199999));
#8891=CARTESIAN_POINT('',(0.0373034138974217,0.112195732805322,0.00160005080010197));
#8892=CARTESIAN_POINT('',(0.0373034138974217,0.112195732805322,0.00820005075199999));
#8893=CARTESIAN_POINT('',(0.0454571018708842,0.118938398211509,0.00160005080010198));
#8894=CARTESIAN_POINT('',(0.0454082634486375,0.118901789188621,0.00160005080010198));
#8895=CARTESIAN_POINT('',(0.044067156643292,0.117865258672455,0.00160005080010198));
#8896=CARTESIAN_POINT('',(0.0424124362276364,0.114548330341738,0.00160005080010197));
#8897=CARTESIAN_POINT('',(0.0375429444192382,0.121688549947297,0.00160005080010195));
#8898=CARTESIAN_POINT('',(0.0301087787752184,0.119780922405712,0.00160005080010193));
#8899=CARTESIAN_POINT('',(0.0299277981389225,0.113854029702597,0.00160005080010193));
#8900=CARTESIAN_POINT('',(0.0356669046619576,0.113822567316233,0.00160005080010194));
#8901=CARTESIAN_POINT('',(0.0371394691379724,0.112404007528905,0.00160005080010195));
#8902=CARTESIAN_POINT('',(0.0373034138974217,0.112195732805322,0.00160005080010195));
#8903=CARTESIAN_POINT('',(0.0454571018708842,0.118938398211509,0.001600050800102));
#8904=CARTESIAN_POINT('',(0.0454571018708842,0.118938398211509,0.00159805080010198));
#8905=CARTESIAN_POINT('',(0.0454571018708842,0.118938398211509,0.00820005075200002));
#8906=CARTESIAN_POINT('',(0.0454571018708842,0.118938398211509,0.00820005075200002));
#8907=CARTESIAN_POINT('',(0.0454082634486375,0.118901789188621,0.00820005075200002));
#8908=CARTESIAN_POINT('',(0.0440671566432919,0.117865258672455,0.00820005075200002));
#8909=CARTESIAN_POINT('',(0.0424124362276364,0.114548330341738,0.00820005075200001));
#8910=CARTESIAN_POINT('',(0.0375429444192381,0.121688549947297,0.008200050752));
#8911=CARTESIAN_POINT('',(0.0301087787752183,0.119780922405712,0.00820005075199997));
#8912=CARTESIAN_POINT('',(0.0299277981389225,0.113854029702597,0.00820005075199997));
#8913=CARTESIAN_POINT('',(0.0356669046619576,0.113822567316233,0.00820005075199999));
#8914=CARTESIAN_POINT('',(0.0371394691379724,0.112404007528905,0.00820005075199999));
#8915=CARTESIAN_POINT('',(0.0373034138974217,0.112195732805322,0.00820005075199999));
#8916=CARTESIAN_POINT('',(0.045457101854205,0.121291852422053,0.00159805080010198));
#8917=CARTESIAN_POINT('',(0.045457101854205,0.121291852422053,0.001600050800102));
#8918=CARTESIAN_POINT('',(0.0454571018542654,0.123645306630499,0.00160005080010198));
#8919=CARTESIAN_POINT('',(0.0454571018542654,0.123645306630499,0.00159805080010198));
#8920=CARTESIAN_POINT('',(0.0454571018542654,0.123645306630499,0.00820005075200002));
#8921=CARTESIAN_POINT('',(0.045457101854205,0.121291852422053,0.00820005075200002));
#8922=CARTESIAN_POINT('',(0.04188664421933,0.121721166206687,0.00160005080010198));
#8923=CARTESIAN_POINT('',(0.04188664421933,0.121721166206687,0.00820005075200001));
#8924=CARTESIAN_POINT('',(0.0421110658761183,0.121846761329299,0.00160005080010198));
#8925=CARTESIAN_POINT('',(0.0421110658761183,0.121846761329299,0.00820005075200001));
#8926=CARTESIAN_POINT('',(0.042549243693715,0.122177971158456,0.00160005080010198));
#8927=CARTESIAN_POINT('',(0.042549243693715,0.122177971158456,0.00820005075200001));
#8928=CARTESIAN_POINT('',(0.0431908949146931,0.122590023359909,0.00160005080010198));
#8929=CARTESIAN_POINT('',(0.0431908949146931,0.122590023359909,0.00820005075200001));
#8930=CARTESIAN_POINT('',(0.0441881295673127,0.123099424539989,0.00160005080010199));
#8931=CARTESIAN_POINT('',(0.0441881295673127,0.123099424539989,0.00820005075200002));
#8932=CARTESIAN_POINT('',(0.0450383944000076,0.123477301628703,0.00160005080010199));
#8933=CARTESIAN_POINT('',(0.0450383944000076,0.123477301628703,0.00820005075200002));
#8934=CARTESIAN_POINT('',(0.0454571018542654,0.123645306630499,0.00160005080010199));
#8935=CARTESIAN_POINT('',(0.0454571018542654,0.123645306630499,0.00820005075200002));
#8936=CARTESIAN_POINT('',(0.04188664421933,0.121721166206687,0.00160005080010197));
#8937=CARTESIAN_POINT('',(0.0421354921500082,0.121860431225993,0.00160005080010197));
#8938=CARTESIAN_POINT('',(0.0426379781651757,0.122249349014336,0.00160005080010197));
#8939=CARTESIAN_POINT('',(0.0435293362252709,0.122785912170859,0.00160005080010198));
#8940=CARTESIAN_POINT('',(0.0447562737935619,0.123364101654567,0.00160005080010198));
#8941=CARTESIAN_POINT('',(0.0454571018542654,0.123645306630499,0.00160005080010198));
#8942=CARTESIAN_POINT('',(0.04188664421933,0.121721166206687,0.00820005075200001));
#8943=CARTESIAN_POINT('',(0.0421354921500082,0.121860431225993,0.00820005075200001));
#8944=CARTESIAN_POINT('',(0.0426379781651757,0.122249349014336,0.00820005075200001));
#8945=CARTESIAN_POINT('',(0.0435293362252709,0.122785912170859,0.00820005075200002));
#8946=CARTESIAN_POINT('',(0.0447562737935618,0.123364101654567,0.00820005075200002));
#8947=CARTESIAN_POINT('',(0.0454571018542654,0.123645306630499,0.00820005075200002));
#8948=CARTESIAN_POINT('',(0.0511902438947076,0.106522326585253,0.00820005075200004));
#8949=CARTESIAN_POINT('',(0.051145925756742,0.10051685155575,0.001600050800102));
#8950=CARTESIAN_POINT('',(0.,0.,0.));
#8951=CARTESIAN_POINT('',(0.0680256249583357,0.0912017170776562,0.0142000507520001));
#8952=CARTESIAN_POINT('',(0.0680256249583357,0.0912017170776562,0.0092000507520001));
#8953=CARTESIAN_POINT('',(0.0684623367548845,0.0901094387611453,0.0142000507520001));
#8954=CARTESIAN_POINT('',(0.0684623367548845,0.0901094387611453,0.0092000507520001));
#8955=CARTESIAN_POINT('',(0.0687689509164163,0.0883425310242334,0.0142000507520001));
#8956=CARTESIAN_POINT('',(0.0687689509164163,0.0883425310242334,0.0092000507520001));
#8957=CARTESIAN_POINT('',(0.0684120012227635,0.0864866610851012,0.0142000507520001));
#8958=CARTESIAN_POINT('',(0.0684120012227635,0.0864866610851012,0.00920005075200011));
#8959=CARTESIAN_POINT('',(0.0679331113427551,0.0856476751950749,0.0142000507520001));
#8960=CARTESIAN_POINT('',(0.0679331113427551,0.0856476751950749,0.00920005075200011));
#8961=CARTESIAN_POINT('',(0.0675284769276992,0.0851798954068669,0.0142000507520001));
#8962=CARTESIAN_POINT('',(0.0675284769276992,0.0851798954068669,0.0092000507520001));
#8963=CARTESIAN_POINT('',(0.0672349000685794,0.08494395463292,0.0142000507520001));
#8964=CARTESIAN_POINT('',(0.0672349000685794,0.08494395463292,0.0092000507520001));
#8965=CARTESIAN_POINT('',(0.0670585764188332,0.0847492192344282,0.0142000507520001));
#8966=CARTESIAN_POINT('',(0.0670585764188332,0.0847492192344282,0.00920005075200011));
#8967=CARTESIAN_POINT('',(0.067183082095667,0.0844075417775617,0.0142000507520001));
#8968=CARTESIAN_POINT('',(0.067183082095667,0.0844075417775617,0.00920005075200011));
#8969=CARTESIAN_POINT('',(0.0679028624455109,0.0837781901705233,0.0142000507520001));
#8970=CARTESIAN_POINT('',(0.0679028624455109,0.0837781901705233,0.0092000507520001));
#8971=CARTESIAN_POINT('',(0.0687139651225994,0.0826610633798656,0.0142000507520001));
#8972=CARTESIAN_POINT('',(0.0687139651225994,0.0826610633798656,0.0092000507520001));
#8973=CARTESIAN_POINT('',(0.0691018523018824,0.0812828808753217,0.0142000507520001));
#8974=CARTESIAN_POINT('',(0.0691018523018825,0.0812828808753217,0.00920005075200011));
#8975=CARTESIAN_POINT('',(0.0692048020310379,0.0799032620428057,0.0142000507520001));
#8976=CARTESIAN_POINT('',(0.0692048020310379,0.0799032620428057,0.0092000507520001));
#8977=CARTESIAN_POINT('',(0.0690537929878888,0.0787380256323916,0.0142000507520001));
#8978=CARTESIAN_POINT('',(0.0690537929878888,0.0787380256323916,0.00920005075200011));
#8979=CARTESIAN_POINT('',(0.0687908769459452,0.0778686757246159,0.0142000507520001));
#8980=CARTESIAN_POINT('',(0.0687908769459452,0.0778686757246159,0.0092000507520001));
#8981=CARTESIAN_POINT('',(0.0685339333183829,0.077183602292249,0.0142000507520001));
#8982=CARTESIAN_POINT('',(0.0685339333183829,0.077183602292249,0.0092000507520001));
#8983=CARTESIAN_POINT('',(0.0683823391159807,0.0767635991640662,0.0142000507520001));
#8984=CARTESIAN_POINT('',(0.0683823391159807,0.0767635991640662,0.0092000507520001));
#8985=CARTESIAN_POINT('',(0.0683469740147652,0.076564225065944,0.0142000507520001));
#8986=CARTESIAN_POINT('',(0.0683469740147653,0.076564225065944,0.00920005075200011));
#8987=CARTESIAN_POINT('',(0.0685309726412999,0.0766275189037563,0.0142000507520001));
#8988=CARTESIAN_POINT('',(0.0685309726412999,0.0766275189037563,0.0092000507520001));
#8989=CARTESIAN_POINT('',(0.0690847454161178,0.0764880606813053,0.0142000507520001));
#8990=CARTESIAN_POINT('',(0.0690847454161178,0.0764880606813053,0.00920005075200011));
#8991=CARTESIAN_POINT('',(0.0697779937630495,0.0761954463631901,0.0142000507520001));
#8992=CARTESIAN_POINT('',(0.0697779937630495,0.0761954463631901,0.00920005075200011));
#8993=CARTESIAN_POINT('',(0.0700746006029122,0.0760017170618208,0.0142000507520001));
#8994=CARTESIAN_POINT('',(0.0700746006029122,0.0760017170618208,0.0092000507520001));
#8995=CARTESIAN_POINT('',(0.0680256249583357,0.0912017170776562,0.0092000507520001));
#8996=CARTESIAN_POINT('',(0.0685929817518231,0.0897826770422167,0.0092000507520001));
#8997=CARTESIAN_POINT('',(0.0688910247664968,0.0870285005039294,0.00920005075200011));
#8998=CARTESIAN_POINT('',(0.0676339433098872,0.085167630059405,0.0092000507520001));
#8999=CARTESIAN_POINT('',(0.0667427867260847,0.0846459081190994,0.0092000507520001));
#9000=CARTESIAN_POINT('',(0.0687546050025238,0.0832598602602359,0.0092000507520001));
#9001=CARTESIAN_POINT('',(0.0693803900140591,0.0799633654755373,0.00920005075200011));
#9002=CARTESIAN_POINT('',(0.068827656591225,0.0778671871857687,0.00920005075200011));
#9003=CARTESIAN_POINT('',(0.0682839562832369,0.07656768480274,0.0092000507520001));
#9004=CARTESIAN_POINT('',(0.0684800783819386,0.0766146496950615,0.0092000507520001));
#9005=CARTESIAN_POINT('',(0.0689825590292125,0.0765302963425603,0.00920005075200011));
#9006=CARTESIAN_POINT('',(0.0697440312609379,0.0762176290337243,0.00920005075200011));
#9007=CARTESIAN_POINT('',(0.0700746006029122,0.0760017170618208,0.00920005075200011));
#9008=CARTESIAN_POINT('',(0.0680256249606728,0.0912017170718108,0.0092000507520001));
#9009=CARTESIAN_POINT('',(0.070074600587617,0.0760017170718118,0.00920005075200011));
#9010=CARTESIAN_POINT('',(0.0680256249606728,0.0912017170718108,0.0142000507520001));
#9011=CARTESIAN_POINT('',(0.0680256249606728,0.0912017170718108,0.0142000507520001));
#9012=CARTESIAN_POINT('',(0.0680256249583357,0.0912017170776562,0.0142000507520001));
#9013=CARTESIAN_POINT('',(0.0685929817518231,0.0897826770422167,0.0142000507520001));
#9014=CARTESIAN_POINT('',(0.0688910247664968,0.0870285005039294,0.0142000507520001));
#9015=CARTESIAN_POINT('',(0.0676339433098872,0.085167630059405,0.0142000507520001));
#9016=CARTESIAN_POINT('',(0.0667427867260847,0.0846459081190994,0.0142000507520001));
#9017=CARTESIAN_POINT('',(0.0687546050025238,0.0832598602602359,0.0142000507520001));
#9018=CARTESIAN_POINT('',(0.0693803900140591,0.0799633654755373,0.0142000507520001));
#9019=CARTESIAN_POINT('',(0.0688276565912249,0.0778671871857687,0.0142000507520001));
#9020=CARTESIAN_POINT('',(0.0682839562832369,0.07656768480274,0.0142000507520001));
#9021=CARTESIAN_POINT('',(0.0684800783819386,0.0766146496950615,0.0142000507520001));
#9022=CARTESIAN_POINT('',(0.0689825590292125,0.0765302963425603,0.0142000507520001));
#9023=CARTESIAN_POINT('',(0.0697440312609378,0.0762176290337243,0.0142000507520001));
#9024=CARTESIAN_POINT('',(0.0700746006029122,0.0760017170618208,0.0142000507520001));
#9025=CARTESIAN_POINT('',(0.070074600587617,0.0760017170718118,0.0142000507520001));
#9026=CARTESIAN_POINT('',(0.070074600587617,0.0760017170718118,0.0142000507520001));
#9027=CARTESIAN_POINT('',(0.0652984161740727,0.0912017170718108,0.0142000507520001));
#9028=CARTESIAN_POINT('',(0.0652984161740727,0.0912017170718108,0.00920005075200009));
#9029=CARTESIAN_POINT('',(0.0625712073875135,0.0912017170705562,0.00920005075200008));
#9030=CARTESIAN_POINT('',(0.0625712073875134,0.0912017170705562,0.0142000507520001));
#9031=CARTESIAN_POINT('',(0.0625712073875134,0.0912017170705562,0.0142000507520001));
#9032=CARTESIAN_POINT('',(0.0652984161740727,0.0912017170718108,0.0142000507520001));
#9033=CARTESIAN_POINT('',(0.062938825405677,0.076001717071756,0.0142000507520001));
#9034=CARTESIAN_POINT('',(0.062938825405677,0.076001717071756,0.00920005075200008));
#9035=CARTESIAN_POINT('',(0.0637235993105998,0.0767332601459584,0.0142000507520001));
#9036=CARTESIAN_POINT('',(0.0637235993105998,0.0767332601459584,0.00920005075200009));
#9037=CARTESIAN_POINT('',(0.0647461561078267,0.0784573566893909,0.0142000507520001));
#9038=CARTESIAN_POINT('',(0.0647461561078267,0.0784573566893909,0.00920005075200009));
#9039=CARTESIAN_POINT('',(0.0649432120769211,0.0812128921998204,0.0142000507520001));
#9040=CARTESIAN_POINT('',(0.0649432120769212,0.0812128921998204,0.0092000507520001));
#9041=CARTESIAN_POINT('',(0.0640407954207987,0.0834590583956174,0.0142000507520001));
#9042=CARTESIAN_POINT('',(0.0640407954207987,0.0834590583956174,0.00920005075200009));
#9043=CARTESIAN_POINT('',(0.0627723087395228,0.0845377077590076,0.0142000507520001));
#9044=CARTESIAN_POINT('',(0.0627723087395229,0.0845377077590076,0.0092000507520001));
#9045=CARTESIAN_POINT('',(0.062226885488815,0.0852697544714256,0.0142000507520001));
#9046=CARTESIAN_POINT('',(0.0622268854888151,0.0852697544714256,0.00920005075200009));
#9047=CARTESIAN_POINT('',(0.0622823804945947,0.0860043083597794,0.0142000507520001));
#9048=CARTESIAN_POINT('',(0.0622823804945947,0.0860043083597794,0.00920005075200009));
#9049=CARTESIAN_POINT('',(0.0632328742473963,0.0868575119417414,0.0142000507520001));
#9050=CARTESIAN_POINT('',(0.0632328742473963,0.0868575119417414,0.0092000507520001));
#9051=CARTESIAN_POINT('',(0.063902656247676,0.0879335528177917,0.0142000507520001));
#9052=CARTESIAN_POINT('',(0.063902656247676,0.0879335528177917,0.0092000507520001));
#9053=CARTESIAN_POINT('',(0.063985928191682,0.0892051569714125,0.0142000507520001));
#9054=CARTESIAN_POINT('',(0.063985928191682,0.0892051569714125,0.0092000507520001));
#9055=CARTESIAN_POINT('',(0.0631866545823075,0.0903853504107829,0.0142000507520001));
#9056=CARTESIAN_POINT('',(0.0631866545823075,0.0903853504107829,0.0092000507520001));
#9057=CARTESIAN_POINT('',(0.0625712073875134,0.0912017170705562,0.0142000507520001));
#9058=CARTESIAN_POINT('',(0.0625712073875134,0.0912017170705562,0.00920005075200008));
#9059=CARTESIAN_POINT('',(0.062938825405677,0.076001717071756,0.00920005075200008));
#9060=CARTESIAN_POINT('',(0.0651433697741046,0.0780567282722799,0.00920005075200009));
#9061=CARTESIAN_POINT('',(0.0652350938688472,0.0833440298542993,0.00920005075200009));
#9062=CARTESIAN_POINT('',(0.0608287593131699,0.085501981779486,0.00920005075200008));
#9063=CARTESIAN_POINT('',(0.064907523451552,0.087764718857637,0.00920005075200009));
#9064=CARTESIAN_POINT('',(0.0632817373755927,0.0902592268001585,0.00920005075200009));
#9065=CARTESIAN_POINT('',(0.0625712073875135,0.0912017170705562,0.00920005075200008));
#9066=CARTESIAN_POINT('',(0.062938825405677,0.076001717071756,0.00920005075200008));
#9067=CARTESIAN_POINT('',(0.062938825405677,0.076001717071756,0.0142000507520001));
#9068=CARTESIAN_POINT('',(0.062938825405677,0.076001717071756,0.0142000507520001));
#9069=CARTESIAN_POINT('',(0.062938825405677,0.076001717071756,0.0142000507520001));
#9070=CARTESIAN_POINT('',(0.0651433697741046,0.0780567282722799,0.0142000507520001));
#9071=CARTESIAN_POINT('',(0.0652350938688472,0.0833440298542993,0.0142000507520001));
#9072=CARTESIAN_POINT('',(0.0608287593131699,0.085501981779486,0.0142000507520001));
#9073=CARTESIAN_POINT('',(0.064907523451552,0.087764718857637,0.0142000507520001));
#9074=CARTESIAN_POINT('',(0.0632817373755926,0.0902592268001585,0.0142000507520001));
#9075=CARTESIAN_POINT('',(0.0625712073875134,0.0912017170705562,0.0142000507520001));
#9076=CARTESIAN_POINT('',(0.0665067129966549,0.0760017170718118,0.0142000507520001));
#9077=CARTESIAN_POINT('',(0.0665067129966549,0.0760017170718118,0.0092000507520001));
#9078=CARTESIAN_POINT('',(0.0665067129966549,0.0760017170718118,0.0142000507520001));
#9079=CARTESIAN_POINT('',(0.051191918354837,0.106515864840706,0.014200050752));
#9080=CARTESIAN_POINT('',(0.051191918354837,0.106515864840706,0.00920005075200004));
#9081=CARTESIAN_POINT('',(0.,0.,0.));
#9082=CARTESIAN_POINT('',(0.0323450355781927,0.11218927104692,0.014200050752));
#9083=CARTESIAN_POINT('',(0.0323450355781927,0.11218927104692,0.00920005075199998));
#9084=CARTESIAN_POINT('',(0.0273833083278134,0.11218927104692,0.00920005075199996));
#9085=CARTESIAN_POINT('',(0.0373067628176805,0.112189271060776,0.00920005075199999));
#9086=CARTESIAN_POINT('',(0.0273833083278134,0.11218927104692,0.014200050752));
#9087=CARTESIAN_POINT('',(0.0273833083278134,0.11218927104692,0.014200050752));
#9088=CARTESIAN_POINT('',(0.0323450355781927,0.11218927104692,0.014200050752));
#9089=CARTESIAN_POINT('',(0.0373067628176805,0.112189271060776,0.014200050752));
#9090=CARTESIAN_POINT('',(0.0373067628176805,0.112189271060776,0.014200050752));
#9091=CARTESIAN_POINT('',(0.0273833083325405,0.112189271040602,0.014200050752));
#9092=CARTESIAN_POINT('',(0.0273833083325405,0.112189271040602,0.00920005075199996));
#9093=CARTESIAN_POINT('',(0.0276371933946501,0.111849932685546,0.014200050752));
#9094=CARTESIAN_POINT('',(0.0276371933946501,0.111849932685546,0.00920005075199996));
#9095=CARTESIAN_POINT('',(0.0281966827150487,0.111218527360348,0.014200050752));
#9096=CARTESIAN_POINT('',(0.0281966827150488,0.111218527360348,0.00920005075199996));
#9097=CARTESIAN_POINT('',(0.0294994974027547,0.110125644152467,0.014200050752));
#9098=CARTESIAN_POINT('',(0.0294994974027547,0.110125644152467,0.00920005075199996));
#9099=CARTESIAN_POINT('',(0.0310944812368442,0.109516753741684,0.014200050752));
#9100=CARTESIAN_POINT('',(0.0310944812368442,0.109516753741684,0.00920005075199997));
#9101=CARTESIAN_POINT('',(0.0327683161727744,0.109219151943799,0.014200050752));
#9102=CARTESIAN_POINT('',(0.0327683161727744,0.109219151943799,0.00920005075199998));
#9103=CARTESIAN_POINT('',(0.0273833083325405,0.112189271040602,0.00920005075199996));
#9104=CARTESIAN_POINT('',(0.0275972579031841,0.111903309768348,0.00920005075199996));
#9105=CARTESIAN_POINT('',(0.0287092656117613,0.110626503657508,0.00920005075199997));
#9106=CARTESIAN_POINT('',(0.0301259187239838,0.109688960653491,0.00920005075199997));
#9107=CARTESIAN_POINT('',(0.0327683161727745,0.109219151943799,0.00920005075199998));
#9108=CARTESIAN_POINT('',(0.0327683161727745,0.109219151943799,0.00920005075199998));
#9109=CARTESIAN_POINT('',(0.0327683161727745,0.109219151943799,0.014200050752));
#9110=CARTESIAN_POINT('',(0.0327683161727745,0.109219151943799,0.014200050752));
#9111=CARTESIAN_POINT('',(0.0273833083325404,0.112189271040602,0.014200050752));
#9112=CARTESIAN_POINT('',(0.0275972579031841,0.111903309768348,0.014200050752));
#9113=CARTESIAN_POINT('',(0.0287092656117613,0.110626503657508,0.014200050752));
#9114=CARTESIAN_POINT('',(0.0301259187239837,0.109688960653491,0.014200050752));
#9115=CARTESIAN_POINT('',(0.0327683161727744,0.109219151943799,0.014200050752));
#9116=CARTESIAN_POINT('',(0.0327683161727745,0.109219151943799,0.014200050752));
#9117=CARTESIAN_POINT('',(0.0327683161727745,0.109219151943799,0.00920005075199998));
#9118=CARTESIAN_POINT('',(0.0327008098905245,0.108398126312857,0.014200050752));
#9119=CARTESIAN_POINT('',(0.0327008098905245,0.108398126312857,0.00920005075199998));
#9120=CARTESIAN_POINT('',(0.0321819214438428,0.106535335086063,0.014200050752));
#9121=CARTESIAN_POINT('',(0.0321819214438428,0.106535335086063,0.00920005075199998));
#9122=CARTESIAN_POINT('',(0.0318957296820348,0.103134256040793,0.014200050752));
#9123=CARTESIAN_POINT('',(0.0318957296820349,0.103134256040793,0.00920005075199999));
#9124=CARTESIAN_POINT('',(0.032339116981358,0.100061138220907,0.014200050752));
#9125=CARTESIAN_POINT('',(0.032339116981358,0.100061138220907,0.00920005075199997));
#9126=CARTESIAN_POINT('',(0.0333597272112472,0.0979419592335391,0.014200050752));
#9127=CARTESIAN_POINT('',(0.0333597272112473,0.0979419592335391,0.00920005075199998));
#9128=CARTESIAN_POINT('',(0.0340771258303665,0.0969892710463129,0.014200050752));
#9129=CARTESIAN_POINT('',(0.0340771258303665,0.0969892710463129,0.00920005075199998));
#9130=CARTESIAN_POINT('',(0.0327683161727745,0.109219151943799,0.00920005075199998));
#9131=CARTESIAN_POINT('',(0.0327019909617727,0.108412490750276,0.00920005075199998));
#9132=CARTESIAN_POINT('',(0.0321589751587927,0.106445828972483,0.00920005075199998));
#9133=CARTESIAN_POINT('',(0.0318688985090499,0.102772775786371,0.00920005075199998));
#9134=CARTESIAN_POINT('',(0.032465343627257,0.0997141671126683,0.00920005075199998));
#9135=CARTESIAN_POINT('',(0.0335205990048561,0.0977283253438931,0.00920005075199998));
#9136=CARTESIAN_POINT('',(0.0340771258303664,0.0969892710463129,0.00920005075199998));
#9137=CARTESIAN_POINT('',(0.0340771258299093,0.0969892710469197,0.00920005075199998));
#9138=CARTESIAN_POINT('',(0.0340771258299093,0.0969892710469197,0.014200050752));
#9139=CARTESIAN_POINT('',(0.0340771258299093,0.0969892710469197,0.014200050752));
#9140=CARTESIAN_POINT('',(0.0327683161727745,0.109219151943799,0.014200050752));
#9141=CARTESIAN_POINT('',(0.0327019909617727,0.108412490750276,0.014200050752));
#9142=CARTESIAN_POINT('',(0.0321589751587927,0.106445828972483,0.014200050752));
#9143=CARTESIAN_POINT('',(0.0318688985090499,0.102772775786371,0.014200050752));
#9144=CARTESIAN_POINT('',(0.0324653436272569,0.0997141671126683,0.014200050752));
#9145=CARTESIAN_POINT('',(0.0335205990048561,0.0977283253438931,0.014200050752));
#9146=CARTESIAN_POINT('',(0.0340771258303664,0.0969892710463129,0.014200050752));
#9147=CARTESIAN_POINT('',(0.0380554436676406,0.0969892710469197,0.014200050752));
#9148=CARTESIAN_POINT('',(0.0380554436676406,0.0969892710469197,0.009200050752));
#9149=CARTESIAN_POINT('',(0.0420337615053907,0.0969892710299771,0.00920005075200001));
#9150=CARTESIAN_POINT('',(0.0420337615053907,0.0969892710299771,0.014200050752));
#9151=CARTESIAN_POINT('',(0.0420337615053907,0.0969892710299771,0.014200050752));
#9152=CARTESIAN_POINT('',(0.0380554436676406,0.0969892710469197,0.014200050752));
#9153=CARTESIAN_POINT('',(0.0373067628176805,0.112189271060776,0.014200050752));
#9154=CARTESIAN_POINT('',(0.0373067628176805,0.112189271060776,0.00920005075199999));
#9155=CARTESIAN_POINT('',(0.0376785846729235,0.111716910160783,0.014200050752));
#9156=CARTESIAN_POINT('',(0.0376785846729235,0.111716910160783,0.00920005075199999));
#9157=CARTESIAN_POINT('',(0.0381034749741697,0.110561345014298,0.014200050752));
#9158=CARTESIAN_POINT('',(0.0381034749741698,0.110561345014298,0.00920005075199999));
#9159=CARTESIAN_POINT('',(0.0380057895712364,0.108475448778554,0.014200050752));
#9160=CARTESIAN_POINT('',(0.0380057895712364,0.108475448778554,0.00920005075199999));
#9161=CARTESIAN_POINT('',(0.0373888442683708,0.106321727842045,0.014200050752));
#9162=CARTESIAN_POINT('',(0.0373888442683708,0.106321727842045,0.00920005075199999));
#9163=CARTESIAN_POINT('',(0.0369073950378441,0.10420080285662,0.014200050752));
#9164=CARTESIAN_POINT('',(0.0369073950378441,0.10420080285662,0.00920005075199999));
#9165=CARTESIAN_POINT('',(0.0372892177056252,0.102217393910792,0.014200050752));
#9166=CARTESIAN_POINT('',(0.0372892177056252,0.102217393910792,0.00920005075199999));
#9167=CARTESIAN_POINT('',(0.0390207553584561,0.100445736776418,0.014200050752));
#9168=CARTESIAN_POINT('',(0.0390207553584561,0.100445736776418,0.00920005075199999));
#9169=CARTESIAN_POINT('',(0.0410097238905406,0.0987504565738555,0.014200050752));
#9170=CARTESIAN_POINT('',(0.0410097238905406,0.0987504565738555,0.00920005075199999));
#9171=CARTESIAN_POINT('',(0.0418779803409068,0.0975941314852146,0.014200050752));
#9172=CARTESIAN_POINT('',(0.0418779803409068,0.0975941314852146,0.00920005075199999));
#9173=CARTESIAN_POINT('',(0.0420337615053907,0.0969892710299771,0.014200050752));
#9174=CARTESIAN_POINT('',(0.0420337615053907,0.0969892710299771,0.00920005075199999));
#9175=CARTESIAN_POINT('',(0.0373067628176805,0.112189271060776,0.00920005075199999));
#9176=CARTESIAN_POINT('',(0.0380606151502856,0.111231580270764,0.009200050752));
#9177=CARTESIAN_POINT('',(0.0382976707936019,0.107901273544343,0.009200050752));
#9178=CARTESIAN_POINT('',(0.0353976130422968,0.102023657394885,0.00920005075199999));
#9179=CARTESIAN_POINT('',(0.0415174566546106,0.0989062764851545,0.00920005075200001));
#9180=CARTESIAN_POINT('',(0.0420297323568448,0.097004915235949,0.00920005075200001));
#9181=CARTESIAN_POINT('',(0.0420337615053907,0.0969892710299771,0.00920005075200001));
#9182=CARTESIAN_POINT('',(0.0373067628176805,0.112189271060776,0.014200050752));
#9183=CARTESIAN_POINT('',(0.0380606151502855,0.111231580270764,0.014200050752));
#9184=CARTESIAN_POINT('',(0.0382976707936019,0.107901273544343,0.014200050752));
#9185=CARTESIAN_POINT('',(0.0353976130422968,0.102023657394885,0.014200050752));
#9186=CARTESIAN_POINT('',(0.0415174566546106,0.0989062764851545,0.014200050752));
#9187=CARTESIAN_POINT('',(0.0420297323568447,0.097004915235949,0.014200050752));
#9188=CARTESIAN_POINT('',(0.0420337615053907,0.0969892710299771,0.014200050752));
#9189=CARTESIAN_POINT('',(0.051191918354837,0.106515864840706,0.014200050752));
#9190=CARTESIAN_POINT('',(0.051191918354837,0.106515864840706,0.00920005075200004));
#9191=MECHANICAL_DESIGN_GEOMETRIC_PRESENTATION_REPRESENTATION('',(#3775),
#9220);
#9192=MECHANICAL_DESIGN_GEOMETRIC_PRESENTATION_REPRESENTATION('',(#3776),
#9221);
#9193=MECHANICAL_DESIGN_GEOMETRIC_PRESENTATION_REPRESENTATION('',(#3777),
#9222);
#9194=MECHANICAL_DESIGN_GEOMETRIC_PRESENTATION_REPRESENTATION('',(#3778),
#9223);
#9195=MECHANICAL_DESIGN_GEOMETRIC_PRESENTATION_REPRESENTATION('',(#3779),
#9224);
#9196=MECHANICAL_DESIGN_GEOMETRIC_PRESENTATION_REPRESENTATION('',(#3780),
#9225);
#9197=MECHANICAL_DESIGN_GEOMETRIC_PRESENTATION_REPRESENTATION('',(#3781),
#9226);
#9198=MECHANICAL_DESIGN_GEOMETRIC_PRESENTATION_REPRESENTATION('',(#3782),
#9227);
#9199=MECHANICAL_DESIGN_GEOMETRIC_PRESENTATION_REPRESENTATION('',(#3783),
#9228);
#9200=MECHANICAL_DESIGN_GEOMETRIC_PRESENTATION_REPRESENTATION('',(#3784),
#9229);
#9201=MECHANICAL_DESIGN_GEOMETRIC_PRESENTATION_REPRESENTATION('',(#3785),
#9230);
#9202=MECHANICAL_DESIGN_GEOMETRIC_PRESENTATION_REPRESENTATION('',(#3786),
#9231);
#9203=MECHANICAL_DESIGN_GEOMETRIC_PRESENTATION_REPRESENTATION('',(#3787),
#9232);
#9204=MECHANICAL_DESIGN_GEOMETRIC_PRESENTATION_REPRESENTATION('',(#3788),
#9233);
#9205=MECHANICAL_DESIGN_GEOMETRIC_PRESENTATION_REPRESENTATION('',(#3789),
#9234);
#9206=MECHANICAL_DESIGN_GEOMETRIC_PRESENTATION_REPRESENTATION('',(#3790),
#9235);
#9207=MECHANICAL_DESIGN_GEOMETRIC_PRESENTATION_REPRESENTATION('',(#3791),
#9236);
#9208=MECHANICAL_DESIGN_GEOMETRIC_PRESENTATION_REPRESENTATION('',(#3792),
#9237);
#9209=MECHANICAL_DESIGN_GEOMETRIC_PRESENTATION_REPRESENTATION('',(#3793),
#9238);
#9210=MECHANICAL_DESIGN_GEOMETRIC_PRESENTATION_REPRESENTATION('',(#3794),
#9239);
#9211=MECHANICAL_DESIGN_GEOMETRIC_PRESENTATION_REPRESENTATION('',(#3795),
#9240);
#9212=MECHANICAL_DESIGN_GEOMETRIC_PRESENTATION_REPRESENTATION('',(#3796),
#9241);
#9213=MECHANICAL_DESIGN_GEOMETRIC_PRESENTATION_REPRESENTATION('',(#3797),
#9242);
#9214=MECHANICAL_DESIGN_GEOMETRIC_PRESENTATION_REPRESENTATION('',(#3798),
#9243);
#9215=MECHANICAL_DESIGN_GEOMETRIC_PRESENTATION_REPRESENTATION('',(#3799),
#9244);
#9216=MECHANICAL_DESIGN_GEOMETRIC_PRESENTATION_REPRESENTATION('',(#3800),
#9245);
#9217=MECHANICAL_DESIGN_GEOMETRIC_PRESENTATION_REPRESENTATION('',(#3801),
#9246);
#9218=MECHANICAL_DESIGN_GEOMETRIC_PRESENTATION_REPRESENTATION('',(#3802),
#9247);
#9219=MECHANICAL_DESIGN_GEOMETRIC_PRESENTATION_REPRESENTATION('',(#3803),
#9248);
#9220=(
GEOMETRIC_REPRESENTATION_CONTEXT(3)
GLOBAL_UNCERTAINTY_ASSIGNED_CONTEXT((#9249))
GLOBAL_UNIT_ASSIGNED_CONTEXT((#9336,#9307,#9278))
REPRESENTATION_CONTEXT('Part 28','TOP_LEVEL_ASSEMBLY_PART')
);
#9221=(
GEOMETRIC_REPRESENTATION_CONTEXT(3)
GLOBAL_UNCERTAINTY_ASSIGNED_CONTEXT((#9250))
GLOBAL_UNIT_ASSIGNED_CONTEXT((#9337,#9308,#9279))
REPRESENTATION_CONTEXT('Part 18','TOP_LEVEL_ASSEMBLY_PART')
);
#9222=(
GEOMETRIC_REPRESENTATION_CONTEXT(3)
GLOBAL_UNCERTAINTY_ASSIGNED_CONTEXT((#9251))
GLOBAL_UNIT_ASSIGNED_CONTEXT((#9338,#9309,#9280))
REPRESENTATION_CONTEXT('Part 27','TOP_LEVEL_ASSEMBLY_PART')
);
#9223=(
GEOMETRIC_REPRESENTATION_CONTEXT(3)
GLOBAL_UNCERTAINTY_ASSIGNED_CONTEXT((#9252))
GLOBAL_UNIT_ASSIGNED_CONTEXT((#9339,#9310,#9281))
REPRESENTATION_CONTEXT('Part 6','TOP_LEVEL_ASSEMBLY_PART')
);
#9224=(
GEOMETRIC_REPRESENTATION_CONTEXT(3)
GLOBAL_UNCERTAINTY_ASSIGNED_CONTEXT((#9253))
GLOBAL_UNIT_ASSIGNED_CONTEXT((#9340,#9311,#9282))
REPRESENTATION_CONTEXT('Part 19','TOP_LEVEL_ASSEMBLY_PART')
);
#9225=(
GEOMETRIC_REPRESENTATION_CONTEXT(3)
GLOBAL_UNCERTAINTY_ASSIGNED_CONTEXT((#9254))
GLOBAL_UNIT_ASSIGNED_CONTEXT((#9341,#9312,#9283))
REPRESENTATION_CONTEXT('Part 7','TOP_LEVEL_ASSEMBLY_PART')
);
#9226=(
GEOMETRIC_REPRESENTATION_CONTEXT(3)
GLOBAL_UNCERTAINTY_ASSIGNED_CONTEXT((#9255))
GLOBAL_UNIT_ASSIGNED_CONTEXT((#9342,#9313,#9284))
REPRESENTATION_CONTEXT('Part 20','TOP_LEVEL_ASSEMBLY_PART')
);
#9227=(
GEOMETRIC_REPRESENTATION_CONTEXT(3)
GLOBAL_UNCERTAINTY_ASSIGNED_CONTEXT((#9256))
GLOBAL_UNIT_ASSIGNED_CONTEXT((#9343,#9314,#9285))
REPRESENTATION_CONTEXT('Part 8','TOP_LEVEL_ASSEMBLY_PART')
);
#9228=(
GEOMETRIC_REPRESENTATION_CONTEXT(3)
GLOBAL_UNCERTAINTY_ASSIGNED_CONTEXT((#9257))
GLOBAL_UNIT_ASSIGNED_CONTEXT((#9344,#9315,#9286))
REPRESENTATION_CONTEXT('Part 26','TOP_LEVEL_ASSEMBLY_PART')
);
#9229=(
GEOMETRIC_REPRESENTATION_CONTEXT(3)
GLOBAL_UNCERTAINTY_ASSIGNED_CONTEXT((#9258))
GLOBAL_UNIT_ASSIGNED_CONTEXT((#9345,#9316,#9287))
REPRESENTATION_CONTEXT('Part 21','TOP_LEVEL_ASSEMBLY_PART')
);
#9230=(
GEOMETRIC_REPRESENTATION_CONTEXT(3)
GLOBAL_UNCERTAINTY_ASSIGNED_CONTEXT((#9259))
GLOBAL_UNIT_ASSIGNED_CONTEXT((#9346,#9317,#9288))
REPRESENTATION_CONTEXT('Part 9','TOP_LEVEL_ASSEMBLY_PART')
);
#9231=(
GEOMETRIC_REPRESENTATION_CONTEXT(3)
GLOBAL_UNCERTAINTY_ASSIGNED_CONTEXT((#9260))
GLOBAL_UNIT_ASSIGNED_CONTEXT((#9347,#9318,#9289))
REPRESENTATION_CONTEXT('Part 24','TOP_LEVEL_ASSEMBLY_PART')
);
#9232=(
GEOMETRIC_REPRESENTATION_CONTEXT(3)
GLOBAL_UNCERTAINTY_ASSIGNED_CONTEXT((#9261))
GLOBAL_UNIT_ASSIGNED_CONTEXT((#9348,#9319,#9290))
REPRESENTATION_CONTEXT('Part 22','TOP_LEVEL_ASSEMBLY_PART')
);
#9233=(
GEOMETRIC_REPRESENTATION_CONTEXT(3)
GLOBAL_UNCERTAINTY_ASSIGNED_CONTEXT((#9262))
GLOBAL_UNIT_ASSIGNED_CONTEXT((#9349,#9320,#9291))
REPRESENTATION_CONTEXT('Part 10','TOP_LEVEL_ASSEMBLY_PART')
);
#9234=(
GEOMETRIC_REPRESENTATION_CONTEXT(3)
GLOBAL_UNCERTAINTY_ASSIGNED_CONTEXT((#9263))
GLOBAL_UNIT_ASSIGNED_CONTEXT((#9350,#9321,#9292))
REPRESENTATION_CONTEXT('Part 25','TOP_LEVEL_ASSEMBLY_PART')
);
#9235=(
GEOMETRIC_REPRESENTATION_CONTEXT(3)
GLOBAL_UNCERTAINTY_ASSIGNED_CONTEXT((#9264))
GLOBAL_UNIT_ASSIGNED_CONTEXT((#9351,#9322,#9293))
REPRESENTATION_CONTEXT('Part 23','TOP_LEVEL_ASSEMBLY_PART')
);
#9236=(
GEOMETRIC_REPRESENTATION_CONTEXT(3)
GLOBAL_UNCERTAINTY_ASSIGNED_CONTEXT((#9265))
GLOBAL_UNIT_ASSIGNED_CONTEXT((#9352,#9323,#9294))
REPRESENTATION_CONTEXT('Part 29','TOP_LEVEL_ASSEMBLY_PART')
);
#9237=(
GEOMETRIC_REPRESENTATION_CONTEXT(3)
GLOBAL_UNCERTAINTY_ASSIGNED_CONTEXT((#9266))
GLOBAL_UNIT_ASSIGNED_CONTEXT((#9353,#9324,#9295))
REPRESENTATION_CONTEXT('Part 11','TOP_LEVEL_ASSEMBLY_PART')
);
#9238=(
GEOMETRIC_REPRESENTATION_CONTEXT(3)
GLOBAL_UNCERTAINTY_ASSIGNED_CONTEXT((#9267))
GLOBAL_UNIT_ASSIGNED_CONTEXT((#9354,#9325,#9296))
REPRESENTATION_CONTEXT('Part 1','TOP_LEVEL_ASSEMBLY_PART')
);
#9239=(
GEOMETRIC_REPRESENTATION_CONTEXT(3)
GLOBAL_UNCERTAINTY_ASSIGNED_CONTEXT((#9268))
GLOBAL_UNIT_ASSIGNED_CONTEXT((#9355,#9326,#9297))
REPRESENTATION_CONTEXT('Part 12','TOP_LEVEL_ASSEMBLY_PART')
);
#9240=(
GEOMETRIC_REPRESENTATION_CONTEXT(3)
GLOBAL_UNCERTAINTY_ASSIGNED_CONTEXT((#9269))
GLOBAL_UNIT_ASSIGNED_CONTEXT((#9356,#9327,#9298))
REPRESENTATION_CONTEXT('Part 2','TOP_LEVEL_ASSEMBLY_PART')
);
#9241=(
GEOMETRIC_REPRESENTATION_CONTEXT(3)
GLOBAL_UNCERTAINTY_ASSIGNED_CONTEXT((#9270))
GLOBAL_UNIT_ASSIGNED_CONTEXT((#9357,#9328,#9299))
REPRESENTATION_CONTEXT('Part 13','TOP_LEVEL_ASSEMBLY_PART')
);
#9242=(
GEOMETRIC_REPRESENTATION_CONTEXT(3)
GLOBAL_UNCERTAINTY_ASSIGNED_CONTEXT((#9271))
GLOBAL_UNIT_ASSIGNED_CONTEXT((#9358,#9329,#9300))
REPRESENTATION_CONTEXT('Part 3','TOP_LEVEL_ASSEMBLY_PART')
);
#9243=(
GEOMETRIC_REPRESENTATION_CONTEXT(3)
GLOBAL_UNCERTAINTY_ASSIGNED_CONTEXT((#9272))
GLOBAL_UNIT_ASSIGNED_CONTEXT((#9359,#9330,#9301))
REPRESENTATION_CONTEXT('Part 14','TOP_LEVEL_ASSEMBLY_PART')
);
#9244=(
GEOMETRIC_REPRESENTATION_CONTEXT(3)
GLOBAL_UNCERTAINTY_ASSIGNED_CONTEXT((#9273))
GLOBAL_UNIT_ASSIGNED_CONTEXT((#9360,#9331,#9302))
REPRESENTATION_CONTEXT('Part 4','TOP_LEVEL_ASSEMBLY_PART')
);
#9245=(
GEOMETRIC_REPRESENTATION_CONTEXT(3)
GLOBAL_UNCERTAINTY_ASSIGNED_CONTEXT((#9274))
GLOBAL_UNIT_ASSIGNED_CONTEXT((#9361,#9332,#9303))
REPRESENTATION_CONTEXT('Part 15','TOP_LEVEL_ASSEMBLY_PART')
);
#9246=(
GEOMETRIC_REPRESENTATION_CONTEXT(3)
GLOBAL_UNCERTAINTY_ASSIGNED_CONTEXT((#9275))
GLOBAL_UNIT_ASSIGNED_CONTEXT((#9362,#9333,#9304))
REPRESENTATION_CONTEXT('Part 5','TOP_LEVEL_ASSEMBLY_PART')
);
#9247=(
GEOMETRIC_REPRESENTATION_CONTEXT(3)
GLOBAL_UNCERTAINTY_ASSIGNED_CONTEXT((#9276))
GLOBAL_UNIT_ASSIGNED_CONTEXT((#9363,#9334,#9305))
REPRESENTATION_CONTEXT('Part 16','TOP_LEVEL_ASSEMBLY_PART')
);
#9248=(
GEOMETRIC_REPRESENTATION_CONTEXT(3)
GLOBAL_UNCERTAINTY_ASSIGNED_CONTEXT((#9277))
GLOBAL_UNIT_ASSIGNED_CONTEXT((#9364,#9335,#9306))
REPRESENTATION_CONTEXT('Part 17','TOP_LEVEL_ASSEMBLY_PART')
);
#9249=UNCERTAINTY_MEASURE_WITH_UNIT(LENGTH_MEASURE(2.E-5),#9336,
'DISTANCE_ACCURACY_VALUE','Maximum Tolerance applied to model');
#9250=UNCERTAINTY_MEASURE_WITH_UNIT(LENGTH_MEASURE(2.E-5),#9337,
'DISTANCE_ACCURACY_VALUE','Maximum Tolerance applied to model');
#9251=UNCERTAINTY_MEASURE_WITH_UNIT(LENGTH_MEASURE(2.E-5),#9338,
'DISTANCE_ACCURACY_VALUE','Maximum Tolerance applied to model');
#9252=UNCERTAINTY_MEASURE_WITH_UNIT(LENGTH_MEASURE(2.E-5),#9339,
'DISTANCE_ACCURACY_VALUE','Maximum Tolerance applied to model');
#9253=UNCERTAINTY_MEASURE_WITH_UNIT(LENGTH_MEASURE(2.E-5),#9340,
'DISTANCE_ACCURACY_VALUE','Maximum Tolerance applied to model');
#9254=UNCERTAINTY_MEASURE_WITH_UNIT(LENGTH_MEASURE(2.E-5),#9341,
'DISTANCE_ACCURACY_VALUE','Maximum Tolerance applied to model');
#9255=UNCERTAINTY_MEASURE_WITH_UNIT(LENGTH_MEASURE(2.E-5),#9342,
'DISTANCE_ACCURACY_VALUE','Maximum Tolerance applied to model');
#9256=UNCERTAINTY_MEASURE_WITH_UNIT(LENGTH_MEASURE(2.E-5),#9343,
'DISTANCE_ACCURACY_VALUE','Maximum Tolerance applied to model');
#9257=UNCERTAINTY_MEASURE_WITH_UNIT(LENGTH_MEASURE(2.E-5),#9344,
'DISTANCE_ACCURACY_VALUE','Maximum Tolerance applied to model');
#9258=UNCERTAINTY_MEASURE_WITH_UNIT(LENGTH_MEASURE(2.E-5),#9345,
'DISTANCE_ACCURACY_VALUE','Maximum Tolerance applied to model');
#9259=UNCERTAINTY_MEASURE_WITH_UNIT(LENGTH_MEASURE(2.E-5),#9346,
'DISTANCE_ACCURACY_VALUE','Maximum Tolerance applied to model');
#9260=UNCERTAINTY_MEASURE_WITH_UNIT(LENGTH_MEASURE(2.E-5),#9347,
'DISTANCE_ACCURACY_VALUE','Maximum Tolerance applied to model');
#9261=UNCERTAINTY_MEASURE_WITH_UNIT(LENGTH_MEASURE(2.E-5),#9348,
'DISTANCE_ACCURACY_VALUE','Maximum Tolerance applied to model');
#9262=UNCERTAINTY_MEASURE_WITH_UNIT(LENGTH_MEASURE(2.E-5),#9349,
'DISTANCE_ACCURACY_VALUE','Maximum Tolerance applied to model');
#9263=UNCERTAINTY_MEASURE_WITH_UNIT(LENGTH_MEASURE(2.E-5),#9350,
'DISTANCE_ACCURACY_VALUE','Maximum Tolerance applied to model');
#9264=UNCERTAINTY_MEASURE_WITH_UNIT(LENGTH_MEASURE(2.E-5),#9351,
'DISTANCE_ACCURACY_VALUE','Maximum Tolerance applied to model');
#9265=UNCERTAINTY_MEASURE_WITH_UNIT(LENGTH_MEASURE(2.E-5),#9352,
'DISTANCE_ACCURACY_VALUE','Maximum Tolerance applied to model');
#9266=UNCERTAINTY_MEASURE_WITH_UNIT(LENGTH_MEASURE(2.E-5),#9353,
'DISTANCE_ACCURACY_VALUE','Maximum Tolerance applied to model');
#9267=UNCERTAINTY_MEASURE_WITH_UNIT(LENGTH_MEASURE(2.E-5),#9354,
'DISTANCE_ACCURACY_VALUE','Maximum Tolerance applied to model');
#9268=UNCERTAINTY_MEASURE_WITH_UNIT(LENGTH_MEASURE(2.E-5),#9355,
'DISTANCE_ACCURACY_VALUE','Maximum Tolerance applied to model');
#9269=UNCERTAINTY_MEASURE_WITH_UNIT(LENGTH_MEASURE(2.E-5),#9356,
'DISTANCE_ACCURACY_VALUE','Maximum Tolerance applied to model');
#9270=UNCERTAINTY_MEASURE_WITH_UNIT(LENGTH_MEASURE(2.E-5),#9357,
'DISTANCE_ACCURACY_VALUE','Maximum Tolerance applied to model');
#9271=UNCERTAINTY_MEASURE_WITH_UNIT(LENGTH_MEASURE(2.E-5),#9358,
'DISTANCE_ACCURACY_VALUE','Maximum Tolerance applied to model');
#9272=UNCERTAINTY_MEASURE_WITH_UNIT(LENGTH_MEASURE(2.E-5),#9359,
'DISTANCE_ACCURACY_VALUE','Maximum Tolerance applied to model');
#9273=UNCERTAINTY_MEASURE_WITH_UNIT(LENGTH_MEASURE(2.E-5),#9360,
'DISTANCE_ACCURACY_VALUE','Maximum Tolerance applied to model');
#9274=UNCERTAINTY_MEASURE_WITH_UNIT(LENGTH_MEASURE(2.E-5),#9361,
'DISTANCE_ACCURACY_VALUE','Maximum Tolerance applied to model');
#9275=UNCERTAINTY_MEASURE_WITH_UNIT(LENGTH_MEASURE(2.E-5),#9362,
'DISTANCE_ACCURACY_VALUE','Maximum Tolerance applied to model');
#9276=UNCERTAINTY_MEASURE_WITH_UNIT(LENGTH_MEASURE(2.E-5),#9363,
'DISTANCE_ACCURACY_VALUE','Maximum Tolerance applied to model');
#9277=UNCERTAINTY_MEASURE_WITH_UNIT(LENGTH_MEASURE(2.E-5),#9364,
'DISTANCE_ACCURACY_VALUE','Maximum Tolerance applied to model');
#9278=(
NAMED_UNIT(*)
SI_UNIT($,.STERADIAN.)
SOLID_ANGLE_UNIT()
);
#9279=(
NAMED_UNIT(*)
SI_UNIT($,.STERADIAN.)
SOLID_ANGLE_UNIT()
);
#9280=(
NAMED_UNIT(*)
SI_UNIT($,.STERADIAN.)
SOLID_ANGLE_UNIT()
);
#9281=(
NAMED_UNIT(*)
SI_UNIT($,.STERADIAN.)
SOLID_ANGLE_UNIT()
);
#9282=(
NAMED_UNIT(*)
SI_UNIT($,.STERADIAN.)
SOLID_ANGLE_UNIT()
);
#9283=(
NAMED_UNIT(*)
SI_UNIT($,.STERADIAN.)
SOLID_ANGLE_UNIT()
);
#9284=(
NAMED_UNIT(*)
SI_UNIT($,.STERADIAN.)
SOLID_ANGLE_UNIT()
);
#9285=(
NAMED_UNIT(*)
SI_UNIT($,.STERADIAN.)
SOLID_ANGLE_UNIT()
);
#9286=(
NAMED_UNIT(*)
SI_UNIT($,.STERADIAN.)
SOLID_ANGLE_UNIT()
);
#9287=(
NAMED_UNIT(*)
SI_UNIT($,.STERADIAN.)
SOLID_ANGLE_UNIT()
);
#9288=(
NAMED_UNIT(*)
SI_UNIT($,.STERADIAN.)
SOLID_ANGLE_UNIT()
);
#9289=(
NAMED_UNIT(*)
SI_UNIT($,.STERADIAN.)
SOLID_ANGLE_UNIT()
);
#9290=(
NAMED_UNIT(*)
SI_UNIT($,.STERADIAN.)
SOLID_ANGLE_UNIT()
);
#9291=(
NAMED_UNIT(*)
SI_UNIT($,.STERADIAN.)
SOLID_ANGLE_UNIT()
);
#9292=(
NAMED_UNIT(*)
SI_UNIT($,.STERADIAN.)
SOLID_ANGLE_UNIT()
);
#9293=(
NAMED_UNIT(*)
SI_UNIT($,.STERADIAN.)
SOLID_ANGLE_UNIT()
);
#9294=(
NAMED_UNIT(*)
SI_UNIT($,.STERADIAN.)
SOLID_ANGLE_UNIT()
);
#9295=(
NAMED_UNIT(*)
SI_UNIT($,.STERADIAN.)
SOLID_ANGLE_UNIT()
);
#9296=(
NAMED_UNIT(*)
SI_UNIT($,.STERADIAN.)
SOLID_ANGLE_UNIT()
);
#9297=(
NAMED_UNIT(*)
SI_UNIT($,.STERADIAN.)
SOLID_ANGLE_UNIT()
);
#9298=(
NAMED_UNIT(*)
SI_UNIT($,.STERADIAN.)
SOLID_ANGLE_UNIT()
);
#9299=(
NAMED_UNIT(*)
SI_UNIT($,.STERADIAN.)
SOLID_ANGLE_UNIT()
);
#9300=(
NAMED_UNIT(*)
SI_UNIT($,.STERADIAN.)
SOLID_ANGLE_UNIT()
);
#9301=(
NAMED_UNIT(*)
SI_UNIT($,.STERADIAN.)
SOLID_ANGLE_UNIT()
);
#9302=(
NAMED_UNIT(*)
SI_UNIT($,.STERADIAN.)
SOLID_ANGLE_UNIT()
);
#9303=(
NAMED_UNIT(*)
SI_UNIT($,.STERADIAN.)
SOLID_ANGLE_UNIT()
);
#9304=(
NAMED_UNIT(*)
SI_UNIT($,.STERADIAN.)
SOLID_ANGLE_UNIT()
);
#9305=(
NAMED_UNIT(*)
SI_UNIT($,.STERADIAN.)
SOLID_ANGLE_UNIT()
);
#9306=(
NAMED_UNIT(*)
SI_UNIT($,.STERADIAN.)
SOLID_ANGLE_UNIT()
);
#9307=(
NAMED_UNIT(*)
PLANE_ANGLE_UNIT()
SI_UNIT($,.RADIAN.)
);
#9308=(
NAMED_UNIT(*)
PLANE_ANGLE_UNIT()
SI_UNIT($,.RADIAN.)
);
#9309=(
NAMED_UNIT(*)
PLANE_ANGLE_UNIT()
SI_UNIT($,.RADIAN.)
);
#9310=(
NAMED_UNIT(*)
PLANE_ANGLE_UNIT()
SI_UNIT($,.RADIAN.)
);
#9311=(
NAMED_UNIT(*)
PLANE_ANGLE_UNIT()
SI_UNIT($,.RADIAN.)
);
#9312=(
NAMED_UNIT(*)
PLANE_ANGLE_UNIT()
SI_UNIT($,.RADIAN.)
);
#9313=(
NAMED_UNIT(*)
PLANE_ANGLE_UNIT()
SI_UNIT($,.RADIAN.)
);
#9314=(
NAMED_UNIT(*)
PLANE_ANGLE_UNIT()
SI_UNIT($,.RADIAN.)
);
#9315=(
NAMED_UNIT(*)
PLANE_ANGLE_UNIT()
SI_UNIT($,.RADIAN.)
);
#9316=(
NAMED_UNIT(*)
PLANE_ANGLE_UNIT()
SI_UNIT($,.RADIAN.)
);
#9317=(
NAMED_UNIT(*)
PLANE_ANGLE_UNIT()
SI_UNIT($,.RADIAN.)
);
#9318=(
NAMED_UNIT(*)
PLANE_ANGLE_UNIT()
SI_UNIT($,.RADIAN.)
);
#9319=(
NAMED_UNIT(*)
PLANE_ANGLE_UNIT()
SI_UNIT($,.RADIAN.)
);
#9320=(
NAMED_UNIT(*)
PLANE_ANGLE_UNIT()
SI_UNIT($,.RADIAN.)
);
#9321=(
NAMED_UNIT(*)
PLANE_ANGLE_UNIT()
SI_UNIT($,.RADIAN.)
);
#9322=(
NAMED_UNIT(*)
PLANE_ANGLE_UNIT()
SI_UNIT($,.RADIAN.)
);
#9323=(
NAMED_UNIT(*)
PLANE_ANGLE_UNIT()
SI_UNIT($,.RADIAN.)
);
#9324=(
NAMED_UNIT(*)
PLANE_ANGLE_UNIT()
SI_UNIT($,.RADIAN.)
);
#9325=(
NAMED_UNIT(*)
PLANE_ANGLE_UNIT()
SI_UNIT($,.RADIAN.)
);
#9326=(
NAMED_UNIT(*)
PLANE_ANGLE_UNIT()
SI_UNIT($,.RADIAN.)
);
#9327=(
NAMED_UNIT(*)
PLANE_ANGLE_UNIT()
SI_UNIT($,.RADIAN.)
);
#9328=(
NAMED_UNIT(*)
PLANE_ANGLE_UNIT()
SI_UNIT($,.RADIAN.)
);
#9329=(
NAMED_UNIT(*)
PLANE_ANGLE_UNIT()
SI_UNIT($,.RADIAN.)
);
#9330=(
NAMED_UNIT(*)
PLANE_ANGLE_UNIT()
SI_UNIT($,.RADIAN.)
);
#9331=(
NAMED_UNIT(*)
PLANE_ANGLE_UNIT()
SI_UNIT($,.RADIAN.)
);
#9332=(
NAMED_UNIT(*)
PLANE_ANGLE_UNIT()
SI_UNIT($,.RADIAN.)
);
#9333=(
NAMED_UNIT(*)
PLANE_ANGLE_UNIT()
SI_UNIT($,.RADIAN.)
);
#9334=(
NAMED_UNIT(*)
PLANE_ANGLE_UNIT()
SI_UNIT($,.RADIAN.)
);
#9335=(
NAMED_UNIT(*)
PLANE_ANGLE_UNIT()
SI_UNIT($,.RADIAN.)
);
#9336=(
LENGTH_UNIT()
NAMED_UNIT(*)
SI_UNIT($,.METRE.)
);
#9337=(
LENGTH_UNIT()
NAMED_UNIT(*)
SI_UNIT($,.METRE.)
);
#9338=(
LENGTH_UNIT()
NAMED_UNIT(*)
SI_UNIT($,.METRE.)
);
#9339=(
LENGTH_UNIT()
NAMED_UNIT(*)
SI_UNIT($,.METRE.)
);
#9340=(
LENGTH_UNIT()
NAMED_UNIT(*)
SI_UNIT($,.METRE.)
);
#9341=(
LENGTH_UNIT()
NAMED_UNIT(*)
SI_UNIT($,.METRE.)
);
#9342=(
LENGTH_UNIT()
NAMED_UNIT(*)
SI_UNIT($,.METRE.)
);
#9343=(
LENGTH_UNIT()
NAMED_UNIT(*)
SI_UNIT($,.METRE.)
);
#9344=(
LENGTH_UNIT()
NAMED_UNIT(*)
SI_UNIT($,.METRE.)
);
#9345=(
LENGTH_UNIT()
NAMED_UNIT(*)
SI_UNIT($,.METRE.)
);
#9346=(
LENGTH_UNIT()
NAMED_UNIT(*)
SI_UNIT($,.METRE.)
);
#9347=(
LENGTH_UNIT()
NAMED_UNIT(*)
SI_UNIT($,.METRE.)
);
#9348=(
LENGTH_UNIT()
NAMED_UNIT(*)
SI_UNIT($,.METRE.)
);
#9349=(
LENGTH_UNIT()
NAMED_UNIT(*)
SI_UNIT($,.METRE.)
);
#9350=(
LENGTH_UNIT()
NAMED_UNIT(*)
SI_UNIT($,.METRE.)
);
#9351=(
LENGTH_UNIT()
NAMED_UNIT(*)
SI_UNIT($,.METRE.)
);
#9352=(
LENGTH_UNIT()
NAMED_UNIT(*)
SI_UNIT($,.METRE.)
);
#9353=(
LENGTH_UNIT()
NAMED_UNIT(*)
SI_UNIT($,.METRE.)
);
#9354=(
LENGTH_UNIT()
NAMED_UNIT(*)
SI_UNIT($,.METRE.)
);
#9355=(
LENGTH_UNIT()
NAMED_UNIT(*)
SI_UNIT($,.METRE.)
);
#9356=(
LENGTH_UNIT()
NAMED_UNIT(*)
SI_UNIT($,.METRE.)
);
#9357=(
LENGTH_UNIT()
NAMED_UNIT(*)
SI_UNIT($,.METRE.)
);
#9358=(
LENGTH_UNIT()
NAMED_UNIT(*)
SI_UNIT($,.METRE.)
);
#9359=(
LENGTH_UNIT()
NAMED_UNIT(*)
SI_UNIT($,.METRE.)
);
#9360=(
LENGTH_UNIT()
NAMED_UNIT(*)
SI_UNIT($,.METRE.)
);
#9361=(
LENGTH_UNIT()
NAMED_UNIT(*)
SI_UNIT($,.METRE.)
);
#9362=(
LENGTH_UNIT()
NAMED_UNIT(*)
SI_UNIT($,.METRE.)
);
#9363=(
LENGTH_UNIT()
NAMED_UNIT(*)
SI_UNIT($,.METRE.)
);
#9364=(
LENGTH_UNIT()
NAMED_UNIT(*)
SI_UNIT($,.METRE.)
);
#9365=PRODUCT_DEFINITION_SHAPE('','',#9394);
#9366=PRODUCT_DEFINITION_SHAPE('','',#9395);
#9367=PRODUCT_DEFINITION_SHAPE('','',#9396);
#9368=PRODUCT_DEFINITION_SHAPE('','',#9397);
#9369=PRODUCT_DEFINITION_SHAPE('','',#9398);
#9370=PRODUCT_DEFINITION_SHAPE('','',#9399);
#9371=PRODUCT_DEFINITION_SHAPE('','',#9400);
#9372=PRODUCT_DEFINITION_SHAPE('','',#9401);
#9373=PRODUCT_DEFINITION_SHAPE('','',#9402);
#9374=PRODUCT_DEFINITION_SHAPE('','',#9403);
#9375=PRODUCT_DEFINITION_SHAPE('','',#9404);
#9376=PRODUCT_DEFINITION_SHAPE('','',#9405);
#9377=PRODUCT_DEFINITION_SHAPE('','',#9406);
#9378=PRODUCT_DEFINITION_SHAPE('','',#9407);
#9379=PRODUCT_DEFINITION_SHAPE('','',#9408);
#9380=PRODUCT_DEFINITION_SHAPE('','',#9409);
#9381=PRODUCT_DEFINITION_SHAPE('','',#9410);
#9382=PRODUCT_DEFINITION_SHAPE('','',#9411);
#9383=PRODUCT_DEFINITION_SHAPE('','',#9412);
#9384=PRODUCT_DEFINITION_SHAPE('','',#9413);
#9385=PRODUCT_DEFINITION_SHAPE('','',#9414);
#9386=PRODUCT_DEFINITION_SHAPE('','',#9415);
#9387=PRODUCT_DEFINITION_SHAPE('','',#9416);
#9388=PRODUCT_DEFINITION_SHAPE('','',#9417);
#9389=PRODUCT_DEFINITION_SHAPE('','',#9418);
#9390=PRODUCT_DEFINITION_SHAPE('','',#9419);
#9391=PRODUCT_DEFINITION_SHAPE('','',#9420);
#9392=PRODUCT_DEFINITION_SHAPE('','',#9421);
#9393=PRODUCT_DEFINITION_SHAPE('','',#9422);
#9394=PRODUCT_DEFINITION('','',#9452,#9423);
#9395=PRODUCT_DEFINITION('','',#9453,#9424);
#9396=PRODUCT_DEFINITION('','',#9454,#9425);
#9397=PRODUCT_DEFINITION('','',#9455,#9426);
#9398=PRODUCT_DEFINITION('','',#9456,#9427);
#9399=PRODUCT_DEFINITION('','',#9457,#9428);
#9400=PRODUCT_DEFINITION('','',#9458,#9429);
#9401=PRODUCT_DEFINITION('','',#9459,#9430);
#9402=PRODUCT_DEFINITION('','',#9460,#9431);
#9403=PRODUCT_DEFINITION('','',#9461,#9432);
#9404=PRODUCT_DEFINITION('','',#9462,#9433);
#9405=PRODUCT_DEFINITION('','',#9463,#9434);
#9406=PRODUCT_DEFINITION('','',#9464,#9435);
#9407=PRODUCT_DEFINITION('','',#9465,#9436);
#9408=PRODUCT_DEFINITION('','',#9466,#9437);
#9409=PRODUCT_DEFINITION('','',#9467,#9438);
#9410=PRODUCT_DEFINITION('','',#9468,#9439);
#9411=PRODUCT_DEFINITION('','',#9469,#9440);
#9412=PRODUCT_DEFINITION('','',#9470,#9441);
#9413=PRODUCT_DEFINITION('','',#9471,#9442);
#9414=PRODUCT_DEFINITION('','',#9472,#9443);
#9415=PRODUCT_DEFINITION('','',#9473,#9444);
#9416=PRODUCT_DEFINITION('','',#9474,#9445);
#9417=PRODUCT_DEFINITION('','',#9475,#9446);
#9418=PRODUCT_DEFINITION('','',#9476,#9447);
#9419=PRODUCT_DEFINITION('','',#9477,#9448);
#9420=PRODUCT_DEFINITION('','',#9478,#9449);
#9421=PRODUCT_DEFINITION('','',#9479,#9450);
#9422=PRODUCT_DEFINITION('','',#9480,#9451);
#9423=PRODUCT_DEFINITION_CONTEXT('',#9626,'design');
#9424=PRODUCT_DEFINITION_CONTEXT('',#9627,'design');
#9425=PRODUCT_DEFINITION_CONTEXT('',#9628,'design');
#9426=PRODUCT_DEFINITION_CONTEXT('',#9629,'design');
#9427=PRODUCT_DEFINITION_CONTEXT('',#9630,'design');
#9428=PRODUCT_DEFINITION_CONTEXT('',#9631,'design');
#9429=PRODUCT_DEFINITION_CONTEXT('',#9632,'design');
#9430=PRODUCT_DEFINITION_CONTEXT('',#9633,'design');
#9431=PRODUCT_DEFINITION_CONTEXT('',#9634,'design');
#9432=PRODUCT_DEFINITION_CONTEXT('',#9635,'design');
#9433=PRODUCT_DEFINITION_CONTEXT('',#9636,'design');
#9434=PRODUCT_DEFINITION_CONTEXT('',#9637,'design');
#9435=PRODUCT_DEFINITION_CONTEXT('',#9638,'design');
#9436=PRODUCT_DEFINITION_CONTEXT('',#9639,'design');
#9437=PRODUCT_DEFINITION_CONTEXT('',#9640,'design');
#9438=PRODUCT_DEFINITION_CONTEXT('',#9641,'design');
#9439=PRODUCT_DEFINITION_CONTEXT('',#9642,'design');
#9440=PRODUCT_DEFINITION_CONTEXT('',#9643,'design');
#9441=PRODUCT_DEFINITION_CONTEXT('',#9644,'design');
#9442=PRODUCT_DEFINITION_CONTEXT('',#9645,'design');
#9443=PRODUCT_DEFINITION_CONTEXT('',#9646,'design');
#9444=PRODUCT_DEFINITION_CONTEXT('',#9647,'design');
#9445=PRODUCT_DEFINITION_CONTEXT('',#9648,'design');
#9446=PRODUCT_DEFINITION_CONTEXT('',#9649,'design');
#9447=PRODUCT_DEFINITION_CONTEXT('',#9650,'design');
#9448=PRODUCT_DEFINITION_CONTEXT('',#9651,'design');
#9449=PRODUCT_DEFINITION_CONTEXT('',#9652,'design');
#9450=PRODUCT_DEFINITION_CONTEXT('',#9653,'design');
#9451=PRODUCT_DEFINITION_CONTEXT('',#9654,'design');
#9452=PRODUCT_DEFINITION_FORMATION_WITH_SPECIFIED_SOURCE('','',#9510,
 .NOT_KNOWN.);
#9453=PRODUCT_DEFINITION_FORMATION_WITH_SPECIFIED_SOURCE('','',#9511,
 .NOT_KNOWN.);
#9454=PRODUCT_DEFINITION_FORMATION_WITH_SPECIFIED_SOURCE('','',#9512,
 .NOT_KNOWN.);
#9455=PRODUCT_DEFINITION_FORMATION_WITH_SPECIFIED_SOURCE('','',#9513,
 .NOT_KNOWN.);
#9456=PRODUCT_DEFINITION_FORMATION_WITH_SPECIFIED_SOURCE('','',#9514,
 .NOT_KNOWN.);
#9457=PRODUCT_DEFINITION_FORMATION_WITH_SPECIFIED_SOURCE('','',#9515,
 .NOT_KNOWN.);
#9458=PRODUCT_DEFINITION_FORMATION_WITH_SPECIFIED_SOURCE('','',#9516,
 .NOT_KNOWN.);
#9459=PRODUCT_DEFINITION_FORMATION_WITH_SPECIFIED_SOURCE('','',#9517,
 .NOT_KNOWN.);
#9460=PRODUCT_DEFINITION_FORMATION_WITH_SPECIFIED_SOURCE('','',#9518,
 .NOT_KNOWN.);
#9461=PRODUCT_DEFINITION_FORMATION_WITH_SPECIFIED_SOURCE('','',#9519,
 .NOT_KNOWN.);
#9462=PRODUCT_DEFINITION_FORMATION_WITH_SPECIFIED_SOURCE('','',#9520,
 .NOT_KNOWN.);
#9463=PRODUCT_DEFINITION_FORMATION_WITH_SPECIFIED_SOURCE('','',#9521,
 .NOT_KNOWN.);
#9464=PRODUCT_DEFINITION_FORMATION_WITH_SPECIFIED_SOURCE('','',#9522,
 .NOT_KNOWN.);
#9465=PRODUCT_DEFINITION_FORMATION_WITH_SPECIFIED_SOURCE('','',#9523,
 .NOT_KNOWN.);
#9466=PRODUCT_DEFINITION_FORMATION_WITH_SPECIFIED_SOURCE('','',#9524,
 .NOT_KNOWN.);
#9467=PRODUCT_DEFINITION_FORMATION_WITH_SPECIFIED_SOURCE('','',#9525,
 .NOT_KNOWN.);
#9468=PRODUCT_DEFINITION_FORMATION_WITH_SPECIFIED_SOURCE('','',#9526,
 .NOT_KNOWN.);
#9469=PRODUCT_DEFINITION_FORMATION_WITH_SPECIFIED_SOURCE('','',#9527,
 .NOT_KNOWN.);
#9470=PRODUCT_DEFINITION_FORMATION_WITH_SPECIFIED_SOURCE('','',#9528,
 .NOT_KNOWN.);
#9471=PRODUCT_DEFINITION_FORMATION_WITH_SPECIFIED_SOURCE('','',#9529,
 .NOT_KNOWN.);
#9472=PRODUCT_DEFINITION_FORMATION_WITH_SPECIFIED_SOURCE('','',#9530,
 .NOT_KNOWN.);
#9473=PRODUCT_DEFINITION_FORMATION_WITH_SPECIFIED_SOURCE('','',#9531,
 .NOT_KNOWN.);
#9474=PRODUCT_DEFINITION_FORMATION_WITH_SPECIFIED_SOURCE('','',#9532,
 .NOT_KNOWN.);
#9475=PRODUCT_DEFINITION_FORMATION_WITH_SPECIFIED_SOURCE('','',#9533,
 .NOT_KNOWN.);
#9476=PRODUCT_DEFINITION_FORMATION_WITH_SPECIFIED_SOURCE('','',#9534,
 .NOT_KNOWN.);
#9477=PRODUCT_DEFINITION_FORMATION_WITH_SPECIFIED_SOURCE('','',#9535,
 .NOT_KNOWN.);
#9478=PRODUCT_DEFINITION_FORMATION_WITH_SPECIFIED_SOURCE('','',#9536,
 .NOT_KNOWN.);
#9479=PRODUCT_DEFINITION_FORMATION_WITH_SPECIFIED_SOURCE('','',#9537,
 .NOT_KNOWN.);
#9480=PRODUCT_DEFINITION_FORMATION_WITH_SPECIFIED_SOURCE('','',#9538,
 .NOT_KNOWN.);
#9481=PRODUCT_RELATED_PRODUCT_CATEGORY('','',(#9510));
#9482=PRODUCT_RELATED_PRODUCT_CATEGORY('','',(#9511));
#9483=PRODUCT_RELATED_PRODUCT_CATEGORY('','',(#9512));
#9484=PRODUCT_RELATED_PRODUCT_CATEGORY('','',(#9513));
#9485=PRODUCT_RELATED_PRODUCT_CATEGORY('','',(#9514));
#9486=PRODUCT_RELATED_PRODUCT_CATEGORY('','',(#9515));
#9487=PRODUCT_RELATED_PRODUCT_CATEGORY('','',(#9516));
#9488=PRODUCT_RELATED_PRODUCT_CATEGORY('','',(#9517));
#9489=PRODUCT_RELATED_PRODUCT_CATEGORY('','',(#9518));
#9490=PRODUCT_RELATED_PRODUCT_CATEGORY('','',(#9519));
#9491=PRODUCT_RELATED_PRODUCT_CATEGORY('','',(#9520));
#9492=PRODUCT_RELATED_PRODUCT_CATEGORY('','',(#9521));
#9493=PRODUCT_RELATED_PRODUCT_CATEGORY('','',(#9522));
#9494=PRODUCT_RELATED_PRODUCT_CATEGORY('','',(#9523));
#9495=PRODUCT_RELATED_PRODUCT_CATEGORY('','',(#9524));
#9496=PRODUCT_RELATED_PRODUCT_CATEGORY('','',(#9525));
#9497=PRODUCT_RELATED_PRODUCT_CATEGORY('','',(#9526));
#9498=PRODUCT_RELATED_PRODUCT_CATEGORY('','',(#9527));
#9499=PRODUCT_RELATED_PRODUCT_CATEGORY('','',(#9528));
#9500=PRODUCT_RELATED_PRODUCT_CATEGORY('','',(#9529));
#9501=PRODUCT_RELATED_PRODUCT_CATEGORY('','',(#9530));
#9502=PRODUCT_RELATED_PRODUCT_CATEGORY('','',(#9531));
#9503=PRODUCT_RELATED_PRODUCT_CATEGORY('','',(#9532));
#9504=PRODUCT_RELATED_PRODUCT_CATEGORY('','',(#9533));
#9505=PRODUCT_RELATED_PRODUCT_CATEGORY('','',(#9534));
#9506=PRODUCT_RELATED_PRODUCT_CATEGORY('','',(#9535));
#9507=PRODUCT_RELATED_PRODUCT_CATEGORY('','',(#9536));
#9508=PRODUCT_RELATED_PRODUCT_CATEGORY('','',(#9537));
#9509=PRODUCT_RELATED_PRODUCT_CATEGORY('','',(#9538));
#9510=PRODUCT('Part 28','Part 28','Part 28',(#9568));
#9511=PRODUCT('Part 18','Part 18','Part 18',(#9569));
#9512=PRODUCT('Part 27','Part 27','Part 27',(#9570));
#9513=PRODUCT('Part 6','Part 6','Part 6',(#9571));
#9514=PRODUCT('Part 19','Part 19','Part 19',(#9572));
#9515=PRODUCT('Part 7','Part 7','Part 7',(#9573));
#9516=PRODUCT('Part 20','Part 20','Part 20',(#9574));
#9517=PRODUCT('Part 8','Part 8','Part 8',(#9575));
#9518=PRODUCT('Part 26','Part 26','Part 26',(#9576));
#9519=PRODUCT('Part 21','Part 21','Part 21',(#9577));
#9520=PRODUCT('Part 9','Part 9','Part 9',(#9578));
#9521=PRODUCT('Part 24','Part 24','Part 24',(#9579));
#9522=PRODUCT('Part 22','Part 22','Part 22',(#9580));
#9523=PRODUCT('Part 10','Part 10','Part 10',(#9581));
#9524=PRODUCT('Part 25','Part 25','Part 25',(#9582));
#9525=PRODUCT('Part 23','Part 23','Part 23',(#9583));
#9526=PRODUCT('Part 29','Part 29','Part 29',(#9584));
#9527=PRODUCT('Part 11','Part 11','Part 11',(#9585));
#9528=PRODUCT('Part 1','Part 1','Part 1',(#9586));
#9529=PRODUCT('Part 12','Part 12','Part 12',(#9587));
#9530=PRODUCT('Part 2','Part 2','Part 2',(#9588));
#9531=PRODUCT('Part 13','Part 13','Part 13',(#9589));
#9532=PRODUCT('Part 3','Part 3','Part 3',(#9590));
#9533=PRODUCT('Part 14','Part 14','Part 14',(#9591));
#9534=PRODUCT('Part 4','Part 4','Part 4',(#9592));
#9535=PRODUCT('Part 15','Part 15','Part 15',(#9593));
#9536=PRODUCT('Part 5','Part 5','Part 5',(#9594));
#9537=PRODUCT('Part 16','Part 16','Part 16',(#9595));
#9538=PRODUCT('Part 17','Part 17','Part 17',(#9596));
#9539=PRODUCT_CATEGORY('','');
#9540=PRODUCT_CATEGORY('','');
#9541=PRODUCT_CATEGORY('','');
#9542=PRODUCT_CATEGORY('','');
#9543=PRODUCT_CATEGORY('','');
#9544=PRODUCT_CATEGORY('','');
#9545=PRODUCT_CATEGORY('','');
#9546=PRODUCT_CATEGORY('','');
#9547=PRODUCT_CATEGORY('','');
#9548=PRODUCT_CATEGORY('','');
#9549=PRODUCT_CATEGORY('','');
#9550=PRODUCT_CATEGORY('','');
#9551=PRODUCT_CATEGORY('','');
#9552=PRODUCT_CATEGORY('','');
#9553=PRODUCT_CATEGORY('','');
#9554=PRODUCT_CATEGORY('','');
#9555=PRODUCT_CATEGORY('','');
#9556=PRODUCT_CATEGORY('','');
#9557=PRODUCT_CATEGORY('','');
#9558=PRODUCT_CATEGORY('','');
#9559=PRODUCT_CATEGORY('','');
#9560=PRODUCT_CATEGORY('','');
#9561=PRODUCT_CATEGORY('','');
#9562=PRODUCT_CATEGORY('','');
#9563=PRODUCT_CATEGORY('','');
#9564=PRODUCT_CATEGORY('','');
#9565=PRODUCT_CATEGORY('','');
#9566=PRODUCT_CATEGORY('','');
#9567=PRODUCT_CATEGORY('','');
#9568=PRODUCT_CONTEXT('',#9626,'mechanical');
#9569=PRODUCT_CONTEXT('',#9627,'mechanical');
#9570=PRODUCT_CONTEXT('',#9628,'mechanical');
#9571=PRODUCT_CONTEXT('',#9629,'mechanical');
#9572=PRODUCT_CONTEXT('',#9630,'mechanical');
#9573=PRODUCT_CONTEXT('',#9631,'mechanical');
#9574=PRODUCT_CONTEXT('',#9632,'mechanical');
#9575=PRODUCT_CONTEXT('',#9633,'mechanical');
#9576=PRODUCT_CONTEXT('',#9634,'mechanical');
#9577=PRODUCT_CONTEXT('',#9635,'mechanical');
#9578=PRODUCT_CONTEXT('',#9636,'mechanical');
#9579=PRODUCT_CONTEXT('',#9637,'mechanical');
#9580=PRODUCT_CONTEXT('',#9638,'mechanical');
#9581=PRODUCT_CONTEXT('',#9639,'mechanical');
#9582=PRODUCT_CONTEXT('',#9640,'mechanical');
#9583=PRODUCT_CONTEXT('',#9641,'mechanical');
#9584=PRODUCT_CONTEXT('',#9642,'mechanical');
#9585=PRODUCT_CONTEXT('',#9643,'mechanical');
#9586=PRODUCT_CONTEXT('',#9644,'mechanical');
#9587=PRODUCT_CONTEXT('',#9645,'mechanical');
#9588=PRODUCT_CONTEXT('',#9646,'mechanical');
#9589=PRODUCT_CONTEXT('',#9647,'mechanical');
#9590=PRODUCT_CONTEXT('',#9648,'mechanical');
#9591=PRODUCT_CONTEXT('',#9649,'mechanical');
#9592=PRODUCT_CONTEXT('',#9650,'mechanical');
#9593=PRODUCT_CONTEXT('',#9651,'mechanical');
#9594=PRODUCT_CONTEXT('',#9652,'mechanical');
#9595=PRODUCT_CONTEXT('',#9653,'mechanical');
#9596=PRODUCT_CONTEXT('',#9654,'mechanical');
#9597=APPLICATION_PROTOCOL_DEFINITION('international standard',
'ap242_managed_model_based_3d_engineering',2020,#9626);
#9598=APPLICATION_PROTOCOL_DEFINITION('international standard',
'ap242_managed_model_based_3d_engineering',2020,#9627);
#9599=APPLICATION_PROTOCOL_DEFINITION('international standard',
'ap242_managed_model_based_3d_engineering',2020,#9628);
#9600=APPLICATION_PROTOCOL_DEFINITION('international standard',
'ap242_managed_model_based_3d_engineering',2020,#9629);
#9601=APPLICATION_PROTOCOL_DEFINITION('international standard',
'ap242_managed_model_based_3d_engineering',2020,#9630);
#9602=APPLICATION_PROTOCOL_DEFINITION('international standard',
'ap242_managed_model_based_3d_engineering',2020,#9631);
#9603=APPLICATION_PROTOCOL_DEFINITION('international standard',
'ap242_managed_model_based_3d_engineering',2020,#9632);
#9604=APPLICATION_PROTOCOL_DEFINITION('international standard',
'ap242_managed_model_based_3d_engineering',2020,#9633);
#9605=APPLICATION_PROTOCOL_DEFINITION('international standard',
'ap242_managed_model_based_3d_engineering',2020,#9634);
#9606=APPLICATION_PROTOCOL_DEFINITION('international standard',
'ap242_managed_model_based_3d_engineering',2020,#9635);
#9607=APPLICATION_PROTOCOL_DEFINITION('international standard',
'ap242_managed_model_based_3d_engineering',2020,#9636);
#9608=APPLICATION_PROTOCOL_DEFINITION('international standard',
'ap242_managed_model_based_3d_engineering',2020,#9637);
#9609=APPLICATION_PROTOCOL_DEFINITION('international standard',
'ap242_managed_model_based_3d_engineering',2020,#9638);
#9610=APPLICATION_PROTOCOL_DEFINITION('international standard',
'ap242_managed_model_based_3d_engineering',2020,#9639);
#9611=APPLICATION_PROTOCOL_DEFINITION('international standard',
'ap242_managed_model_based_3d_engineering',2020,#9640);
#9612=APPLICATION_PROTOCOL_DEFINITION('international standard',
'ap242_managed_model_based_3d_engineering',2020,#9641);
#9613=APPLICATION_PROTOCOL_DEFINITION('international standard',
'ap242_managed_model_based_3d_engineering',2020,#9642);
#9614=APPLICATION_PROTOCOL_DEFINITION('international standard',
'ap242_managed_model_based_3d_engineering',2020,#9643);
#9615=APPLICATION_PROTOCOL_DEFINITION('international standard',
'ap242_managed_model_based_3d_engineering',2020,#9644);
#9616=APPLICATION_PROTOCOL_DEFINITION('international standard',
'ap242_managed_model_based_3d_engineering',2020,#9645);
#9617=APPLICATION_PROTOCOL_DEFINITION('international standard',
'ap242_managed_model_based_3d_engineering',2020,#9646);
#9618=APPLICATION_PROTOCOL_DEFINITION('international standard',
'ap242_managed_model_based_3d_engineering',2020,#9647);
#9619=APPLICATION_PROTOCOL_DEFINITION('international standard',
'ap242_managed_model_based_3d_engineering',2020,#9648);
#9620=APPLICATION_PROTOCOL_DEFINITION('international standard',
'ap242_managed_model_based_3d_engineering',2020,#9649);
#9621=APPLICATION_PROTOCOL_DEFINITION('international standard',
'ap242_managed_model_based_3d_engineering',2020,#9650);
#9622=APPLICATION_PROTOCOL_DEFINITION('international standard',
'ap242_managed_model_based_3d_engineering',2020,#9651);
#9623=APPLICATION_PROTOCOL_DEFINITION('international standard',
'ap242_managed_model_based_3d_engineering',2020,#9652);
#9624=APPLICATION_PROTOCOL_DEFINITION('international standard',
'ap242_managed_model_based_3d_engineering',2020,#9653);
#9625=APPLICATION_PROTOCOL_DEFINITION('international standard',
'ap242_managed_model_based_3d_engineering',2020,#9654);
#9626=APPLICATION_CONTEXT('managed model based 3d engineering');
#9627=APPLICATION_CONTEXT('managed model based 3d engineering');
#9628=APPLICATION_CONTEXT('managed model based 3d engineering');
#9629=APPLICATION_CONTEXT('managed model based 3d engineering');
#9630=APPLICATION_CONTEXT('managed model based 3d engineering');
#9631=APPLICATION_CONTEXT('managed model based 3d engineering');
#9632=APPLICATION_CONTEXT('managed model based 3d engineering');
#9633=APPLICATION_CONTEXT('managed model based 3d engineering');
#9634=APPLICATION_CONTEXT('managed model based 3d engineering');
#9635=APPLICATION_CONTEXT('managed model based 3d engineering');
#9636=APPLICATION_CONTEXT('managed model based 3d engineering');
#9637=APPLICATION_CONTEXT('managed model based 3d engineering');
#9638=APPLICATION_CONTEXT('managed model based 3d engineering');
#9639=APPLICATION_CONTEXT('managed model based 3d engineering');
#9640=APPLICATION_CONTEXT('managed model based 3d engineering');
#9641=APPLICATION_CONTEXT('managed model based 3d engineering');
#9642=APPLICATION_CONTEXT('managed model based 3d engineering');
#9643=APPLICATION_CONTEXT('managed model based 3d engineering');
#9644=APPLICATION_CONTEXT('managed model based 3d engineering');
#9645=APPLICATION_CONTEXT('managed model based 3d engineering');
#9646=APPLICATION_CONTEXT('managed model based 3d engineering');
#9647=APPLICATION_CONTEXT('managed model based 3d engineering');
#9648=APPLICATION_CONTEXT('managed model based 3d engineering');
#9649=APPLICATION_CONTEXT('managed model based 3d engineering');
#9650=APPLICATION_CONTEXT('managed model based 3d engineering');
#9651=APPLICATION_CONTEXT('managed model based 3d engineering');
#9652=APPLICATION_CONTEXT('managed model based 3d engineering');
#9653=APPLICATION_CONTEXT('managed model based 3d engineering');
#9654=APPLICATION_CONTEXT('managed model based 3d engineering');
ENDSEC;
END-ISO-10303-21;
